Dependency Review	Run actions/dependency-review-action@v4	﻿2025-12-13T19:18:06.2563627Z ##[group]Run actions/dependency-review-action@v4
Dependency Review	Run actions/dependency-review-action@v4	2025-12-13T19:18:06.2563955Z with:
Dependency Review	Run actions/dependency-review-action@v4	2025-12-13T19:18:06.2564131Z   fail-on-severity: high
Dependency Review	Run actions/dependency-review-action@v4	2025-12-13T19:18:06.2564691Z   deny-licenses: GPL-3.0, AGPL-3.0
Dependency Review	Run actions/dependency-review-action@v4	2025-12-13T19:18:06.2565098Z   repo-token: ***
Dependency Review	Run actions/dependency-review-action@v4	2025-12-13T19:18:06.2565308Z ##[endgroup]
Dependency Review	Run actions/dependency-review-action@v4	2025-12-13T19:18:06.8960390Z ##[error]Dependency review is not supported on this repository. Please ensure that Dependency graph is enabled along with GitHub Advanced Security, see https://github.com/Ogabassey-Services-Limited/Baci/settings/security_analysis
CodeQL Analysis	Perform CodeQL Analysis	﻿2025-12-13T19:18:27.8513495Z ##[group]Run github/codeql-action/analyze@v4
CodeQL Analysis	Perform CodeQL Analysis	2025-12-13T19:18:27.8513755Z with:
CodeQL Analysis	Perform CodeQL Analysis	2025-12-13T19:18:27.8513956Z   category: /language:javascript-typescript
CodeQL Analysis	Perform CodeQL Analysis	2025-12-13T19:18:27.8514189Z   output: ../results
CodeQL Analysis	Perform CodeQL Analysis	2025-12-13T19:18:27.8514378Z   upload: always
CodeQL Analysis	Perform CodeQL Analysis	2025-12-13T19:18:27.8514551Z   skip-queries: false
CodeQL Analysis	Perform CodeQL Analysis	2025-12-13T19:18:27.8514762Z   checkout_path: /home/runner/work/Baci/Baci
CodeQL Analysis	Perform CodeQL Analysis	2025-12-13T19:18:27.8515002Z   upload-database: true
CodeQL Analysis	Perform CodeQL Analysis	2025-12-13T19:18:27.8515192Z   wait-for-processing: true
CodeQL Analysis	Perform CodeQL Analysis	2025-12-13T19:18:27.8515551Z   token: ***
CodeQL Analysis	Perform CodeQL Analysis	2025-12-13T19:18:27.8515708Z   matrix: null
CodeQL Analysis	Perform CodeQL Analysis	2025-12-13T19:18:27.8515880Z   expect-error: false
CodeQL Analysis	Perform CodeQL Analysis	2025-12-13T19:18:27.8516049Z env:
CodeQL Analysis	Perform CodeQL Analysis	2025-12-13T19:18:27.8516229Z   CODEQL_ACTION_FEATURE_MULTI_LANGUAGE: false
CodeQL Analysis	Perform CodeQL Analysis	2025-12-13T19:18:27.8516479Z   CODEQL_ACTION_FEATURE_SANDWICH: false
CodeQL Analysis	Perform CodeQL Analysis	2025-12-13T19:18:27.8516724Z   CODEQL_ACTION_FEATURE_SARIF_COMBINE: true
CodeQL Analysis	Perform CodeQL Analysis	2025-12-13T19:18:27.8516992Z   CODEQL_ACTION_FEATURE_WILL_UPLOAD: true
CodeQL Analysis	Perform CodeQL Analysis	2025-12-13T19:18:27.8517222Z   CODEQL_ACTION_VERSION: 4.31.8
CodeQL Analysis	Perform CodeQL Analysis	2025-12-13T19:18:27.8517507Z   JOB_RUN_UUID: 79d15576-8a2f-4910-b899-0adc90c0f77c
CodeQL Analysis	Perform CodeQL Analysis	2025-12-13T19:18:27.8517759Z   CODEQL_ACTION_INIT_HAS_RUN: true
CodeQL Analysis	Perform CodeQL Analysis	2025-12-13T19:18:27.8518057Z   CODEQL_ACTION_ANALYSIS_KEY: .github/workflows/security.yml:codeql
CodeQL Analysis	Perform CodeQL Analysis	2025-12-13T19:18:27.8518395Z   CODEQL_WORKFLOW_STARTED_AT: 2025-12-13T19:18:06.692Z
CodeQL Analysis	Perform CodeQL Analysis	2025-12-13T19:18:27.8518639Z   CODEQL_RAM: 6919
CodeQL Analysis	Perform CodeQL Analysis	2025-12-13T19:18:27.8518804Z   CODEQL_THREADS: 2
CodeQL Analysis	Perform CodeQL Analysis	2025-12-13T19:18:27.8518982Z ##[endgroup]
CodeQL Analysis	Perform CodeQL Analysis	2025-12-13T19:18:29.2125532Z While resolving threads, found a cgroup CPUs file with 2 CPUs in /sys/fs/cgroup/cpuset.cpus.effective.
CodeQL Analysis	Perform CodeQL Analysis	2025-12-13T19:18:29.2162930Z ##[group]Generating diff range extension pack
CodeQL Analysis	Perform CodeQL Analysis	2025-12-13T19:18:29.2163866Z Calculating diff ranges for main...Ogabassey-Services-Limited:perf/lcp-fixes
CodeQL Analysis	Perform CodeQL Analysis	2025-12-13T19:18:29.9041178Z ##[warning]Cannot retrieve the full diff because there are too many (300) changed files in the pull request.
CodeQL Analysis	Perform CodeQL Analysis	2025-12-13T19:18:29.9054623Z ##[warning]Cannot create diff range extension pack for diff-informed queries; reverting to performing full analysis.
CodeQL Analysis	Perform CodeQL Analysis	2025-12-13T19:18:29.9056602Z ##[endgroup]
CodeQL Analysis	Perform CodeQL Analysis	2025-12-13T19:18:31.0309808Z ##[group]Extracting javascript
CodeQL Analysis	Perform CodeQL Analysis	2025-12-13T19:18:31.0312073Z [command]/opt/hostedtoolcache/CodeQL/2.23.6/x64/codeql/codeql database trace-command --index-traceless-dbs /home/runner/work/_temp/codeql_databases/javascript
CodeQL Analysis	Perform CodeQL Analysis	2025-12-13T19:18:32.0476656Z Running command in /home/runner/work/Baci/Baci: [/opt/hostedtoolcache/CodeQL/2.23.6/x64/codeql/javascript/tools/autobuild.sh]
CodeQL Analysis	Perform CodeQL Analysis	2025-12-13T19:18:32.3325631Z [2025-12-13 19:18:32] [build-stdout] Parallel extraction with 2 threads.
CodeQL Analysis	Perform CodeQL Analysis	2025-12-13T19:18:32.7118726Z [2025-12-13 19:18:32] [build-stdout] package.json: Main file not found
CodeQL Analysis	Perform CodeQL Analysis	2025-12-13T19:18:32.7380074Z [2025-12-13 19:18:32] [build-stdout] Extracting /home/runner/work/Baci/Baci/public/email-signature.html
CodeQL Analysis	Perform CodeQL Analysis	2025-12-13T19:18:32.7428037Z [2025-12-13 19:18:32] [build-stdout] Extracting /home/runner/work/Baci/Baci/public/instagram-post-capi-launch.html
CodeQL Analysis	Perform CodeQL Analysis	2025-12-13T19:18:32.8930648Z [2025-12-13 19:18:32] [build-stdout] Done extracting /home/runner/work/Baci/Baci/public/email-signature.html (149 ms)
CodeQL Analysis	Perform CodeQL Analysis	2025-12-13T19:18:32.8950290Z [2025-12-13 19:18:32] [build-stdout] Extracting /home/runner/work/Baci/Baci/public/logo_refinement_v2.html
CodeQL Analysis	Perform CodeQL Analysis	2025-12-13T19:18:32.8985071Z [2025-12-13 19:18:32] [build-stdout] Done extracting /home/runner/work/Baci/Baci/public/instagram-post-capi-launch.html (158 ms)
CodeQL Analysis	Perform CodeQL Analysis	2025-12-13T19:18:32.8986449Z [2025-12-13 19:18:32] [build-stdout] Extracting /home/runner/work/Baci/Baci/public/logo_tweak_preview.html
CodeQL Analysis	Perform CodeQL Analysis	2025-12-13T19:18:32.9273648Z [2025-12-13 19:18:32] [build-stdout] Done extracting /home/runner/work/Baci/Baci/public/logo_tweak_preview.html (29 ms)
CodeQL Analysis	Perform CodeQL Analysis	2025-12-13T19:18:32.9360684Z [2025-12-13 19:18:32] [build-stdout] Done extracting /home/runner/work/Baci/Baci/public/logo_refinement_v2.html (37 ms)
CodeQL Analysis	Perform CodeQL Analysis	2025-12-13T19:18:33.0620562Z [2025-12-13 19:18:33] [build-stdout] Found Node.js at: node
CodeQL Analysis	Perform CodeQL Analysis	2025-12-13T19:18:33.0623753Z [2025-12-13 19:18:33] [build-stdout] Found Node.js version: v20.19.6
CodeQL Analysis	Perform CodeQL Analysis	2025-12-13T19:18:33.0730505Z [2025-12-13 19:18:33] [build-stdout] Memory for TypeScript process: 3459 MB, and 400 MB reserve
CodeQL Analysis	Perform CodeQL Analysis	2025-12-13T19:18:33.4270800Z [2025-12-13 19:18:33] [build-stdout] Extracting /home/runner/work/Baci/Baci/src/app/(storefront)/[slug]/account/orders/[orderId]/insurance/page.tsx
CodeQL Analysis	Perform CodeQL Analysis	2025-12-13T19:18:33.7630884Z [2025-12-13 19:18:33] [build-stdout] Done extracting /home/runner/work/Baci/Baci/src/app/(storefront)/[slug]/account/orders/[orderId]/insurance/page.tsx (341 ms)
CodeQL Analysis	Perform CodeQL Analysis	2025-12-13T19:18:33.7663813Z [2025-12-13 19:18:33] [build-stdout] Extracting /home/runner/work/Baci/Baci/src/app/api/merchant/blog/posts/[id]/route.ts
CodeQL Analysis	Perform CodeQL Analysis	2025-12-13T19:18:33.9177020Z [2025-12-13 19:18:33] [build-stdout] Done extracting /home/runner/work/Baci/Baci/src/app/api/merchant/blog/posts/[id]/route.ts (152 ms)
CodeQL Analysis	Perform CodeQL Analysis	2025-12-13T19:18:33.9194980Z [2025-12-13 19:18:33] [build-stdout] Extracting /home/runner/work/Baci/Baci/src/app/(storefront)/[slug]/[category]/[productSlug]/loading.tsx
CodeQL Analysis	Perform CodeQL Analysis	2025-12-13T19:18:33.9400936Z [2025-12-13 19:18:33] [build-stdout] Done extracting /home/runner/work/Baci/Baci/src/app/(storefront)/[slug]/[category]/[productSlug]/loading.tsx (17 ms)
CodeQL Analysis	Perform CodeQL Analysis	2025-12-13T19:18:33.9402883Z [2025-12-13 19:18:33] [build-stdout] Extracting /home/runner/work/Baci/Baci/src/app/(storefront)/[slug]/[category]/[productSlug]/opengraph-image.tsx
CodeQL Analysis	Perform CodeQL Analysis	2025-12-13T19:18:34.1325514Z [2025-12-13 19:18:34] [build-stdout] Done extracting /home/runner/work/Baci/Baci/src/app/(storefront)/[slug]/[category]/[productSlug]/opengraph-image.tsx (197 ms)
CodeQL Analysis	Perform CodeQL Analysis	2025-12-13T19:18:34.1335316Z [2025-12-13 19:18:34] [build-stdout] Extracting /home/runner/work/Baci/Baci/src/app/(storefront)/[slug]/[category]/[productSlug]/page.tsx
CodeQL Analysis	Perform CodeQL Analysis	2025-12-13T19:18:34.3632793Z [2025-12-13 19:18:34] [build-stdout] Done extracting /home/runner/work/Baci/Baci/src/app/(storefront)/[slug]/[category]/[productSlug]/page.tsx (227 ms)
CodeQL Analysis	Perform CodeQL Analysis	2025-12-13T19:18:34.3634250Z [2025-12-13 19:18:34] [build-stdout] Extracting /home/runner/work/Baci/Baci/src/app/(storefront)/[slug]/account/addresses/page.tsx
CodeQL Analysis	Perform CodeQL Analysis	2025-12-13T19:18:34.5102280Z [2025-12-13 19:18:34] [build-stdout] Done extracting /home/runner/work/Baci/Baci/src/app/(storefront)/[slug]/account/addresses/page.tsx (146 ms)
CodeQL Analysis	Perform CodeQL Analysis	2025-12-13T19:18:34.5103814Z [2025-12-13 19:18:34] [build-stdout] Extracting /home/runner/work/Baci/Baci/src/app/(storefront)/[slug]/account/login/page.tsx
CodeQL Analysis	Perform CodeQL Analysis	2025-12-13T19:18:34.6350842Z [2025-12-13 19:18:34] [build-stdout] Done extracting /home/runner/work/Baci/Baci/src/app/(storefront)/[slug]/account/login/page.tsx (124 ms)
CodeQL Analysis	Perform CodeQL Analysis	2025-12-13T19:18:34.6352198Z [2025-12-13 19:18:34] [build-stdout] Extracting /home/runner/work/Baci/Baci/src/app/(storefront)/[slug]/account/orders/page.tsx
CodeQL Analysis	Perform CodeQL Analysis	2025-12-13T19:18:34.7052028Z [2025-12-13 19:18:34] [build-stdout] Done extracting /home/runner/work/Baci/Baci/src/app/(storefront)/[slug]/account/orders/page.tsx (70 ms)
CodeQL Analysis	Perform CodeQL Analysis	2025-12-13T19:18:34.7053430Z [2025-12-13 19:18:34] [build-stdout] Extracting /home/runner/work/Baci/Baci/src/app/(storefront)/[slug]/account/settings/page.tsx
CodeQL Analysis	Perform CodeQL Analysis	2025-12-13T19:18:34.7956976Z [2025-12-13 19:18:34] [build-stdout] Done extracting /home/runner/work/Baci/Baci/src/app/(storefront)/[slug]/account/settings/page.tsx (89 ms)
CodeQL Analysis	Perform CodeQL Analysis	2025-12-13T19:18:34.7971411Z [2025-12-13 19:18:34] [build-stdout] Extracting /home/runner/work/Baci/Baci/src/app/(storefront)/[slug]/checkout/success/page.tsx
CodeQL Analysis	Perform CodeQL Analysis	2025-12-13T19:18:34.8767638Z [2025-12-13 19:18:34] [build-stdout] Done extracting /home/runner/work/Baci/Baci/src/app/(storefront)/[slug]/checkout/success/page.tsx (78 ms)
CodeQL Analysis	Perform CodeQL Analysis	2025-12-13T19:18:34.8784001Z [2025-12-13 19:18:34] [build-stdout] Extracting /home/runner/work/Baci/Baci/src/app/(storefront)/[slug]/orders/track/page.tsx
CodeQL Analysis	Perform CodeQL Analysis	2025-12-13T19:18:35.0284863Z [2025-12-13 19:18:35] [build-stdout] Done extracting /home/runner/work/Baci/Baci/src/app/(storefront)/[slug]/orders/track/page.tsx (154 ms)
CodeQL Analysis	Perform CodeQL Analysis	2025-12-13T19:18:35.0309582Z [2025-12-13 19:18:35] [build-stdout] Extracting /home/runner/work/Baci/Baci/src/app/(storefront)/[slug]/pages/about/about-page-client.tsx
CodeQL Analysis	Perform CodeQL Analysis	2025-12-13T19:18:35.1336028Z [2025-12-13 19:18:35] [build-stdout] Done extracting /home/runner/work/Baci/Baci/src/app/(storefront)/[slug]/pages/about/about-page-client.tsx (103 ms)
CodeQL Analysis	Perform CodeQL Analysis	2025-12-13T19:18:35.1363017Z [2025-12-13 19:18:35] [build-stdout] Extracting /home/runner/work/Baci/Baci/src/app/(storefront)/[slug]/pages/about/page.tsx
CodeQL Analysis	Perform CodeQL Analysis	2025-12-13T19:18:35.1706554Z [2025-12-13 19:18:35] [build-stdout] Done extracting /home/runner/work/Baci/Baci/src/app/(storefront)/[slug]/pages/about/page.tsx (34 ms)
CodeQL Analysis	Perform CodeQL Analysis	2025-12-13T19:18:35.1707869Z [2025-12-13 19:18:35] [build-stdout] Extracting /home/runner/work/Baci/Baci/src/app/(storefront)/[slug]/pages/blog/page.tsx
CodeQL Analysis	Perform CodeQL Analysis	2025-12-13T19:18:35.2046025Z [2025-12-13 19:18:35] [build-stdout] Done extracting /home/runner/work/Baci/Baci/src/app/(storefront)/[slug]/pages/blog/page.tsx (32 ms)
CodeQL Analysis	Perform CodeQL Analysis	2025-12-13T19:18:35.2047448Z [2025-12-13 19:18:35] [build-stdout] Extracting /home/runner/work/Baci/Baci/src/app/(storefront)/[slug]/pages/contact/contact-page-client.tsx
CodeQL Analysis	Perform CodeQL Analysis	2025-12-13T19:18:35.2804384Z [2025-12-13 19:18:35] [build-stdout] Done extracting /home/runner/work/Baci/Baci/src/app/(storefront)/[slug]/pages/contact/contact-page-client.tsx (77 ms)
CodeQL Analysis	Perform CodeQL Analysis	2025-12-13T19:18:35.2805890Z [2025-12-13 19:18:35] [build-stdout] Extracting /home/runner/work/Baci/Baci/src/app/(storefront)/[slug]/pages/contact/page.tsx
CodeQL Analysis	Perform CodeQL Analysis	2025-12-13T19:18:35.3252493Z [2025-12-13 19:18:35] [build-stdout] Done extracting /home/runner/work/Baci/Baci/src/app/(storefront)/[slug]/pages/contact/page.tsx (43 ms)
CodeQL Analysis	Perform CodeQL Analysis	2025-12-13T19:18:35.3253931Z [2025-12-13 19:18:35] [build-stdout] Extracting /home/runner/work/Baci/Baci/src/app/(storefront)/[slug]/pages/faq/faq-page-client.tsx
CodeQL Analysis	Perform CodeQL Analysis	2025-12-13T19:18:35.3714434Z [2025-12-13 19:18:35] [build-stdout] Done extracting /home/runner/work/Baci/Baci/src/app/(storefront)/[slug]/pages/faq/faq-page-client.tsx (45 ms)
CodeQL Analysis	Perform CodeQL Analysis	2025-12-13T19:18:35.3716987Z [2025-12-13 19:18:35] [build-stdout] Extracting /home/runner/work/Baci/Baci/src/app/(storefront)/[slug]/pages/faq/page.tsx
CodeQL Analysis	Perform CodeQL Analysis	2025-12-13T19:18:35.4040507Z [2025-12-13 19:18:35] [build-stdout] Done extracting /home/runner/work/Baci/Baci/src/app/(storefront)/[slug]/pages/faq/page.tsx (31 ms)
CodeQL Analysis	Perform CodeQL Analysis	2025-12-13T19:18:35.4042334Z [2025-12-13 19:18:35] [build-stdout] Extracting /home/runner/work/Baci/Baci/src/app/(storefront)/[slug]/pages/privacy/page.tsx
CodeQL Analysis	Perform CodeQL Analysis	2025-12-13T19:18:35.4325036Z [2025-12-13 19:18:35] [build-stdout] Done extracting /home/runner/work/Baci/Baci/src/app/(storefront)/[slug]/pages/privacy/page.tsx (30 ms)
CodeQL Analysis	Perform CodeQL Analysis	2025-12-13T19:18:35.4330543Z [2025-12-13 19:18:35] [build-stdout] Extracting /home/runner/work/Baci/Baci/src/app/(storefront)/[slug]/pages/privacy/privacy-page-client.tsx
CodeQL Analysis	Perform CodeQL Analysis	2025-12-13T19:18:35.4824928Z [2025-12-13 19:18:35] [build-stdout] Done extracting /home/runner/work/Baci/Baci/src/app/(storefront)/[slug]/pages/privacy/privacy-page-client.tsx (50 ms)
CodeQL Analysis	Perform CodeQL Analysis	2025-12-13T19:18:35.4826379Z [2025-12-13 19:18:35] [build-stdout] Extracting /home/runner/work/Baci/Baci/src/app/(storefront)/[slug]/pages/rewards/page.tsx
CodeQL Analysis	Perform CodeQL Analysis	2025-12-13T19:18:35.5656361Z [2025-12-13 19:18:35] [build-stdout] Done extracting /home/runner/work/Baci/Baci/src/app/(storefront)/[slug]/pages/rewards/page.tsx (83 ms)
CodeQL Analysis	Perform CodeQL Analysis	2025-12-13T19:18:35.5660044Z [2025-12-13 19:18:35] [build-stdout] Extracting /home/runner/work/Baci/Baci/src/app/(storefront)/[slug]/pages/terms/page.tsx
CodeQL Analysis	Perform CodeQL Analysis	2025-12-13T19:18:35.5903453Z [2025-12-13 19:18:35] [build-stdout] Done extracting /home/runner/work/Baci/Baci/src/app/(storefront)/[slug]/pages/terms/page.tsx (24 ms)
CodeQL Analysis	Perform CodeQL Analysis	2025-12-13T19:18:35.5917271Z [2025-12-13 19:18:35] [build-stdout] Extracting /home/runner/work/Baci/Baci/src/app/(storefront)/[slug]/pages/terms/terms-page-client.tsx
CodeQL Analysis	Perform CodeQL Analysis	2025-12-13T19:18:35.6208242Z [2025-12-13 19:18:35] [build-stdout] Done extracting /home/runner/work/Baci/Baci/src/app/(storefront)/[slug]/pages/terms/terms-page-client.tsx (28 ms)
CodeQL Analysis	Perform CodeQL Analysis	2025-12-13T19:18:35.6213177Z [2025-12-13 19:18:35] [build-stdout] Extracting /home/runner/work/Baci/Baci/src/app/(storefront)/[slug]/products/[productSlug]/loading.tsx
CodeQL Analysis	Perform CodeQL Analysis	2025-12-13T19:18:35.6410437Z [2025-12-13 19:18:35] [build-stdout] Done extracting /home/runner/work/Baci/Baci/src/app/(storefront)/[slug]/products/[productSlug]/loading.tsx (12 ms)
CodeQL Analysis	Perform CodeQL Analysis	2025-12-13T19:18:35.6412157Z [2025-12-13 19:18:35] [build-stdout] Extracting /home/runner/work/Baci/Baci/src/app/(storefront)/[slug]/products/[productSlug]/opengraph-image.tsx
CodeQL Analysis	Perform CodeQL Analysis	2025-12-13T19:18:35.7352734Z [2025-12-13 19:18:35] [build-stdout] Done extracting /home/runner/work/Baci/Baci/src/app/(storefront)/[slug]/products/[productSlug]/opengraph-image.tsx (97 ms)
CodeQL Analysis	Perform CodeQL Analysis	2025-12-13T19:18:35.7354439Z [2025-12-13 19:18:35] [build-stdout] Extracting /home/runner/work/Baci/Baci/src/app/(storefront)/[slug]/products/[productSlug]/page.tsx
CodeQL Analysis	Perform CodeQL Analysis	2025-12-13T19:18:35.8917102Z [2025-12-13 19:18:35] [build-stdout] Done extracting /home/runner/work/Baci/Baci/src/app/(storefront)/[slug]/products/[productSlug]/page.tsx (157 ms)
CodeQL Analysis	Perform CodeQL Analysis	2025-12-13T19:18:35.8918501Z [2025-12-13 19:18:35] [build-stdout] Extracting /home/runner/work/Baci/Baci/src/app/(storefront)/[slug]/products/[productSlug]/product-detail-client.tsx
CodeQL Analysis	Perform CodeQL Analysis	2025-12-13T19:18:36.0653717Z [2025-12-13 19:18:36] [build-stdout] Done extracting /home/runner/work/Baci/Baci/src/app/(storefront)/[slug]/products/[productSlug]/product-detail-client.tsx (173 ms)
CodeQL Analysis	Perform CodeQL Analysis	2025-12-13T19:18:36.0658329Z [2025-12-13 19:18:36] [build-stdout] Extracting /home/runner/work/Baci/Baci/src/app/api/admin/notifications/[id]/route.ts
CodeQL Analysis	Perform CodeQL Analysis	2025-12-13T19:18:36.1362951Z [2025-12-13 19:18:36] [build-stdout] Done extracting /home/runner/work/Baci/Baci/src/app/api/admin/notifications/[id]/route.ts (71 ms)
CodeQL Analysis	Perform CodeQL Analysis	2025-12-13T19:18:36.1369892Z [2025-12-13 19:18:36] [build-stdout] Extracting /home/runner/work/Baci/Baci/src/app/api/blog/feed/[merchantSlug]/route.ts
CodeQL Analysis	Perform CodeQL Analysis	2025-12-13T19:18:36.2002847Z [2025-12-13 19:18:36] [build-stdout] Done extracting /home/runner/work/Baci/Baci/src/app/api/blog/feed/[merchantSlug]/route.ts (63 ms)
CodeQL Analysis	Perform CodeQL Analysis	2025-12-13T19:18:36.2005481Z [2025-12-13 19:18:36] [build-stdout] Extracting /home/runner/work/Baci/Baci/src/app/api/customers/[id]/orders/route.ts
CodeQL Analysis	Perform CodeQL Analysis	2025-12-13T19:18:36.2308322Z [2025-12-13 19:18:36] [build-stdout] Done extracting /home/runner/work/Baci/Baci/src/app/api/customers/[id]/orders/route.ts (29 ms)
CodeQL Analysis	Perform CodeQL Analysis	2025-12-13T19:18:36.2321984Z [2025-12-13 19:18:36] [build-stdout] Extracting /home/runner/work/Baci/Baci/src/app/api/customers/segments/[customerId]/route.ts
CodeQL Analysis	Perform CodeQL Analysis	2025-12-13T19:18:36.2715906Z [2025-12-13 19:18:36] [build-stdout] Done extracting /home/runner/work/Baci/Baci/src/app/api/customers/segments/[customerId]/route.ts (39 ms)
CodeQL Analysis	Perform CodeQL Analysis	2025-12-13T19:18:36.2718524Z [2025-12-13 19:18:36] [build-stdout] Extracting /home/runner/work/Baci/Baci/src/app/api/domains/[domain]/dns/route.ts
CodeQL Analysis	Perform CodeQL Analysis	2025-12-13T19:18:36.3154929Z [2025-12-13 19:18:36] [build-stdout] Done extracting /home/runner/work/Baci/Baci/src/app/api/domains/[domain]/dns/route.ts (43 ms)
CodeQL Analysis	Perform CodeQL Analysis	2025-12-13T19:18:36.3164798Z [2025-12-13 19:18:36] [build-stdout] Extracting /home/runner/work/Baci/Baci/src/app/api/domains/[domain]/email-forwarding/route.ts
CodeQL Analysis	Perform CodeQL Analysis	2025-12-13T19:18:36.3660673Z [2025-12-13 19:18:36] [build-stdout] Done extracting /home/runner/work/Baci/Baci/src/app/api/domains/[domain]/email-forwarding/route.ts (45 ms)
CodeQL Analysis	Perform CodeQL Analysis	2025-12-13T19:18:36.3662713Z [2025-12-13 19:18:36] [build-stdout] Extracting /home/runner/work/Baci/Baci/src/app/api/domains/[domain]/id-protection/route.ts
CodeQL Analysis	Perform CodeQL Analysis	2025-12-13T19:18:36.4037610Z [2025-12-13 19:18:36] [build-stdout] Done extracting /home/runner/work/Baci/Baci/src/app/api/domains/[domain]/id-protection/route.ts (41 ms)
CodeQL Analysis	Perform CodeQL Analysis	2025-12-13T19:18:36.4050847Z [2025-12-13 19:18:36] [build-stdout] Extracting /home/runner/work/Baci/Baci/src/app/api/domains/[domain]/verify/route.ts
CodeQL Analysis	Perform CodeQL Analysis	2025-12-13T19:18:36.4412835Z [2025-12-13 19:18:36] [build-stdout] Done extracting /home/runner/work/Baci/Baci/src/app/api/domains/[domain]/verify/route.ts (34 ms)
CodeQL Analysis	Perform CodeQL Analysis	2025-12-13T19:18:36.4414354Z [2025-12-13 19:18:36] [build-stdout] Extracting /home/runner/work/Baci/Baci/src/app/api/insurance/claims/sync/route.ts
CodeQL Analysis	Perform CodeQL Analysis	2025-12-13T19:18:36.4518632Z [2025-12-13 19:18:36] [build-stdout] Done extracting /home/runner/work/Baci/Baci/src/app/api/insurance/claims/sync/route.ts (12 ms)
CodeQL Analysis	Perform CodeQL Analysis	2025-12-13T19:18:36.4520326Z [2025-12-13 19:18:36] [build-stdout] Extracting /home/runner/work/Baci/Baci/src/app/api/insurance/policy/[orderId]/route.ts
CodeQL Analysis	Perform CodeQL Analysis	2025-12-13T19:18:36.4618167Z [2025-12-13 19:18:36] [build-stdout] Done extracting /home/runner/work/Baci/Baci/src/app/api/insurance/policy/[orderId]/route.ts (10 ms)
CodeQL Analysis	Perform CodeQL Analysis	2025-12-13T19:18:36.4637998Z [2025-12-13 19:18:36] [build-stdout] Extracting /home/runner/work/Baci/Baci/src/app/api/integrations/google-merchant-center/auth/route.ts
CodeQL Analysis	Perform CodeQL Analysis	2025-12-13T19:18:36.4743451Z [2025-12-13 19:18:36] [build-stdout] Done extracting /home/runner/work/Baci/Baci/src/app/api/integrations/google-merchant-center/auth/route.ts (9 ms)
CodeQL Analysis	Perform CodeQL Analysis	2025-12-13T19:18:36.4747169Z [2025-12-13 19:18:36] [build-stdout] Extracting /home/runner/work/Baci/Baci/src/app/api/integrations/google-merchant-center/feed/route.ts
CodeQL Analysis	Perform CodeQL Analysis	2025-12-13T19:18:36.4901035Z [2025-12-13 19:18:36] [build-stdout] Done extracting /home/runner/work/Baci/Baci/src/app/api/integrations/google-merchant-center/feed/route.ts (18 ms)
CodeQL Analysis	Perform CodeQL Analysis	2025-12-13T19:18:36.4905455Z [2025-12-13 19:18:36] [build-stdout] Extracting /home/runner/work/Baci/Baci/src/app/api/integrations/google-merchant-center/webhook/route.ts
CodeQL Analysis	Perform CodeQL Analysis	2025-12-13T19:18:36.4999344Z [2025-12-13 19:18:36] [build-stdout] Done extracting /home/runner/work/Baci/Baci/src/app/api/integrations/google-merchant-center/webhook/route.ts (5 ms)
CodeQL Analysis	Perform CodeQL Analysis	2025-12-13T19:18:36.5003384Z [2025-12-13 19:18:36] [build-stdout] Extracting /home/runner/work/Baci/Baci/src/app/api/loyalty/rewards/[id]/route.ts
CodeQL Analysis	Perform CodeQL Analysis	2025-12-13T19:18:36.5730753Z [2025-12-13 19:18:36] [build-stdout] Done extracting /home/runner/work/Baci/Baci/src/app/api/loyalty/rewards/[id]/route.ts (73 ms)
CodeQL Analysis	Perform CodeQL Analysis	2025-12-13T19:18:36.5733800Z [2025-12-13 19:18:36] [build-stdout] Extracting /home/runner/work/Baci/Baci/src/app/api/merchant/blog/posts/route.ts
CodeQL Analysis	Perform CodeQL Analysis	2025-12-13T19:18:36.6777149Z [2025-12-13 19:18:36] [build-stdout] Done extracting /home/runner/work/Baci/Baci/src/app/api/merchant/blog/posts/route.ts (104 ms)
CodeQL Analysis	Perform CodeQL Analysis	2025-12-13T19:18:36.6778808Z [2025-12-13 19:18:36] [build-stdout] Extracting /home/runner/work/Baci/Baci/src/app/api/merchant/blog/upload/route.ts
CodeQL Analysis	Perform CodeQL Analysis	2025-12-13T19:18:36.7222340Z [2025-12-13 19:18:36] [build-stdout] Done extracting /home/runner/work/Baci/Baci/src/app/api/merchant/blog/upload/route.ts (39 ms)
CodeQL Analysis	Perform CodeQL Analysis	2025-12-13T19:18:36.7223689Z [2025-12-13 19:18:36] [build-stdout] Extracting /home/runner/work/Baci/Baci/src/app/api/orders/[id]/confirm/route.ts
CodeQL Analysis	Perform CodeQL Analysis	2025-12-13T19:18:36.7505335Z [2025-12-13 19:18:36] [build-stdout] Done extracting /home/runner/work/Baci/Baci/src/app/api/orders/[id]/confirm/route.ts (32 ms)
CodeQL Analysis	Perform CodeQL Analysis	2025-12-13T19:18:36.7511685Z [2025-12-13 19:18:36] [build-stdout] Extracting /home/runner/work/Baci/Baci/src/app/api/orders/[id]/invoice/route.ts
CodeQL Analysis	Perform CodeQL Analysis	2025-12-13T19:18:36.8131858Z [2025-12-13 19:18:36] [build-stdout] Done extracting /home/runner/work/Baci/Baci/src/app/api/orders/[id]/invoice/route.ts (61 ms)
CodeQL Analysis	Perform CodeQL Analysis	2025-12-13T19:18:36.8170630Z [2025-12-13 19:18:36] [build-stdout] Extracting /home/runner/work/Baci/Baci/src/app/api/payments/credit-direct/sign/route.ts
CodeQL Analysis	Perform CodeQL Analysis	2025-12-13T19:18:36.8549870Z [2025-12-13 19:18:36] [build-stdout] Done extracting /home/runner/work/Baci/Baci/src/app/api/payments/credit-direct/sign/route.ts (43 ms)
CodeQL Analysis	Perform CodeQL Analysis	2025-12-13T19:18:36.8554990Z [2025-12-13 19:18:36] [build-stdout] Extracting /home/runner/work/Baci/Baci/src/app/api/payments/credit-direct/webhook/route.ts
CodeQL Analysis	Perform CodeQL Analysis	2025-12-13T19:18:36.9179499Z [2025-12-13 19:18:36] [build-stdout] Done extracting /home/runner/work/Baci/Baci/src/app/api/payments/credit-direct/webhook/route.ts (61 ms)
CodeQL Analysis	Perform CodeQL Analysis	2025-12-13T19:18:36.9185177Z [2025-12-13 19:18:36] [build-stdout] Extracting /home/runner/work/Baci/Baci/src/app/api/reviews/[id]/helpful/route.ts
CodeQL Analysis	Perform CodeQL Analysis	2025-12-13T19:18:36.9426766Z [2025-12-13 19:18:36] [build-stdout] Done extracting /home/runner/work/Baci/Baci/src/app/api/reviews/[id]/helpful/route.ts (24 ms)
CodeQL Analysis	Perform CodeQL Analysis	2025-12-13T19:18:36.9428461Z [2025-12-13 19:18:36] [build-stdout] Extracting /home/runner/work/Baci/Baci/src/app/api/shipping/cancel/[shipmentId]/route.ts
CodeQL Analysis	Perform CodeQL Analysis	2025-12-13T19:18:36.9747553Z [2025-12-13 19:18:36] [build-stdout] Done extracting /home/runner/work/Baci/Baci/src/app/api/shipping/cancel/[shipmentId]/route.ts (31 ms)
CodeQL Analysis	Perform CodeQL Analysis	2025-12-13T19:18:36.9749416Z [2025-12-13 19:18:36] [build-stdout] Extracting /home/runner/work/Baci/Baci/src/app/api/shipping/track/[trackingNumber]/route.ts
CodeQL Analysis	Perform CodeQL Analysis	2025-12-13T19:18:37.0003087Z [2025-12-13 19:18:36] [build-stdout] Done extracting /home/runner/work/Baci/Baci/src/app/api/shipping/track/[trackingNumber]/route.ts (26 ms)
CodeQL Analysis	Perform CodeQL Analysis	2025-12-13T19:18:37.0008342Z [2025-12-13 19:18:37] [build-stdout] Extracting /home/runner/work/Baci/Baci/src/app/api/shipping/webhooks/[provider]/route.ts
CodeQL Analysis	Perform CodeQL Analysis	2025-12-13T19:18:37.0666466Z [2025-12-13 19:18:37] [build-stdout] Done extracting /home/runner/work/Baci/Baci/src/app/api/shipping/webhooks/[provider]/route.ts (65 ms)
CodeQL Analysis	Perform CodeQL Analysis	2025-12-13T19:18:37.0690476Z [2025-12-13 19:18:37] [build-stdout] Extracting /home/runner/work/Baci/Baci/src/app/api/storefront/[slug]/products/route.ts
CodeQL Analysis	Perform CodeQL Analysis	2025-12-13T19:18:37.0945884Z [2025-12-13 19:18:37] [build-stdout] Done extracting /home/runner/work/Baci/Baci/src/app/api/storefront/[slug]/products/route.ts (27 ms)
CodeQL Analysis	Perform CodeQL Analysis	2025-12-13T19:18:37.0948171Z [2025-12-13 19:18:37] [build-stdout] Extracting /home/runner/work/Baci/Baci/src/app/api/storefront/auth/google/route.ts
CodeQL Analysis	Perform CodeQL Analysis	2025-12-13T19:18:37.1071449Z [2025-12-13 19:18:37] [build-stdout] Done extracting /home/runner/work/Baci/Baci/src/app/api/storefront/auth/google/route.ts (12 ms)
CodeQL Analysis	Perform CodeQL Analysis	2025-12-13T19:18:37.1073735Z [2025-12-13 19:18:37] [build-stdout] Extracting /home/runner/work/Baci/Baci/src/app/api/storefront/auth/logout/route.ts
CodeQL Analysis	Perform CodeQL Analysis	2025-12-13T19:18:37.1145322Z [2025-12-13 19:18:37] [build-stdout] Done extracting /home/runner/work/Baci/Baci/src/app/api/storefront/auth/logout/route.ts (7 ms)
CodeQL Analysis	Perform CodeQL Analysis	2025-12-13T19:18:37.1147627Z [2025-12-13 19:18:37] [build-stdout] Extracting /home/runner/work/Baci/Baci/src/app/api/storefront/auth/send-code/route.ts
CodeQL Analysis	Perform CodeQL Analysis	2025-12-13T19:18:37.1339730Z [2025-12-13 19:18:37] [build-stdout] Done extracting /home/runner/work/Baci/Baci/src/app/api/storefront/auth/send-code/route.ts (18 ms)
CodeQL Analysis	Perform CodeQL Analysis	2025-12-13T19:18:37.1341639Z [2025-12-13 19:18:37] [build-stdout] Extracting /home/runner/work/Baci/Baci/src/app/api/storefront/auth/session/route.ts
CodeQL Analysis	Perform CodeQL Analysis	2025-12-13T19:18:37.1627133Z [2025-12-13 19:18:37] [build-stdout] Done extracting /home/runner/work/Baci/Baci/src/app/api/storefront/auth/session/route.ts (26 ms)
CodeQL Analysis	Perform CodeQL Analysis	2025-12-13T19:18:37.1628818Z [2025-12-13 19:18:37] [build-stdout] Extracting /home/runner/work/Baci/Baci/src/app/api/storefront/auth/verify-code/route.ts
CodeQL Analysis	Perform CodeQL Analysis	2025-12-13T19:18:37.2020571Z [2025-12-13 19:18:37] [build-stdout] Done extracting /home/runner/work/Baci/Baci/src/app/api/storefront/auth/verify-code/route.ts (37 ms)
CodeQL Analysis	Perform CodeQL Analysis	2025-12-13T19:18:37.2022463Z [2025-12-13 19:18:37] [build-stdout] Extracting /home/runner/work/Baci/Baci/src/app/api/storefront/discount/validate/route.ts
CodeQL Analysis	Perform CodeQL Analysis	2025-12-13T19:18:37.2272002Z [2025-12-13 19:18:37] [build-stdout] Done extracting /home/runner/work/Baci/Baci/src/app/api/storefront/discount/validate/route.ts (28 ms)
CodeQL Analysis	Perform CodeQL Analysis	2025-12-13T19:18:37.2304360Z [2025-12-13 19:18:37] [build-stdout] Extracting /home/runner/work/Baci/Baci/src/app/api/storefront/loyalty/enroll/route.ts
CodeQL Analysis	Perform CodeQL Analysis	2025-12-13T19:18:37.2592526Z [2025-12-13 19:18:37] [build-stdout] Done extracting /home/runner/work/Baci/Baci/src/app/api/storefront/loyalty/enroll/route.ts (31 ms)
CodeQL Analysis	Perform CodeQL Analysis	2025-12-13T19:18:37.2595963Z [2025-12-13 19:18:37] [build-stdout] Extracting /home/runner/work/Baci/Baci/src/app/api/storefront/loyalty/redeem/route.ts
CodeQL Analysis	Perform CodeQL Analysis	2025-12-13T19:18:37.3005414Z [2025-12-13 19:18:37] [build-stdout] Done extracting /home/runner/work/Baci/Baci/src/app/api/storefront/loyalty/redeem/route.ts (41 ms)
CodeQL Analysis	Perform CodeQL Analysis	2025-12-13T19:18:37.3008230Z [2025-12-13 19:18:37] [build-stdout] Extracting /home/runner/work/Baci/Baci/src/app/api/storefront/orders/track/route.ts
CodeQL Analysis	Perform CodeQL Analysis	2025-12-13T19:18:37.3516147Z [2025-12-13 19:18:37] [build-stdout] Done extracting /home/runner/work/Baci/Baci/src/app/api/storefront/orders/track/route.ts (49 ms)
CodeQL Analysis	Perform CodeQL Analysis	2025-12-13T19:18:37.3518500Z [2025-12-13 19:18:37] [build-stdout] Extracting /home/runner/work/Baci/Baci/src/app/api/vtu/loyalty/redeem/route.ts
CodeQL Analysis	Perform CodeQL Analysis	2025-12-13T19:18:37.4074633Z [2025-12-13 19:18:37] [build-stdout] Done extracting /home/runner/work/Baci/Baci/src/app/api/vtu/loyalty/redeem/route.ts (56 ms)
CodeQL Analysis	Perform CodeQL Analysis	2025-12-13T19:18:37.4077196Z [2025-12-13 19:18:37] [build-stdout] Extracting /home/runner/work/Baci/Baci/src/app/api/vtu/loyalty/rewards/route.ts
CodeQL Analysis	Perform CodeQL Analysis	2025-12-13T19:18:37.4908315Z [2025-12-13 19:18:37] [build-stdout] Done extracting /home/runner/work/Baci/Baci/src/app/api/vtu/loyalty/rewards/route.ts (80 ms)
CodeQL Analysis	Perform CodeQL Analysis	2025-12-13T19:18:37.4911382Z [2025-12-13 19:18:37] [build-stdout] Extracting /home/runner/work/Baci/Baci/src/app/dashboard/blog/[id]/edit/page.tsx
CodeQL Analysis	Perform CodeQL Analysis	2025-12-13T19:18:37.6082915Z [2025-12-13 19:18:37] [build-stdout] Done extracting /home/runner/work/Baci/Baci/src/app/dashboard/blog/[id]/edit/page.tsx (120 ms)
CodeQL Analysis	Perform CodeQL Analysis	2025-12-13T19:18:37.6095008Z [2025-12-13 19:18:37] [build-stdout] Extracting /home/runner/work/Baci/Baci/src/app/(merchant)/merchant/[merchantSlug]/layout.tsx
CodeQL Analysis	Perform CodeQL Analysis	2025-12-13T19:18:37.6199269Z [2025-12-13 19:18:37] [build-stdout] Done extracting /home/runner/work/Baci/Baci/src/app/(merchant)/merchant/[merchantSlug]/layout.tsx (8 ms)
CodeQL Analysis	Perform CodeQL Analysis	2025-12-13T19:18:37.6223879Z [2025-12-13 19:18:37] [build-stdout] Extracting /home/runner/work/Baci/Baci/src/app/(storefront)/[slug]/[category]/page.tsx
CodeQL Analysis	Perform CodeQL Analysis	2025-12-13T19:18:37.6886162Z [2025-12-13 19:18:37] [build-stdout] Done extracting /home/runner/work/Baci/Baci/src/app/(storefront)/[slug]/[category]/page.tsx (67 ms)
CodeQL Analysis	Perform CodeQL Analysis	2025-12-13T19:18:37.6887347Z [2025-12-13 19:18:37] [build-stdout] Extracting /home/runner/work/Baci/Baci/src/app/(storefront)/[slug]/account/layout.tsx
CodeQL Analysis	Perform CodeQL Analysis	2025-12-13T19:18:37.7101410Z [2025-12-13 19:18:37] [build-stdout] Done extracting /home/runner/work/Baci/Baci/src/app/(storefront)/[slug]/account/layout.tsx (21 ms)
CodeQL Analysis	Perform CodeQL Analysis	2025-12-13T19:18:37.7105029Z [2025-12-13 19:18:37] [build-stdout] Extracting /home/runner/work/Baci/Baci/src/app/(storefront)/[slug]/account/page.tsx
CodeQL Analysis	Perform CodeQL Analysis	2025-12-13T19:18:37.7477982Z [2025-12-13 19:18:37] [build-stdout] Done extracting /home/runner/work/Baci/Baci/src/app/(storefront)/[slug]/account/page.tsx (37 ms)
CodeQL Analysis	Perform CodeQL Analysis	2025-12-13T19:18:37.7479278Z [2025-12-13 19:18:37] [build-stdout] Extracting /home/runner/work/Baci/Baci/src/app/(storefront)/[slug]/cart/page.tsx
CodeQL Analysis	Perform CodeQL Analysis	2025-12-13T19:18:37.7533293Z [2025-12-13 19:18:37] [build-stdout] Done extracting /home/runner/work/Baci/Baci/src/app/(storefront)/[slug]/cart/page.tsx (3 ms)
CodeQL Analysis	Perform CodeQL Analysis	2025-12-13T19:18:37.7535277Z [2025-12-13 19:18:37] [build-stdout] Extracting /home/runner/work/Baci/Baci/src/app/(storefront)/[slug]/checkout/page.tsx
CodeQL Analysis	Perform CodeQL Analysis	2025-12-13T19:18:37.7670496Z [2025-12-13 19:18:37] [build-stdout] Done extracting /home/runner/work/Baci/Baci/src/app/(storefront)/[slug]/checkout/page.tsx (13 ms)
CodeQL Analysis	Perform CodeQL Analysis	2025-12-13T19:18:37.7672024Z [2025-12-13 19:18:37] [build-stdout] Extracting /home/runner/work/Baci/Baci/src/app/(storefront)/[slug]/imei-check/page.tsx
CodeQL Analysis	Perform CodeQL Analysis	2025-12-13T19:18:37.7789825Z [2025-12-13 19:18:37] [build-stdout] Done extracting /home/runner/work/Baci/Baci/src/app/(storefront)/[slug]/imei-check/page.tsx (8 ms)
CodeQL Analysis	Perform CodeQL Analysis	2025-12-13T19:18:37.7811382Z [2025-12-13 19:18:37] [build-stdout] Extracting /home/runner/work/Baci/Baci/src/app/(storefront)/[slug]/repairs/page.tsx
CodeQL Analysis	Perform CodeQL Analysis	2025-12-13T19:18:37.7812607Z [2025-12-13 19:18:37] [build-stdout] Done extracting /home/runner/work/Baci/Baci/src/app/(storefront)/[slug]/repairs/page.tsx (8 ms)
CodeQL Analysis	Perform CodeQL Analysis	2025-12-13T19:18:37.7813791Z [2025-12-13 19:18:37] [build-stdout] Extracting /home/runner/work/Baci/Baci/src/app/(storefront)/[slug]/wallet/page.tsx
CodeQL Analysis	Perform CodeQL Analysis	2025-12-13T19:18:37.8005136Z [2025-12-13 19:18:37] [build-stdout] Done extracting /home/runner/work/Baci/Baci/src/app/(storefront)/[slug]/wallet/page.tsx (17 ms)
CodeQL Analysis	Perform CodeQL Analysis	2025-12-13T19:18:37.8006329Z [2025-12-13 19:18:37] [build-stdout] Extracting /home/runner/work/Baci/Baci/src/app/(storefront)/[slug]/wishlist/page.tsx
CodeQL Analysis	Perform CodeQL Analysis	2025-12-13T19:18:37.9653629Z [2025-12-13 19:18:37] [build-stdout] Done extracting /home/runner/work/Baci/Baci/src/app/(storefront)/[slug]/wishlist/page.tsx (139 ms)
CodeQL Analysis	Perform CodeQL Analysis	2025-12-13T19:18:37.9654995Z [2025-12-13 19:18:37] [build-stdout] Extracting /home/runner/work/Baci/Baci/src/app/[slug]/blog/[postSlug]/page.tsx
CodeQL Analysis	Perform CodeQL Analysis	2025-12-13T19:18:38.0186487Z [2025-12-13 19:18:38] [build-stdout] Done extracting /home/runner/work/Baci/Baci/src/app/[slug]/blog/[postSlug]/page.tsx (80 ms)
CodeQL Analysis	Perform CodeQL Analysis	2025-12-13T19:18:38.0187856Z [2025-12-13 19:18:38] [build-stdout] Extracting /home/runner/work/Baci/Baci/src/app/admin/notifications/[id]/page.tsx
CodeQL Analysis	Perform CodeQL Analysis	2025-12-13T19:18:38.1243100Z [2025-12-13 19:18:38] [build-stdout] Done extracting /home/runner/work/Baci/Baci/src/app/admin/notifications/[id]/page.tsx (103 ms)
CodeQL Analysis	Perform CodeQL Analysis	2025-12-13T19:18:38.1244498Z [2025-12-13 19:18:38] [build-stdout] Extracting /home/runner/work/Baci/Baci/src/app/admin/notifications/create/page.tsx
CodeQL Analysis	Perform CodeQL Analysis	2025-12-13T19:18:38.2315050Z [2025-12-13 19:18:38] [build-stdout] Done extracting /home/runner/work/Baci/Baci/src/app/admin/notifications/create/page.tsx (107 ms)
CodeQL Analysis	Perform CodeQL Analysis	2025-12-13T19:18:38.2316221Z [2025-12-13 19:18:38] [build-stdout] Extracting /home/runner/work/Baci/Baci/src/app/api/admin/analytics/route.ts
CodeQL Analysis	Perform CodeQL Analysis	2025-12-13T19:18:38.2886217Z [2025-12-13 19:18:38] [build-stdout] Done extracting /home/runner/work/Baci/Baci/src/app/api/admin/analytics/route.ts (51 ms)
CodeQL Analysis	Perform CodeQL Analysis	2025-12-13T19:18:38.2887302Z [2025-12-13 19:18:38] [build-stdout] Extracting /home/runner/work/Baci/Baci/src/app/api/admin/db-health/route.ts
CodeQL Analysis	Perform CodeQL Analysis	2025-12-13T19:18:38.3014175Z [2025-12-13 19:18:38] [build-stdout] Done extracting /home/runner/work/Baci/Baci/src/app/api/admin/db-health/route.ts (19 ms)
CodeQL Analysis	Perform CodeQL Analysis	2025-12-13T19:18:38.3018376Z [2025-12-13 19:18:38] [build-stdout] Extracting /home/runner/work/Baci/Baci/src/app/api/admin/generate-hero-images/route.ts
CodeQL Analysis	Perform CodeQL Analysis	2025-12-13T19:18:38.3322423Z [2025-12-13 19:18:38] [build-stdout] Done extracting /home/runner/work/Baci/Baci/src/app/api/admin/generate-hero-images/route.ts (29 ms)
CodeQL Analysis	Perform CodeQL Analysis	2025-12-13T19:18:38.3339613Z [2025-12-13 19:18:38] [build-stdout] Extracting /home/runner/work/Baci/Baci/src/app/api/admin/migrate/route.ts
CodeQL Analysis	Perform CodeQL Analysis	2025-12-13T19:18:38.3696466Z [2025-12-13 19:18:38] [build-stdout] Done extracting /home/runner/work/Baci/Baci/src/app/api/admin/migrate/route.ts (32 ms)
CodeQL Analysis	Perform CodeQL Analysis	2025-12-13T19:18:38.3698028Z [2025-12-13 19:18:38] [build-stdout] Extracting /home/runner/work/Baci/Baci/src/app/api/admin/notifications/route.ts
CodeQL Analysis	Perform CodeQL Analysis	2025-12-13T19:18:38.4614695Z [2025-12-13 19:18:38] [build-stdout] Done extracting /home/runner/work/Baci/Baci/src/app/api/admin/notifications/route.ts (94 ms)
CodeQL Analysis	Perform CodeQL Analysis	2025-12-13T19:18:38.4617709Z [2025-12-13 19:18:38] [build-stdout] Extracting /home/runner/work/Baci/Baci/src/app/api/admin/settings/route.ts
CodeQL Analysis	Perform CodeQL Analysis	2025-12-13T19:18:38.4965029Z [2025-12-13 19:18:38] [build-stdout] Done extracting /home/runner/work/Baci/Baci/src/app/api/admin/settings/route.ts (34 ms)
CodeQL Analysis	Perform CodeQL Analysis	2025-12-13T19:18:38.4965945Z [2025-12-13 19:18:38] [build-stdout] Extracting /home/runner/work/Baci/Baci/src/app/api/ai-jobs/[id]/route.ts
CodeQL Analysis	Perform CodeQL Analysis	2025-12-13T19:18:38.5179994Z [2025-12-13 19:18:38] [build-stdout] Done extracting /home/runner/work/Baci/Baci/src/app/api/ai-jobs/[id]/route.ts (20 ms)
CodeQL Analysis	Perform CodeQL Analysis	2025-12-13T19:18:38.5184053Z [2025-12-13 19:18:38] [build-stdout] Extracting /home/runner/work/Baci/Baci/src/app/api/ai-jobs/worker/route.ts
CodeQL Analysis	Perform CodeQL Analysis	2025-12-13T19:18:38.6003935Z [2025-12-13 19:18:38] [build-stdout] Done extracting /home/runner/work/Baci/Baci/src/app/api/ai-jobs/worker/route.ts (73 ms)
CodeQL Analysis	Perform CodeQL Analysis	2025-12-13T19:18:38.6005123Z [2025-12-13 19:18:38] [build-stdout] Extracting /home/runner/work/Baci/Baci/src/app/api/ai/seo-optimizer/route.ts
CodeQL Analysis	Perform CodeQL Analysis	2025-12-13T19:18:38.6730971Z [2025-12-13 19:18:38] [build-stdout] Done extracting /home/runner/work/Baci/Baci/src/app/api/ai/seo-optimizer/route.ts (79 ms)
CodeQL Analysis	Perform CodeQL Analysis	2025-12-13T19:18:38.6735817Z [2025-12-13 19:18:38] [build-stdout] Extracting /home/runner/work/Baci/Baci/src/app/api/analytics/ads/route.ts
CodeQL Analysis	Perform CodeQL Analysis	2025-12-13T19:18:38.7308625Z [2025-12-13 19:18:38] [build-stdout] Done extracting /home/runner/work/Baci/Baci/src/app/api/analytics/ads/route.ts (51 ms)
CodeQL Analysis	Perform CodeQL Analysis	2025-12-13T19:18:38.7309899Z [2025-12-13 19:18:38] [build-stdout] Extracting /home/runner/work/Baci/Baci/src/app/api/analytics/cache/route.ts
CodeQL Analysis	Perform CodeQL Analysis	2025-12-13T19:18:38.7463582Z [2025-12-13 19:18:38] [build-stdout] Done extracting /home/runner/work/Baci/Baci/src/app/api/analytics/cache/route.ts (19 ms)
CodeQL Analysis	Perform CodeQL Analysis	2025-12-13T19:18:38.7467117Z [2025-12-13 19:18:38] [build-stdout] Extracting /home/runner/work/Baci/Baci/src/app/api/analytics/crawler-log/route.ts
CodeQL Analysis	Perform CodeQL Analysis	2025-12-13T19:18:38.7826169Z [2025-12-13 19:18:38] [build-stdout] Done extracting /home/runner/work/Baci/Baci/src/app/api/analytics/crawler-log/route.ts (36 ms)
CodeQL Analysis	Perform CodeQL Analysis	2025-12-13T19:18:38.7827772Z [2025-12-13 19:18:38] [build-stdout] Extracting /home/runner/work/Baci/Baci/src/app/api/analytics/facebook-capi/route.ts
CodeQL Analysis	Perform CodeQL Analysis	2025-12-13T19:18:38.8213158Z [2025-12-13 19:18:38] [build-stdout] Done extracting /home/runner/work/Baci/Baci/src/app/api/analytics/facebook-capi/route.ts (38 ms)
CodeQL Analysis	Perform CodeQL Analysis	2025-12-13T19:18:38.8280285Z [2025-12-13 19:18:38] [build-stdout] Extracting /home/runner/work/Baci/Baci/src/app/api/analytics/ga4/route.ts
CodeQL Analysis	Perform CodeQL Analysis	2025-12-13T19:18:38.8652935Z [2025-12-13 19:18:38] [build-stdout] Done extracting /home/runner/work/Baci/Baci/src/app/api/analytics/ga4/route.ts (43 ms)
CodeQL Analysis	Perform CodeQL Analysis	2025-12-13T19:18:38.8670658Z [2025-12-13 19:18:38] [build-stdout] Extracting /home/runner/work/Baci/Baci/src/app/api/analytics/insights/route.ts
CodeQL Analysis	Perform CodeQL Analysis	2025-12-13T19:18:38.8988737Z [2025-12-13 19:18:38] [build-stdout] Done extracting /home/runner/work/Baci/Baci/src/app/api/analytics/insights/route.ts (33 ms)
CodeQL Analysis	Perform CodeQL Analysis	2025-12-13T19:18:38.8990857Z [2025-12-13 19:18:38] [build-stdout] Extracting /home/runner/work/Baci/Baci/src/app/api/analytics/snapchat/route.ts
CodeQL Analysis	Perform CodeQL Analysis	2025-12-13T19:18:38.9245429Z [2025-12-13 19:18:38] [build-stdout] Done extracting /home/runner/work/Baci/Baci/src/app/api/analytics/snapchat/route.ts (24 ms)
CodeQL Analysis	Perform CodeQL Analysis	2025-12-13T19:18:38.9246988Z [2025-12-13 19:18:38] [build-stdout] Extracting /home/runner/work/Baci/Baci/src/app/api/analytics/tiktok/route.ts
CodeQL Analysis	Perform CodeQL Analysis	2025-12-13T19:18:38.9647208Z [2025-12-13 19:18:38] [build-stdout] Done extracting /home/runner/work/Baci/Baci/src/app/api/analytics/tiktok/route.ts (40 ms)
CodeQL Analysis	Perform CodeQL Analysis	2025-12-13T19:18:38.9648758Z [2025-12-13 19:18:38] [build-stdout] Extracting /home/runner/work/Baci/Baci/src/app/api/blog/posts/route.ts
CodeQL Analysis	Perform CodeQL Analysis	2025-12-13T19:18:38.9910939Z [2025-12-13 19:18:38] [build-stdout] Done extracting /home/runner/work/Baci/Baci/src/app/api/blog/posts/route.ts (25 ms)
CodeQL Analysis	Perform CodeQL Analysis	2025-12-13T19:18:38.9912659Z [2025-12-13 19:18:38] [build-stdout] Extracting /home/runner/work/Baci/Baci/src/app/api/builder/gemini/route.ts
CodeQL Analysis	Perform CodeQL Analysis	2025-12-13T19:18:39.0297905Z [2025-12-13 19:18:39] [build-stdout] Done extracting /home/runner/work/Baci/Baci/src/app/api/builder/gemini/route.ts (36 ms)
CodeQL Analysis	Perform CodeQL Analysis	2025-12-13T19:18:39.0299714Z [2025-12-13 19:18:39] [build-stdout] Extracting /home/runner/work/Baci/Baci/src/app/api/cart/validate/route.ts
CodeQL Analysis	Perform CodeQL Analysis	2025-12-13T19:18:39.0653515Z [2025-12-13 19:18:39] [build-stdout] Done extracting /home/runner/work/Baci/Baci/src/app/api/cart/validate/route.ts (39 ms)
CodeQL Analysis	Perform CodeQL Analysis	2025-12-13T19:18:39.0655095Z [2025-12-13 19:18:39] [build-stdout] Extracting /home/runner/work/Baci/Baci/src/app/api/cron/process-settlements/route.ts
CodeQL Analysis	Perform CodeQL Analysis	2025-12-13T19:18:39.1142601Z [2025-12-13 19:18:39] [build-stdout] Done extracting /home/runner/work/Baci/Baci/src/app/api/cron/process-settlements/route.ts (43 ms)
CodeQL Analysis	Perform CodeQL Analysis	2025-12-13T19:18:39.1145344Z [2025-12-13 19:18:39] [build-stdout] Extracting /home/runner/work/Baci/Baci/src/app/api/cron/wallet-payouts/route.ts
CodeQL Analysis	Perform CodeQL Analysis	2025-12-13T19:18:39.1449832Z [2025-12-13 19:18:39] [build-stdout] Done extracting /home/runner/work/Baci/Baci/src/app/api/cron/wallet-payouts/route.ts (35 ms)
CodeQL Analysis	Perform CodeQL Analysis	2025-12-13T19:18:39.1454905Z [2025-12-13 19:18:39] [build-stdout] Extracting /home/runner/work/Baci/Baci/src/app/api/customers/[id]/route.ts
CodeQL Analysis	Perform CodeQL Analysis	2025-12-13T19:18:39.1738863Z [2025-12-13 19:18:39] [build-stdout] Done extracting /home/runner/work/Baci/Baci/src/app/api/customers/[id]/route.ts (27 ms)
CodeQL Analysis	Perform CodeQL Analysis	2025-12-13T19:18:39.1741567Z [2025-12-13 19:18:39] [build-stdout] Extracting /home/runner/work/Baci/Baci/src/app/api/customers/segments/route.ts
CodeQL Analysis	Perform CodeQL Analysis	2025-12-13T19:18:39.1947386Z [2025-12-13 19:18:39] [build-stdout] Done extracting /home/runner/work/Baci/Baci/src/app/api/customers/segments/route.ts (20 ms)
CodeQL Analysis	Perform CodeQL Analysis	2025-12-13T19:18:39.1949949Z [2025-12-13 19:18:39] [build-stdout] Extracting /home/runner/work/Baci/Baci/src/app/api/dashboard/preferences/route.ts
CodeQL Analysis	Perform CodeQL Analysis	2025-12-13T19:18:39.2123648Z [2025-12-13 19:18:39] [build-stdout] Done extracting /home/runner/work/Baci/Baci/src/app/api/dashboard/preferences/route.ts (15 ms)
CodeQL Analysis	Perform CodeQL Analysis	2025-12-13T19:18:39.2125225Z [2025-12-13 19:18:39] [build-stdout] Extracting /home/runner/work/Baci/Baci/src/app/api/dashboard/reviews/route.ts
CodeQL Analysis	Perform CodeQL Analysis	2025-12-13T19:18:39.2282838Z [2025-12-13 19:18:39] [build-stdout] Done extracting /home/runner/work/Baci/Baci/src/app/api/dashboard/reviews/route.ts (18 ms)
CodeQL Analysis	Perform CodeQL Analysis	2025-12-13T19:18:39.2289922Z [2025-12-13 19:18:39] [build-stdout] Extracting /home/runner/work/Baci/Baci/src/app/api/discount-codes/[id]/route.ts
CodeQL Analysis	Perform CodeQL Analysis	2025-12-13T19:18:39.2424547Z [2025-12-13 19:18:39] [build-stdout] Done extracting /home/runner/work/Baci/Baci/src/app/api/discount-codes/[id]/route.ts (14 ms)
CodeQL Analysis	Perform CodeQL Analysis	2025-12-13T19:18:39.2425916Z [2025-12-13 19:18:39] [build-stdout] Extracting /home/runner/work/Baci/Baci/src/app/api/discount-codes/validate/route.ts
CodeQL Analysis	Perform CodeQL Analysis	2025-12-13T19:18:39.2750992Z [2025-12-13 19:18:39] [build-stdout] Done extracting /home/runner/work/Baci/Baci/src/app/api/discount-codes/validate/route.ts (30 ms)
CodeQL Analysis	Perform CodeQL Analysis	2025-12-13T19:18:39.2753414Z [2025-12-13 19:18:39] [build-stdout] Extracting /home/runner/work/Baci/Baci/src/app/api/domains/[domain]/route.ts
CodeQL Analysis	Perform CodeQL Analysis	2025-12-13T19:18:39.3215440Z [2025-12-13 19:18:39] [build-stdout] Done extracting /home/runner/work/Baci/Baci/src/app/api/domains/[domain]/route.ts (46 ms)
CodeQL Analysis	Perform CodeQL Analysis	2025-12-13T19:18:39.3219222Z [2025-12-13 19:18:39] [build-stdout] Extracting /home/runner/work/Baci/Baci/src/app/api/domains/check-availability/route.ts
CodeQL Analysis	Perform CodeQL Analysis	2025-12-13T19:18:39.3696927Z [2025-12-13 19:18:39] [build-stdout] Done extracting /home/runner/work/Baci/Baci/src/app/api/domains/check-availability/route.ts (49 ms)
CodeQL Analysis	Perform CodeQL Analysis	2025-12-13T19:18:39.3700055Z [2025-12-13 19:18:39] [build-stdout] Extracting /home/runner/work/Baci/Baci/src/app/api/domains/purchase/route.ts
CodeQL Analysis	Perform CodeQL Analysis	2025-12-13T19:18:39.4041099Z [2025-12-13 19:18:39] [build-stdout] Done extracting /home/runner/work/Baci/Baci/src/app/api/domains/purchase/route.ts (32 ms)
CodeQL Analysis	Perform CodeQL Analysis	2025-12-13T19:18:39.4042713Z [2025-12-13 19:18:39] [build-stdout] Extracting /home/runner/work/Baci/Baci/src/app/api/edge-config/sync/route.ts
CodeQL Analysis	Perform CodeQL Analysis	2025-12-13T19:18:39.4235397Z [2025-12-13 19:18:39] [build-stdout] Done extracting /home/runner/work/Baci/Baci/src/app/api/edge-config/sync/route.ts (21 ms)
CodeQL Analysis	Perform CodeQL Analysis	2025-12-13T19:18:39.4237968Z [2025-12-13 19:18:39] [build-stdout] Extracting /home/runner/work/Baci/Baci/src/app/api/feed/facebook/route.ts
CodeQL Analysis	Perform CodeQL Analysis	2025-12-13T19:18:39.4534709Z [2025-12-13 19:18:39] [build-stdout] Done extracting /home/runner/work/Baci/Baci/src/app/api/feed/facebook/route.ts (28 ms)
CodeQL Analysis	Perform CodeQL Analysis	2025-12-13T19:18:39.4537159Z [2025-12-13 19:18:39] [build-stdout] Extracting /home/runner/work/Baci/Baci/src/app/api/feed/google-merchant/route.ts
CodeQL Analysis	Perform CodeQL Analysis	2025-12-13T19:18:39.4867583Z [2025-12-13 19:18:39] [build-stdout] Done extracting /home/runner/work/Baci/Baci/src/app/api/feed/google-merchant/route.ts (34 ms)
CodeQL Analysis	Perform CodeQL Analysis	2025-12-13T19:18:39.4869402Z [2025-12-13 19:18:39] [build-stdout] Extracting /home/runner/work/Baci/Baci/src/app/api/feed/tiktok/route.ts
CodeQL Analysis	Perform CodeQL Analysis	2025-12-13T19:18:39.5110505Z [2025-12-13 19:18:39] [build-stdout] Done extracting /home/runner/work/Baci/Baci/src/app/api/feed/tiktok/route.ts (24 ms)
CodeQL Analysis	Perform CodeQL Analysis	2025-12-13T19:18:39.5112502Z [2025-12-13 19:18:39] [build-stdout] Extracting /home/runner/work/Baci/Baci/src/app/api/forms/submit/route.ts
CodeQL Analysis	Perform CodeQL Analysis	2025-12-13T19:18:39.5308593Z [2025-12-13 19:18:39] [build-stdout] Done extracting /home/runner/work/Baci/Baci/src/app/api/forms/submit/route.ts (18 ms)
CodeQL Analysis	Perform CodeQL Analysis	2025-12-13T19:18:39.5310021Z [2025-12-13 19:18:39] [build-stdout] Extracting /home/runner/work/Baci/Baci/src/app/api/google-places/reviews/route.ts
CodeQL Analysis	Perform CodeQL Analysis	2025-12-13T19:18:39.5555751Z [2025-12-13 19:18:39] [build-stdout] Done extracting /home/runner/work/Baci/Baci/src/app/api/google-places/reviews/route.ts (24 ms)
CodeQL Analysis	Perform CodeQL Analysis	2025-12-13T19:18:39.5557041Z [2025-12-13 19:18:39] [build-stdout] Extracting /home/runner/work/Baci/Baci/src/app/api/insurance/purchase/route.ts
CodeQL Analysis	Perform CodeQL Analysis	2025-12-13T19:18:39.5842193Z [2025-12-13 19:18:39] [build-stdout] Done extracting /home/runner/work/Baci/Baci/src/app/api/insurance/purchase/route.ts (30 ms)
CodeQL Analysis	Perform CodeQL Analysis	2025-12-13T19:18:39.5880577Z [2025-12-13 19:18:39] [build-stdout] Extracting /home/runner/work/Baci/Baci/src/app/api/insurance/quote/route.ts
CodeQL Analysis	Perform CodeQL Analysis	2025-12-13T19:18:39.6013311Z [2025-12-13 19:18:39] [build-stdout] Done extracting /home/runner/work/Baci/Baci/src/app/api/insurance/quote/route.ts (17 ms)
CodeQL Analysis	Perform CodeQL Analysis	2025-12-13T19:18:39.6016909Z [2025-12-13 19:18:39] [build-stdout] Extracting /home/runner/work/Baci/Baci/src/app/api/inventory/alerts/route.ts
CodeQL Analysis	Perform CodeQL Analysis	2025-12-13T19:18:39.6393524Z [2025-12-13 19:18:39] [build-stdout] Done extracting /home/runner/work/Baci/Baci/src/app/api/inventory/alerts/route.ts (36 ms)
CodeQL Analysis	Perform CodeQL Analysis	2025-12-13T19:18:39.6398752Z [2025-12-13 19:18:39] [build-stdout] Extracting /home/runner/work/Baci/Baci/src/app/api/inventory/forecast/route.ts
CodeQL Analysis	Perform CodeQL Analysis	2025-12-13T19:18:39.6731253Z [2025-12-13 19:18:39] [build-stdout] Done extracting /home/runner/work/Baci/Baci/src/app/api/inventory/forecast/route.ts (33 ms)
CodeQL Analysis	Perform CodeQL Analysis	2025-12-13T19:18:39.6732991Z [2025-12-13 19:18:39] [build-stdout] Extracting /home/runner/work/Baci/Baci/src/app/api/inventory/reorder/route.ts
CodeQL Analysis	Perform CodeQL Analysis	2025-12-13T19:18:39.6935048Z [2025-12-13 19:18:39] [build-stdout] Done extracting /home/runner/work/Baci/Baci/src/app/api/inventory/reorder/route.ts (20 ms)
CodeQL Analysis	Perform CodeQL Analysis	2025-12-13T19:18:39.6937622Z [2025-12-13 19:18:39] [build-stdout] Extracting /home/runner/work/Baci/Baci/src/app/api/loyalty/customers/route.ts
CodeQL Analysis	Perform CodeQL Analysis	2025-12-13T19:18:39.7167501Z [2025-12-13 19:18:39] [build-stdout] Done extracting /home/runner/work/Baci/Baci/src/app/api/loyalty/customers/route.ts (22 ms)
CodeQL Analysis	Perform CodeQL Analysis	2025-12-13T19:18:39.7168931Z [2025-12-13 19:18:39] [build-stdout] Extracting /home/runner/work/Baci/Baci/src/app/api/loyalty/points/route.ts
CodeQL Analysis	Perform CodeQL Analysis	2025-12-13T19:18:39.7629795Z [2025-12-13 19:18:39] [build-stdout] Done extracting /home/runner/work/Baci/Baci/src/app/api/loyalty/points/route.ts (46 ms)
CodeQL Analysis	Perform CodeQL Analysis	2025-12-13T19:18:39.7657036Z [2025-12-13 19:18:39] [build-stdout] Extracting /home/runner/work/Baci/Baci/src/app/api/loyalty/rewards/route.ts
CodeQL Analysis	Perform CodeQL Analysis	2025-12-13T19:18:39.8013254Z [2025-12-13 19:18:39] [build-stdout] Done extracting /home/runner/work/Baci/Baci/src/app/api/loyalty/rewards/route.ts (37 ms)
CodeQL Analysis	Perform CodeQL Analysis	2025-12-13T19:18:39.8015963Z [2025-12-13 19:18:39] [build-stdout] Extracting /home/runner/work/Baci/Baci/src/app/api/loyalty/settings/route.ts
CodeQL Analysis	Perform CodeQL Analysis	2025-12-13T19:18:39.8451598Z [2025-12-13 19:18:39] [build-stdout] Done extracting /home/runner/work/Baci/Baci/src/app/api/loyalty/settings/route.ts (39 ms)
CodeQL Analysis	Perform CodeQL Analysis	2025-12-13T19:18:39.8453550Z [2025-12-13 19:18:39] [build-stdout] Extracting /home/runner/work/Baci/Baci/src/app/api/merchant/features/route.ts
CodeQL Analysis	Perform CodeQL Analysis	2025-12-13T19:18:39.8959815Z [2025-12-13 19:18:39] [build-stdout] Done extracting /home/runner/work/Baci/Baci/src/app/api/merchant/features/route.ts (53 ms)
CodeQL Analysis	Perform CodeQL Analysis	2025-12-13T19:18:39.8980270Z [2025-12-13 19:18:39] [build-stdout] Extracting /home/runner/work/Baci/Baci/src/app/api/merchant/publish/route.ts
CodeQL Analysis	Perform CodeQL Analysis	2025-12-13T19:18:39.9318142Z [2025-12-13 19:18:39] [build-stdout] Done extracting /home/runner/work/Baci/Baci/src/app/api/merchant/publish/route.ts (34 ms)
CodeQL Analysis	Perform CodeQL Analysis	2025-12-13T19:18:39.9322179Z [2025-12-13 19:18:39] [build-stdout] Extracting /home/runner/work/Baci/Baci/src/app/api/merchant/readiness/route.ts
CodeQL Analysis	Perform CodeQL Analysis	2025-12-13T19:18:39.9610191Z [2025-12-13 19:18:39] [build-stdout] Done extracting /home/runner/work/Baci/Baci/src/app/api/merchant/readiness/route.ts (28 ms)
CodeQL Analysis	Perform CodeQL Analysis	2025-12-13T19:18:39.9613954Z [2025-12-13 19:18:39] [build-stdout] Extracting /home/runner/work/Baci/Baci/src/app/api/merchant/regenerate-hero-images/route.ts
CodeQL Analysis	Perform CodeQL Analysis	2025-12-13T19:18:39.9818377Z [2025-12-13 19:18:39] [build-stdout] Done extracting /home/runner/work/Baci/Baci/src/app/api/merchant/regenerate-hero-images/route.ts (18 ms)
CodeQL Analysis	Perform CodeQL Analysis	2025-12-13T19:18:39.9820153Z [2025-12-13 19:18:39] [build-stdout] Extracting /home/runner/work/Baci/Baci/src/app/api/merchants/by-slug/route.ts
CodeQL Analysis	Perform CodeQL Analysis	2025-12-13T19:18:39.9919653Z [2025-12-13 19:18:39] [build-stdout] Done extracting /home/runner/work/Baci/Baci/src/app/api/merchants/by-slug/route.ts (10 ms)
CodeQL Analysis	Perform CodeQL Analysis	2025-12-13T19:18:39.9926912Z [2025-12-13 19:18:39] [build-stdout] Extracting /home/runner/work/Baci/Baci/src/app/api/newsletter/subscribe/route.ts
CodeQL Analysis	Perform CodeQL Analysis	2025-12-13T19:18:40.0189671Z [2025-12-13 19:18:40] [build-stdout] Done extracting /home/runner/work/Baci/Baci/src/app/api/newsletter/subscribe/route.ts (29 ms)
CodeQL Analysis	Perform CodeQL Analysis	2025-12-13T19:18:40.0190879Z [2025-12-13 19:18:40] [build-stdout] Extracting /home/runner/work/Baci/Baci/src/app/api/notifications/[id]/route.ts
CodeQL Analysis	Perform CodeQL Analysis	2025-12-13T19:18:40.0420406Z [2025-12-13 19:18:40] [build-stdout] Done extracting /home/runner/work/Baci/Baci/src/app/api/notifications/[id]/route.ts (20 ms)
CodeQL Analysis	Perform CodeQL Analysis	2025-12-13T19:18:40.0422469Z [2025-12-13 19:18:40] [build-stdout] Extracting /home/runner/work/Baci/Baci/src/app/api/notifications/preferences/route.ts
CodeQL Analysis	Perform CodeQL Analysis	2025-12-13T19:18:40.0663616Z [2025-12-13 19:18:40] [build-stdout] Done extracting /home/runner/work/Baci/Baci/src/app/api/notifications/preferences/route.ts (26 ms)
CodeQL Analysis	Perform CodeQL Analysis	2025-12-13T19:18:40.0669257Z [2025-12-13 19:18:40] [build-stdout] Extracting /home/runner/work/Baci/Baci/src/app/api/orders/[id]/route.ts
CodeQL Analysis	Perform CodeQL Analysis	2025-12-13T19:18:40.0843855Z [2025-12-13 19:18:40] [build-stdout] Done extracting /home/runner/work/Baci/Baci/src/app/api/orders/[id]/route.ts (17 ms)
CodeQL Analysis	Perform CodeQL Analysis	2025-12-13T19:18:40.0870288Z [2025-12-13 19:18:40] [build-stdout] Extracting /home/runner/work/Baci/Baci/src/app/api/orders/update-payment-ref/route.ts
CodeQL Analysis	Perform CodeQL Analysis	2025-12-13T19:18:40.0981476Z [2025-12-13 19:18:40] [build-stdout] Done extracting /home/runner/work/Baci/Baci/src/app/api/orders/update-payment-ref/route.ts (11 ms)
CodeQL Analysis	Perform CodeQL Analysis	2025-12-13T19:18:40.0982664Z [2025-12-13 19:18:40] [build-stdout] Extracting /home/runner/work/Baci/Baci/src/app/api/payments/initialize/route.ts
CodeQL Analysis	Perform CodeQL Analysis	2025-12-13T19:18:40.1385896Z [2025-12-13 19:18:40] [build-stdout] Done extracting /home/runner/work/Baci/Baci/src/app/api/payments/initialize/route.ts (39 ms)
CodeQL Analysis	Perform CodeQL Analysis	2025-12-13T19:18:40.1387283Z [2025-12-13 19:18:40] [build-stdout] Extracting /home/runner/work/Baci/Baci/src/app/api/payments/webhook/route.ts
CodeQL Analysis	Perform CodeQL Analysis	2025-12-13T19:18:40.2050938Z [2025-12-13 19:18:40] [build-stdout] Done extracting /home/runner/work/Baci/Baci/src/app/api/payments/webhook/route.ts (67 ms)
CodeQL Analysis	Perform CodeQL Analysis	2025-12-13T19:18:40.2053408Z [2025-12-13 19:18:40] [build-stdout] Extracting /home/runner/work/Baci/Baci/src/app/api/payouts/request/route.ts
CodeQL Analysis	Perform CodeQL Analysis	2025-12-13T19:18:40.2346945Z [2025-12-13 19:18:40] [build-stdout] Done extracting /home/runner/work/Baci/Baci/src/app/api/payouts/request/route.ts (30 ms)
CodeQL Analysis	Perform CodeQL Analysis	2025-12-13T19:18:40.2354227Z [2025-12-13 19:18:40] [build-stdout] Extracting /home/runner/work/Baci/Baci/src/app/api/paystack/banks/route.ts
CodeQL Analysis	Perform CodeQL Analysis	2025-12-13T19:18:40.2435119Z [2025-12-13 19:18:40] [build-stdout] Done extracting /home/runner/work/Baci/Baci/src/app/api/paystack/banks/route.ts (9 ms)
CodeQL Analysis	Perform CodeQL Analysis	2025-12-13T19:18:40.2442570Z [2025-12-13 19:18:40] [build-stdout] Extracting /home/runner/work/Baci/Baci/src/app/api/paystack/subaccount/route.ts
CodeQL Analysis	Perform CodeQL Analysis	2025-12-13T19:18:40.2599525Z [2025-12-13 19:18:40] [build-stdout] Done extracting /home/runner/work/Baci/Baci/src/app/api/paystack/subaccount/route.ts (12 ms)
CodeQL Analysis	Perform CodeQL Analysis	2025-12-13T19:18:40.2601099Z [2025-12-13 19:18:40] [build-stdout] Extracting /home/runner/work/Baci/Baci/src/app/api/paystack/verify-account/route.ts
CodeQL Analysis	Perform CodeQL Analysis	2025-12-13T19:18:40.2782453Z [2025-12-13 19:18:40] [build-stdout] Done extracting /home/runner/work/Baci/Baci/src/app/api/paystack/verify-account/route.ts (17 ms)
CodeQL Analysis	Perform CodeQL Analysis	2025-12-13T19:18:40.2783729Z [2025-12-13 19:18:40] [build-stdout] Extracting /home/runner/work/Baci/Baci/src/app/api/places/autocomplete/route.ts
CodeQL Analysis	Perform CodeQL Analysis	2025-12-13T19:18:40.2968100Z [2025-12-13 19:18:40] [build-stdout] Done extracting /home/runner/work/Baci/Baci/src/app/api/places/autocomplete/route.ts (23 ms)
CodeQL Analysis	Perform CodeQL Analysis	2025-12-13T19:18:40.2969497Z [2025-12-13 19:18:40] [build-stdout] Extracting /home/runner/work/Baci/Baci/src/app/api/places/details/route.ts
CodeQL Analysis	Perform CodeQL Analysis	2025-12-13T19:18:40.3105677Z [2025-12-13 19:18:40] [build-stdout] Done extracting /home/runner/work/Baci/Baci/src/app/api/places/details/route.ts (13 ms)
CodeQL Analysis	Perform CodeQL Analysis	2025-12-13T19:18:40.3115544Z [2025-12-13 19:18:40] [build-stdout] Extracting /home/runner/work/Baci/Baci/src/app/api/platform/analytics-config/route.ts
CodeQL Analysis	Perform CodeQL Analysis	2025-12-13T19:18:40.3204789Z [2025-12-13 19:18:40] [build-stdout] Done extracting /home/runner/work/Baci/Baci/src/app/api/platform/analytics-config/route.ts (9 ms)
CodeQL Analysis	Perform CodeQL Analysis	2025-12-13T19:18:40.3206067Z [2025-12-13 19:18:40] [build-stdout] Extracting /home/runner/work/Baci/Baci/src/app/api/platform/events/route.ts
CodeQL Analysis	Perform CodeQL Analysis	2025-12-13T19:18:40.3527055Z [2025-12-13 19:18:40] [build-stdout] Done extracting /home/runner/work/Baci/Baci/src/app/api/platform/events/route.ts (32 ms)
CodeQL Analysis	Perform CodeQL Analysis	2025-12-13T19:18:40.3539925Z [2025-12-13 19:18:40] [build-stdout] Extracting /home/runner/work/Baci/Baci/src/app/api/products/[id]/route.ts
CodeQL Analysis	Perform CodeQL Analysis	2025-12-13T19:18:40.4312637Z [2025-12-13 19:18:40] [build-stdout] Done extracting /home/runner/work/Baci/Baci/src/app/api/products/[id]/route.ts (77 ms)
CodeQL Analysis	Perform CodeQL Analysis	2025-12-13T19:18:40.4313954Z [2025-12-13 19:18:40] [build-stdout] Extracting /home/runner/work/Baci/Baci/src/app/api/products/bulk-import/route.ts
CodeQL Analysis	Perform CodeQL Analysis	2025-12-13T19:18:40.4642176Z [2025-12-13 19:18:40] [build-stdout] Done extracting /home/runner/work/Baci/Baci/src/app/api/products/bulk-import/route.ts (33 ms)
CodeQL Analysis	Perform CodeQL Analysis	2025-12-13T19:18:40.4644697Z [2025-12-13 19:18:40] [build-stdout] Extracting /home/runner/work/Baci/Baci/src/app/api/products/bulk-publish/route.ts
CodeQL Analysis	Perform CodeQL Analysis	2025-12-13T19:18:40.4854251Z [2025-12-13 19:18:40] [build-stdout] Done extracting /home/runner/work/Baci/Baci/src/app/api/products/bulk-publish/route.ts (19 ms)
CodeQL Analysis	Perform CodeQL Analysis	2025-12-13T19:18:40.4921208Z [2025-12-13 19:18:40] [build-stdout] Extracting /home/runner/work/Baci/Baci/src/app/api/products/bulk-update/route.ts
CodeQL Analysis	Perform CodeQL Analysis	2025-12-13T19:18:40.5193200Z [2025-12-13 19:18:40] [build-stdout] Done extracting /home/runner/work/Baci/Baci/src/app/api/products/bulk-update/route.ts (32 ms)
CodeQL Analysis	Perform CodeQL Analysis	2025-12-13T19:18:40.5198368Z [2025-12-13 19:18:40] [build-stdout] Extracting /home/runner/work/Baci/Baci/src/app/api/products/count/route.ts
CodeQL Analysis	Perform CodeQL Analysis	2025-12-13T19:18:40.5354793Z [2025-12-13 19:18:40] [build-stdout] Done extracting /home/runner/work/Baci/Baci/src/app/api/products/count/route.ts (16 ms)
CodeQL Analysis	Perform CodeQL Analysis	2025-12-13T19:18:40.5361672Z [2025-12-13 19:18:40] [build-stdout] Extracting /home/runner/work/Baci/Baci/src/app/api/reviews/[id]/route.ts
CodeQL Analysis	Perform CodeQL Analysis	2025-12-13T19:18:40.5822988Z [2025-12-13 19:18:40] [build-stdout] Done extracting /home/runner/work/Baci/Baci/src/app/api/reviews/[id]/route.ts (49 ms)
CodeQL Analysis	Perform CodeQL Analysis	2025-12-13T19:18:40.5838944Z [2025-12-13 19:18:40] [build-stdout] Extracting /home/runner/work/Baci/Baci/src/app/api/search/autocomplete/route.ts
CodeQL Analysis	Perform CodeQL Analysis	2025-12-13T19:18:40.5951293Z [2025-12-13 19:18:40] [build-stdout] Done extracting /home/runner/work/Baci/Baci/src/app/api/search/autocomplete/route.ts (12 ms)
CodeQL Analysis	Perform CodeQL Analysis	2025-12-13T19:18:40.5954082Z [2025-12-13 19:18:40] [build-stdout] Extracting /home/runner/work/Baci/Baci/src/app/api/shipping/book/route.ts
CodeQL Analysis	Perform CodeQL Analysis	2025-12-13T19:18:40.6410249Z [2025-12-13 19:18:40] [build-stdout] Done extracting /home/runner/work/Baci/Baci/src/app/api/shipping/book/route.ts (45 ms)
CodeQL Analysis	Perform CodeQL Analysis	2025-12-13T19:18:40.6411655Z [2025-12-13 19:18:40] [build-stdout] Extracting /home/runner/work/Baci/Baci/src/app/api/shipping/locations/route.ts
CodeQL Analysis	Perform CodeQL Analysis	2025-12-13T19:18:40.6698259Z [2025-12-13 19:18:40] [build-stdout] Done extracting /home/runner/work/Baci/Baci/src/app/api/shipping/locations/route.ts (28 ms)
CodeQL Analysis	Perform CodeQL Analysis	2025-12-13T19:18:40.6699560Z [2025-12-13 19:18:40] [build-stdout] Extracting /home/runner/work/Baci/Baci/src/app/api/shipping/providers/route.ts
CodeQL Analysis	Perform CodeQL Analysis	2025-12-13T19:18:40.6844791Z [2025-12-13 19:18:40] [build-stdout] Done extracting /home/runner/work/Baci/Baci/src/app/api/shipping/providers/route.ts (14 ms)
CodeQL Analysis	Perform CodeQL Analysis	2025-12-13T19:18:40.6848718Z [2025-12-13 19:18:40] [build-stdout] Extracting /home/runner/work/Baci/Baci/src/app/api/shipping/quote/route.ts
CodeQL Analysis	Perform CodeQL Analysis	2025-12-13T19:18:40.7061806Z [2025-12-13 19:18:40] [build-stdout] Done extracting /home/runner/work/Baci/Baci/src/app/api/shipping/quote/route.ts (22 ms)
CodeQL Analysis	Perform CodeQL Analysis	2025-12-13T19:18:40.7062970Z [2025-12-13 19:18:40] [build-stdout] Extracting /home/runner/work/Baci/Baci/src/app/api/shipping/quotes/route.ts
CodeQL Analysis	Perform CodeQL Analysis	2025-12-13T19:18:40.7423052Z [2025-12-13 19:18:40] [build-stdout] Done extracting /home/runner/work/Baci/Baci/src/app/api/shipping/quotes/route.ts (36 ms)
CodeQL Analysis	Perform CodeQL Analysis	2025-12-13T19:18:40.7427052Z [2025-12-13 19:18:40] [build-stdout] Extracting /home/runner/work/Baci/Baci/src/app/api/shipping/self-fulfill/route.ts
CodeQL Analysis	Perform CodeQL Analysis	2025-12-13T19:18:40.7782484Z [2025-12-13 19:18:40] [build-stdout] Done extracting /home/runner/work/Baci/Baci/src/app/api/shipping/self-fulfill/route.ts (34 ms)
CodeQL Analysis	Perform CodeQL Analysis	2025-12-13T19:18:40.7783879Z [2025-12-13 19:18:40] [build-stdout] Extracting /home/runner/work/Baci/Baci/src/app/api/staff/[id]/route.ts
CodeQL Analysis	Perform CodeQL Analysis	2025-12-13T19:18:40.8220098Z [2025-12-13 19:18:40] [build-stdout] Done extracting /home/runner/work/Baci/Baci/src/app/api/staff/[id]/route.ts (45 ms)
CodeQL Analysis	Perform CodeQL Analysis	2025-12-13T19:18:40.8224990Z [2025-12-13 19:18:40] [build-stdout] Extracting /home/runner/work/Baci/Baci/src/app/api/staff/accept-invite/route.ts
CodeQL Analysis	Perform CodeQL Analysis	2025-12-13T19:18:40.8515081Z [2025-12-13 19:18:40] [build-stdout] Done extracting /home/runner/work/Baci/Baci/src/app/api/staff/accept-invite/route.ts (30 ms)
CodeQL Analysis	Perform CodeQL Analysis	2025-12-13T19:18:40.8520959Z [2025-12-13 19:18:40] [build-stdout] Extracting /home/runner/work/Baci/Baci/src/app/api/storefront/customer/route.ts
CodeQL Analysis	Perform CodeQL Analysis	2025-12-13T19:18:40.8744972Z [2025-12-13 19:18:40] [build-stdout] Done extracting /home/runner/work/Baci/Baci/src/app/api/storefront/customer/route.ts (20 ms)
CodeQL Analysis	Perform CodeQL Analysis	2025-12-13T19:18:40.8746273Z [2025-12-13 19:18:40] [build-stdout] Extracting /home/runner/work/Baci/Baci/src/app/api/storefront/features/route.ts
CodeQL Analysis	Perform CodeQL Analysis	2025-12-13T19:18:40.9011994Z [2025-12-13 19:18:40] [build-stdout] Done extracting /home/runner/work/Baci/Baci/src/app/api/storefront/features/route.ts (27 ms)
CodeQL Analysis	Perform CodeQL Analysis	2025-12-13T19:18:40.9014693Z [2025-12-13 19:18:40] [build-stdout] Extracting /home/runner/work/Baci/Baci/src/app/api/storefront/loyalty/route.ts
CodeQL Analysis	Perform CodeQL Analysis	2025-12-13T19:18:40.9220065Z [2025-12-13 19:18:40] [build-stdout] Done extracting /home/runner/work/Baci/Baci/src/app/api/storefront/loyalty/route.ts (21 ms)
CodeQL Analysis	Perform CodeQL Analysis	2025-12-13T19:18:40.9221144Z [2025-12-13 19:18:40] [build-stdout] Extracting /home/runner/work/Baci/Baci/src/app/api/storefront/orders/route.ts
CodeQL Analysis	Perform CodeQL Analysis	2025-12-13T19:18:40.9364081Z [2025-12-13 19:18:40] [build-stdout] Done extracting /home/runner/work/Baci/Baci/src/app/api/storefront/orders/route.ts (13 ms)
CodeQL Analysis	Perform CodeQL Analysis	2025-12-13T19:18:40.9368687Z [2025-12-13 19:18:40] [build-stdout] Extracting /home/runner/work/Baci/Baci/src/app/api/storefront/products/route.ts
CodeQL Analysis	Perform CodeQL Analysis	2025-12-13T19:18:40.9793656Z [2025-12-13 19:18:40] [build-stdout] Done extracting /home/runner/work/Baci/Baci/src/app/api/storefront/products/route.ts (42 ms)
CodeQL Analysis	Perform CodeQL Analysis	2025-12-13T19:18:40.9795020Z [2025-12-13 19:18:40] [build-stdout] Extracting /home/runner/work/Baci/Baci/src/app/api/storefront/social-proof/route.ts
CodeQL Analysis	Perform CodeQL Analysis	2025-12-13T19:18:40.9915579Z [2025-12-13 19:18:40] [build-stdout] Done extracting /home/runner/work/Baci/Baci/src/app/api/storefront/social-proof/route.ts (12 ms)
CodeQL Analysis	Perform CodeQL Analysis	2025-12-13T19:18:40.9916949Z [2025-12-13 19:18:40] [build-stdout] Extracting /home/runner/work/Baci/Baci/src/app/api/vtu/providers/route.ts
CodeQL Analysis	Perform CodeQL Analysis	2025-12-13T19:18:41.0017030Z [2025-12-13 19:18:41] [build-stdout] Done extracting /home/runner/work/Baci/Baci/src/app/api/vtu/providers/route.ts (9 ms)
CodeQL Analysis	Perform CodeQL Analysis	2025-12-13T19:18:41.0020019Z [2025-12-13 19:18:41] [build-stdout] Extracting /home/runner/work/Baci/Baci/src/app/api/vtu/purchase/route.ts
CodeQL Analysis	Perform CodeQL Analysis	2025-12-13T19:18:41.0357116Z [2025-12-13 19:18:41] [build-stdout] Done extracting /home/runner/work/Baci/Baci/src/app/api/vtu/purchase/route.ts (35 ms)
CodeQL Analysis	Perform CodeQL Analysis	2025-12-13T19:18:41.0360354Z [2025-12-13 19:18:41] [build-stdout] Extracting /home/runner/work/Baci/Baci/src/app/api/vtu/test/route.ts
CodeQL Analysis	Perform CodeQL Analysis	2025-12-13T19:18:41.0447846Z [2025-12-13 19:18:41] [build-stdout] Done extracting /home/runner/work/Baci/Baci/src/app/api/vtu/test/route.ts (8 ms)
CodeQL Analysis	Perform CodeQL Analysis	2025-12-13T19:18:41.0451903Z [2025-12-13 19:18:41] [build-stdout] Extracting /home/runner/work/Baci/Baci/src/app/api/vtu/transactions/route.ts
CodeQL Analysis	Perform CodeQL Analysis	2025-12-13T19:18:41.0674081Z [2025-12-13 19:18:41] [build-stdout] Done extracting /home/runner/work/Baci/Baci/src/app/api/vtu/transactions/route.ts (23 ms)
CodeQL Analysis	Perform CodeQL Analysis	2025-12-13T19:18:41.0681596Z [2025-12-13 19:18:41] [build-stdout] Extracting /home/runner/work/Baci/Baci/src/app/api/wallet/transactions/route.ts
CodeQL Analysis	Perform CodeQL Analysis	2025-12-13T19:18:41.0808309Z [2025-12-13 19:18:41] [build-stdout] Done extracting /home/runner/work/Baci/Baci/src/app/api/wallet/transactions/route.ts (13 ms)
CodeQL Analysis	Perform CodeQL Analysis	2025-12-13T19:18:41.0836613Z [2025-12-13 19:18:41] [build-stdout] Extracting /home/runner/work/Baci/Baci/src/app/api/wallet/withdraw/route.ts
CodeQL Analysis	Perform CodeQL Analysis	2025-12-13T19:18:41.1190268Z [2025-12-13 19:18:41] [build-stdout] Done extracting /home/runner/work/Baci/Baci/src/app/api/wallet/withdraw/route.ts (37 ms)
CodeQL Analysis	Perform CodeQL Analysis	2025-12-13T19:18:41.1195247Z [2025-12-13 19:18:41] [build-stdout] Extracting /home/runner/work/Baci/Baci/src/app/api/webhooks/mycover/route.ts
CodeQL Analysis	Perform CodeQL Analysis	2025-12-13T19:18:41.1420810Z [2025-12-13 19:18:41] [build-stdout] Done extracting /home/runner/work/Baci/Baci/src/app/api/webhooks/mycover/route.ts (23 ms)
CodeQL Analysis	Perform CodeQL Analysis	2025-12-13T19:18:41.1425044Z [2025-12-13 19:18:41] [build-stdout] Extracting /home/runner/work/Baci/Baci/src/app/api/wishlist/check/route.ts
CodeQL Analysis	Perform CodeQL Analysis	2025-12-13T19:18:41.1615349Z [2025-12-13 19:18:41] [build-stdout] Done extracting /home/runner/work/Baci/Baci/src/app/api/wishlist/check/route.ts (15 ms)
CodeQL Analysis	Perform CodeQL Analysis	2025-12-13T19:18:41.1616671Z [2025-12-13 19:18:41] [build-stdout] Extracting /home/runner/work/Baci/Baci/src/app/dashboard/blog/new/page.tsx
CodeQL Analysis	Perform CodeQL Analysis	2025-12-13T19:18:41.2513462Z [2025-12-13 19:18:41] [build-stdout] Done extracting /home/runner/work/Baci/Baci/src/app/dashboard/blog/new/page.tsx (92 ms)
CodeQL Analysis	Perform CodeQL Analysis	2025-12-13T19:18:41.2514870Z [2025-12-13 19:18:41] [build-stdout] Extracting /home/runner/work/Baci/Baci/src/app/dashboard/customers/[id]/client-page.tsx
CodeQL Analysis	Perform CodeQL Analysis	2025-12-13T19:18:41.3144284Z [2025-12-13 19:18:41] [build-stdout] Done extracting /home/runner/work/Baci/Baci/src/app/dashboard/customers/[id]/client-page.tsx (63 ms)
CodeQL Analysis	Perform CodeQL Analysis	2025-12-13T19:18:41.3154251Z [2025-12-13 19:18:41] [build-stdout] Extracting /home/runner/work/Baci/Baci/src/app/dashboard/customers/[id]/page.tsx
CodeQL Analysis	Perform CodeQL Analysis	2025-12-13T19:18:41.3326913Z [2025-12-13 19:18:41] [build-stdout] Done extracting /home/runner/work/Baci/Baci/src/app/dashboard/customers/[id]/page.tsx (17 ms)
CodeQL Analysis	Perform CodeQL Analysis	2025-12-13T19:18:41.3329189Z [2025-12-13 19:18:41] [build-stdout] Extracting /home/runner/work/Baci/Baci/src/app/dashboard/domains/[domain]/page.tsx
CodeQL Analysis	Perform CodeQL Analysis	2025-12-13T19:18:41.4115637Z [2025-12-13 19:18:41] [build-stdout] Done extracting /home/runner/work/Baci/Baci/src/app/dashboard/domains/[domain]/page.tsx (79 ms)
CodeQL Analysis	Perform CodeQL Analysis	2025-12-13T19:18:41.4118652Z [2025-12-13 19:18:41] [build-stdout] Extracting /home/runner/work/Baci/Baci/src/app/dashboard/integrations/facebook/page.tsx
CodeQL Analysis	Perform CodeQL Analysis	2025-12-13T19:18:41.4263772Z [2025-12-13 19:18:41] [build-stdout] Done extracting /home/runner/work/Baci/Baci/src/app/dashboard/integrations/facebook/page.tsx (14 ms)
CodeQL Analysis	Perform CodeQL Analysis	2025-12-13T19:18:41.4265957Z [2025-12-13 19:18:41] [build-stdout] Extracting /home/runner/work/Baci/Baci/src/app/dashboard/integrations/google-analytics/page.tsx
CodeQL Analysis	Perform CodeQL Analysis	2025-12-13T19:18:41.4374469Z [2025-12-13 19:18:41] [build-stdout] Done extracting /home/runner/work/Baci/Baci/src/app/dashboard/integrations/google-analytics/page.tsx (10 ms)
CodeQL Analysis	Perform CodeQL Analysis	2025-12-13T19:18:41.4376196Z [2025-12-13 19:18:41] [build-stdout] Extracting /home/runner/work/Baci/Baci/src/app/dashboard/integrations/google-merchant/page.tsx
CodeQL Analysis	Perform CodeQL Analysis	2025-12-13T19:18:41.4600203Z [2025-12-13 19:18:41] [build-stdout] Done extracting /home/runner/work/Baci/Baci/src/app/dashboard/integrations/google-merchant/page.tsx (22 ms)
CodeQL Analysis	Perform CodeQL Analysis	2025-12-13T19:18:41.4603331Z [2025-12-13 19:18:41] [build-stdout] Extracting /home/runner/work/Baci/Baci/src/app/dashboard/integrations/snapchat/page.tsx
CodeQL Analysis	Perform CodeQL Analysis	2025-12-13T19:18:41.4764677Z [2025-12-13 19:18:41] [build-stdout] Done extracting /home/runner/work/Baci/Baci/src/app/dashboard/integrations/snapchat/page.tsx (16 ms)
CodeQL Analysis	Perform CodeQL Analysis	2025-12-13T19:18:41.4773554Z [2025-12-13 19:18:41] [build-stdout] Extracting /home/runner/work/Baci/Baci/src/app/dashboard/integrations/tiktok/page.tsx
CodeQL Analysis	Perform CodeQL Analysis	2025-12-13T19:18:41.5266406Z [2025-12-13 19:18:41] [build-stdout] Done extracting /home/runner/work/Baci/Baci/src/app/dashboard/integrations/tiktok/page.tsx (49 ms)
CodeQL Analysis	Perform CodeQL Analysis	2025-12-13T19:18:41.5275330Z [2025-12-13 19:18:41] [build-stdout] Extracting /home/runner/work/Baci/Baci/src/app/dashboard/integrations/twitter/page.tsx
CodeQL Analysis	Perform CodeQL Analysis	2025-12-13T19:18:41.5467690Z [2025-12-13 19:18:41] [build-stdout] Done extracting /home/runner/work/Baci/Baci/src/app/dashboard/integrations/twitter/page.tsx (18 ms)
CodeQL Analysis	Perform CodeQL Analysis	2025-12-13T19:18:41.5470700Z [2025-12-13 19:18:41] [build-stdout] Extracting /home/runner/work/Baci/Baci/src/app/dashboard/marketing/announcement-bar/page.tsx
CodeQL Analysis	Perform CodeQL Analysis	2025-12-13T19:18:41.5924191Z [2025-12-13 19:18:41] [build-stdout] Done extracting /home/runner/work/Baci/Baci/src/app/dashboard/marketing/announcement-bar/page.tsx (46 ms)
CodeQL Analysis	Perform CodeQL Analysis	2025-12-13T19:18:41.5930522Z [2025-12-13 19:18:41] [build-stdout] Extracting /home/runner/work/Baci/Baci/src/app/dashboard/marketing/discount-codes/page.tsx
CodeQL Analysis	Perform CodeQL Analysis	2025-12-13T19:18:41.6817816Z [2025-12-13 19:18:41] [build-stdout] Done extracting /home/runner/work/Baci/Baci/src/app/dashboard/marketing/discount-codes/page.tsx (88 ms)
CodeQL Analysis	Perform CodeQL Analysis	2025-12-13T19:18:41.6834631Z [2025-12-13 19:18:41] [build-stdout] Extracting /home/runner/work/Baci/Baci/src/app/dashboard/notifications/preferences/page.tsx
CodeQL Analysis	Perform CodeQL Analysis	2025-12-13T19:18:41.7254504Z [2025-12-13 19:18:41] [build-stdout] Done extracting /home/runner/work/Baci/Baci/src/app/dashboard/notifications/preferences/page.tsx (38 ms)
CodeQL Analysis	Perform CodeQL Analysis	2025-12-13T19:18:41.7256287Z [2025-12-13 19:18:41] [build-stdout] Extracting /home/runner/work/Baci/Baci/src/app/dashboard/orders/[orderId]/client-page.tsx
CodeQL Analysis	Perform CodeQL Analysis	2025-12-13T19:18:41.8263331Z [2025-12-13 19:18:41] [build-stdout] Done extracting /home/runner/work/Baci/Baci/src/app/dashboard/orders/[orderId]/client-page.tsx (105 ms)
CodeQL Analysis	Perform CodeQL Analysis	2025-12-13T19:18:41.8265504Z [2025-12-13 19:18:41] [build-stdout] Extracting /home/runner/work/Baci/Baci/src/app/dashboard/orders/[orderId]/confirm-insurance-dialog.tsx
CodeQL Analysis	Perform CodeQL Analysis	2025-12-13T19:18:41.8694740Z [2025-12-13 19:18:41] [build-stdout] Done extracting /home/runner/work/Baci/Baci/src/app/dashboard/orders/[orderId]/confirm-insurance-dialog.tsx (43 ms)
CodeQL Analysis	Perform CodeQL Analysis	2025-12-13T19:18:41.8704091Z [2025-12-13 19:18:41] [build-stdout] Extracting /home/runner/work/Baci/Baci/src/app/dashboard/orders/[orderId]/fulfillment-dialog.tsx
CodeQL Analysis	Perform CodeQL Analysis	2025-12-13T19:18:41.9147836Z [2025-12-13 19:18:41] [build-stdout] Done extracting /home/runner/work/Baci/Baci/src/app/dashboard/orders/[orderId]/fulfillment-dialog.tsx (45 ms)
CodeQL Analysis	Perform CodeQL Analysis	2025-12-13T19:18:41.9182835Z [2025-12-13 19:18:41] [build-stdout] Extracting /home/runner/work/Baci/Baci/src/app/dashboard/orders/[orderId]/page.tsx
CodeQL Analysis	Perform CodeQL Analysis	2025-12-13T19:18:41.9232361Z [2025-12-13 19:18:41] [build-stdout] Done extracting /home/runner/work/Baci/Baci/src/app/dashboard/orders/[orderId]/page.tsx (5 ms)
CodeQL Analysis	Perform CodeQL Analysis	2025-12-13T19:18:41.9270619Z [2025-12-13 19:18:41] [build-stdout] Extracting /home/runner/work/Baci/Baci/src/app/dashboard/orders/create/create-order-form.tsx
CodeQL Analysis	Perform CodeQL Analysis	2025-12-13T19:18:42.0095981Z [2025-12-13 19:18:42] [build-stdout] Done extracting /home/runner/work/Baci/Baci/src/app/dashboard/orders/create/create-order-form.tsx (85 ms)
CodeQL Analysis	Perform CodeQL Analysis	2025-12-13T19:18:42.0101312Z [2025-12-13 19:18:42] [build-stdout] Extracting /home/runner/work/Baci/Baci/src/app/dashboard/orders/create/page.tsx
CodeQL Analysis	Perform CodeQL Analysis	2025-12-13T19:18:42.0168898Z [2025-12-13 19:18:42] [build-stdout] Done extracting /home/runner/work/Baci/Baci/src/app/dashboard/orders/create/page.tsx (5 ms)
CodeQL Analysis	Perform CodeQL Analysis	2025-12-13T19:18:42.0171654Z [2025-12-13 19:18:42] [build-stdout] Extracting /home/runner/work/Baci/Baci/src/app/dashboard/products/add/add-product-form.tsx
CodeQL Analysis	Perform CodeQL Analysis	2025-12-13T19:18:42.2973502Z [2025-12-13 19:18:42] [build-stdout] Done extracting /home/runner/work/Baci/Baci/src/app/dashboard/products/add/add-product-form.tsx (281 ms)
CodeQL Analysis	Perform CodeQL Analysis	2025-12-13T19:18:42.2978182Z [2025-12-13 19:18:42] [build-stdout] Extracting /home/runner/work/Baci/Baci/src/app/dashboard/settings/kyc/kyc-form.tsx
CodeQL Analysis	Perform CodeQL Analysis	2025-12-13T19:18:42.3421724Z [2025-12-13 19:18:42] [build-stdout] Done extracting /home/runner/work/Baci/Baci/src/app/dashboard/settings/kyc/kyc-form.tsx (46 ms)
CodeQL Analysis	Perform CodeQL Analysis	2025-12-13T19:18:42.3440228Z [2025-12-13 19:18:42] [build-stdout] Extracting /home/runner/work/Baci/Baci/src/app/dashboard/settings/kyc/page.tsx
CodeQL Analysis	Perform CodeQL Analysis	2025-12-13T19:18:42.3475641Z [2025-12-13 19:18:42] [build-stdout] Done extracting /home/runner/work/Baci/Baci/src/app/dashboard/settings/kyc/page.tsx (4 ms)
CodeQL Analysis	Perform CodeQL Analysis	2025-12-13T19:18:42.3476873Z [2025-12-13 19:18:42] [build-stdout] Extracting /home/runner/work/Baci/Baci/src/app/dashboard/settings/payments/page.tsx
CodeQL Analysis	Perform CodeQL Analysis	2025-12-13T19:18:42.4140697Z [2025-12-13 19:18:42] [build-stdout] Done extracting /home/runner/work/Baci/Baci/src/app/dashboard/settings/payments/page.tsx (66 ms)
CodeQL Analysis	Perform CodeQL Analysis	2025-12-13T19:18:42.4145759Z [2025-12-13 19:18:42] [build-stdout] Extracting /home/runner/work/Baci/Baci/src/app/dashboard/settings/team/page.tsx
CodeQL Analysis	Perform CodeQL Analysis	2025-12-13T19:18:42.4941997Z [2025-12-13 19:18:42] [build-stdout] Done extracting /home/runner/work/Baci/Baci/src/app/dashboard/settings/team/page.tsx (79 ms)
CodeQL Analysis	Perform CodeQL Analysis	2025-12-13T19:18:42.4943107Z [2025-12-13 19:18:42] [build-stdout] Extracting /home/runner/work/Baci/Baci/src/app/dashboard/settings/vtu/page.tsx
CodeQL Analysis	Perform CodeQL Analysis	2025-12-13T19:18:42.5478700Z [2025-12-13 19:18:42] [build-stdout] Done extracting /home/runner/work/Baci/Baci/src/app/dashboard/settings/vtu/page.tsx (52 ms)
CodeQL Analysis	Perform CodeQL Analysis	2025-12-13T19:18:42.5502274Z [2025-12-13 19:18:42] [build-stdout] Extracting /home/runner/work/Baci/Baci/src/app/preview/ogabassey/imei-check/page.tsx
CodeQL Analysis	Perform CodeQL Analysis	2025-12-13T19:18:42.5525220Z [2025-12-13 19:18:42] [build-stdout] Done extracting /home/runner/work/Baci/Baci/src/app/preview/ogabassey/imei-check/page.tsx (6 ms)
CodeQL Analysis	Perform CodeQL Analysis	2025-12-13T19:18:42.5541327Z [2025-12-13 19:18:42] [build-stdout] Extracting /home/runner/work/Baci/Baci/src/components/storefront/ogabassey/adLocations/config.ts
CodeQL Analysis	Perform CodeQL Analysis	2025-12-13T19:18:42.5628973Z [2025-12-13 19:18:42] [build-stdout] Done extracting /home/runner/work/Baci/Baci/src/components/storefront/ogabassey/adLocations/config.ts (9 ms)
CodeQL Analysis	Perform CodeQL Analysis	2025-12-13T19:18:42.5634651Z [2025-12-13 19:18:42] [build-stdout] Extracting /home/runner/work/Baci/Baci/src/components/storefront/ogabassey/components/AdUnit.tsx
CodeQL Analysis	Perform CodeQL Analysis	2025-12-13T19:18:42.5750067Z [2025-12-13 19:18:42] [build-stdout] Done extracting /home/runner/work/Baci/Baci/src/components/storefront/ogabassey/components/AdUnit.tsx (8 ms)
CodeQL Analysis	Perform CodeQL Analysis	2025-12-13T19:18:42.5770464Z [2025-12-13 19:18:42] [build-stdout] Extracting /home/runner/work/Baci/Baci/src/components/storefront/ogabassey/components/AdvancedProductFilters.tsx
CodeQL Analysis	Perform CodeQL Analysis	2025-12-13T19:18:42.6196656Z [2025-12-13 19:18:42] [build-stdout] Done extracting /home/runner/work/Baci/Baci/src/components/storefront/ogabassey/components/AdvancedProductFilters.tsx (47 ms)
CodeQL Analysis	Perform CodeQL Analysis	2025-12-13T19:18:42.6198320Z [2025-12-13 19:18:42] [build-stdout] Extracting /home/runner/work/Baci/Baci/src/components/storefront/ogabassey/components/BannerCarousel.tsx
CodeQL Analysis	Perform CodeQL Analysis	2025-12-13T19:18:42.6356433Z [2025-12-13 19:18:42] [build-stdout] Done extracting /home/runner/work/Baci/Baci/src/components/storefront/ogabassey/components/BannerCarousel.tsx (15 ms)
CodeQL Analysis	Perform CodeQL Analysis	2025-12-13T19:18:42.6358320Z [2025-12-13 19:18:42] [build-stdout] Extracting /home/runner/work/Baci/Baci/src/components/storefront/ogabassey/components/BlogSnippet.tsx
CodeQL Analysis	Perform CodeQL Analysis	2025-12-13T19:18:42.6513491Z [2025-12-13 19:18:42] [build-stdout] Done extracting /home/runner/work/Baci/Baci/src/components/storefront/ogabassey/components/BlogSnippet.tsx (14 ms)
CodeQL Analysis	Perform CodeQL Analysis	2025-12-13T19:18:42.6515277Z [2025-12-13 19:18:42] [build-stdout] Extracting /home/runner/work/Baci/Baci/src/components/storefront/ogabassey/components/CartSidebar.tsx
CodeQL Analysis	Perform CodeQL Analysis	2025-12-13T19:18:42.7087558Z [2025-12-13 19:18:42] [build-stdout] Done extracting /home/runner/work/Baci/Baci/src/components/storefront/ogabassey/components/CartSidebar.tsx (58 ms)
CodeQL Analysis	Perform CodeQL Analysis	2025-12-13T19:18:42.7092945Z [2025-12-13 19:18:42] [build-stdout] Extracting /home/runner/work/Baci/Baci/src/components/storefront/ogabassey/components/CategoryFiltersSidebar.tsx
CodeQL Analysis	Perform CodeQL Analysis	2025-12-13T19:18:42.7467710Z [2025-12-13 19:18:42] [build-stdout] Done extracting /home/runner/work/Baci/Baci/src/components/storefront/ogabassey/components/CategoryFiltersSidebar.tsx (37 ms)
CodeQL Analysis	Perform CodeQL Analysis	2025-12-13T19:18:42.7469581Z [2025-12-13 19:18:42] [build-stdout] Extracting /home/runner/work/Baci/Baci/src/components/storefront/ogabassey/components/ChatWidget.tsx
CodeQL Analysis	Perform CodeQL Analysis	2025-12-13T19:18:42.8029115Z [2025-12-13 19:18:42] [build-stdout] Done extracting /home/runner/work/Baci/Baci/src/components/storefront/ogabassey/components/ChatWidget.tsx (54 ms)
CodeQL Analysis	Perform CodeQL Analysis	2025-12-13T19:18:42.8030881Z [2025-12-13 19:18:42] [build-stdout] Extracting /home/runner/work/Baci/Baci/src/components/storefront/ogabassey/components/EngineProductGrid.tsx
CodeQL Analysis	Perform CodeQL Analysis	2025-12-13T19:18:42.8505892Z [2025-12-13 19:18:42] [build-stdout] Done extracting /home/runner/work/Baci/Baci/src/components/storefront/ogabassey/components/EngineProductGrid.tsx (47 ms)
CodeQL Analysis	Perform CodeQL Analysis	2025-12-13T19:18:42.8533411Z [2025-12-13 19:18:42] [build-stdout] Extracting /home/runner/work/Baci/Baci/src/components/storefront/ogabassey/components/FloatingParticles.tsx
CodeQL Analysis	Perform CodeQL Analysis	2025-12-13T19:18:42.8556683Z [2025-12-13 19:18:42] [build-stdout] Done extracting /home/runner/work/Baci/Baci/src/components/storefront/ogabassey/components/FloatingParticles.tsx (6 ms)
CodeQL Analysis	Perform CodeQL Analysis	2025-12-13T19:18:42.8560226Z [2025-12-13 19:18:42] [build-stdout] Extracting /home/runner/work/Baci/Baci/src/components/storefront/ogabassey/components/FlyToCartAnimation.tsx
CodeQL Analysis	Perform CodeQL Analysis	2025-12-13T19:18:42.8693681Z [2025-12-13 19:18:42] [build-stdout] Done extracting /home/runner/work/Baci/Baci/src/components/storefront/ogabassey/components/FlyToCartAnimation.tsx (13 ms)
CodeQL Analysis	Perform CodeQL Analysis	2025-12-13T19:18:42.8695109Z [2025-12-13 19:18:42] [build-stdout] Extracting /home/runner/work/Baci/Baci/src/components/storefront/ogabassey/components/Footer.tsx
CodeQL Analysis	Perform CodeQL Analysis	2025-12-13T19:18:42.9020509Z [2025-12-13 19:18:42] [build-stdout] Done extracting /home/runner/work/Baci/Baci/src/components/storefront/ogabassey/components/Footer.tsx (32 ms)
CodeQL Analysis	Perform CodeQL Analysis	2025-12-13T19:18:42.9022954Z [2025-12-13 19:18:42] [build-stdout] Extracting /home/runner/work/Baci/Baci/src/components/storefront/ogabassey/components/GiftModal.tsx
CodeQL Analysis	Perform CodeQL Analysis	2025-12-13T19:18:42.9512588Z [2025-12-13 19:18:42] [build-stdout] Done extracting /home/runner/work/Baci/Baci/src/components/storefront/ogabassey/components/GiftModal.tsx (49 ms)
CodeQL Analysis	Perform CodeQL Analysis	2025-12-13T19:18:42.9515199Z [2025-12-13 19:18:42] [build-stdout] Extracting /home/runner/work/Baci/Baci/src/components/storefront/ogabassey/components/Hero.tsx
CodeQL Analysis	Perform CodeQL Analysis	2025-12-13T19:18:43.0161575Z [2025-12-13 19:18:43] [build-stdout] Done extracting /home/runner/work/Baci/Baci/src/components/storefront/ogabassey/components/Hero.tsx (64 ms)
CodeQL Analysis	Perform CodeQL Analysis	2025-12-13T19:18:43.0165856Z [2025-12-13 19:18:43] [build-stdout] Extracting /home/runner/work/Baci/Baci/src/components/storefront/ogabassey/components/InteractiveProductGrid.tsx
CodeQL Analysis	Perform CodeQL Analysis	2025-12-13T19:18:43.0495753Z [2025-12-13 19:18:43] [build-stdout] Done extracting /home/runner/work/Baci/Baci/src/components/storefront/ogabassey/components/InteractiveProductGrid.tsx (33 ms)
CodeQL Analysis	Perform CodeQL Analysis	2025-12-13T19:18:43.0497293Z [2025-12-13 19:18:43] [build-stdout] Extracting /home/runner/work/Baci/Baci/src/components/storefront/ogabassey/components/InvoiceModal.tsx
CodeQL Analysis	Perform CodeQL Analysis	2025-12-13T19:18:43.0820893Z [2025-12-13 19:18:43] [build-stdout] Done extracting /home/runner/work/Baci/Baci/src/components/storefront/ogabassey/components/InvoiceModal.tsx (32 ms)
CodeQL Analysis	Perform CodeQL Analysis	2025-12-13T19:18:43.0860373Z [2025-12-13 19:18:43] [build-stdout] Extracting /home/runner/work/Baci/Baci/src/components/storefront/ogabassey/components/Logo.tsx
CodeQL Analysis	Perform CodeQL Analysis	2025-12-13T19:18:43.1095327Z [2025-12-13 19:18:43] [build-stdout] Done extracting /home/runner/work/Baci/Baci/src/components/storefront/ogabassey/components/Logo.tsx (26 ms)
CodeQL Analysis	Perform CodeQL Analysis	2025-12-13T19:18:43.1098066Z [2025-12-13 19:18:43] [build-stdout] Extracting /home/runner/work/Baci/Baci/src/components/storefront/ogabassey/components/MobileFooter.tsx
CodeQL Analysis	Perform CodeQL Analysis	2025-12-13T19:18:43.1490971Z [2025-12-13 19:18:43] [build-stdout] Done extracting /home/runner/work/Baci/Baci/src/components/storefront/ogabassey/components/MobileFooter.tsx (33 ms)
CodeQL Analysis	Perform CodeQL Analysis	2025-12-13T19:18:43.1492743Z [2025-12-13 19:18:43] [build-stdout] Extracting /home/runner/work/Baci/Baci/src/components/storefront/ogabassey/components/MobileMenu.tsx
CodeQL Analysis	Perform CodeQL Analysis	2025-12-13T19:18:43.1796951Z [2025-12-13 19:18:43] [build-stdout] Done extracting /home/runner/work/Baci/Baci/src/components/storefront/ogabassey/components/MobileMenu.tsx (36 ms)
CodeQL Analysis	Perform CodeQL Analysis	2025-12-13T19:18:43.1798564Z [2025-12-13 19:18:43] [build-stdout] Extracting /home/runner/work/Baci/Baci/src/components/storefront/ogabassey/components/NegotiationModal.tsx
CodeQL Analysis	Perform CodeQL Analysis	2025-12-13T19:18:43.2003269Z [2025-12-13 19:18:43] [build-stdout] Done extracting /home/runner/work/Baci/Baci/src/components/storefront/ogabassey/components/NegotiationModal.tsx (20 ms)
CodeQL Analysis	Perform CodeQL Analysis	2025-12-13T19:18:43.2006899Z [2025-12-13 19:18:43] [build-stdout] Extracting /home/runner/work/Baci/Baci/src/components/storefront/ogabassey/components/OfflineNotice.tsx
CodeQL Analysis	Perform CodeQL Analysis	2025-12-13T19:18:43.2207304Z [2025-12-13 19:18:43] [build-stdout] Done extracting /home/runner/work/Baci/Baci/src/components/storefront/ogabassey/components/OfflineNotice.tsx (13 ms)
CodeQL Analysis	Perform CodeQL Analysis	2025-12-13T19:18:43.2290597Z [2025-12-13 19:18:43] [build-stdout] Extracting /home/runner/work/Baci/Baci/src/components/storefront/ogabassey/components/PaymentLogos.tsx
CodeQL Analysis	Perform CodeQL Analysis	2025-12-13T19:18:43.2497742Z [2025-12-13 19:18:43] [build-stdout] Done extracting /home/runner/work/Baci/Baci/src/components/storefront/ogabassey/components/PaymentLogos.tsx (35 ms)
CodeQL Analysis	Perform CodeQL Analysis	2025-12-13T19:18:43.2510873Z [2025-12-13 19:18:43] [build-stdout] Extracting /home/runner/work/Baci/Baci/src/components/storefront/ogabassey/components/PopupSystem.tsx
CodeQL Analysis	Perform CodeQL Analysis	2025-12-13T19:18:43.2841158Z [2025-12-13 19:18:43] [build-stdout] Done extracting /home/runner/work/Baci/Baci/src/components/storefront/ogabassey/components/PopupSystem.tsx (33 ms)
CodeQL Analysis	Perform CodeQL Analysis	2025-12-13T19:18:43.2842742Z [2025-12-13 19:18:43] [build-stdout] Extracting /home/runner/work/Baci/Baci/src/components/storefront/ogabassey/components/ProductCard.tsx
CodeQL Analysis	Perform CodeQL Analysis	2025-12-13T19:18:43.3260816Z [2025-12-13 19:18:43] [build-stdout] Done extracting /home/runner/work/Baci/Baci/src/components/storefront/ogabassey/components/ProductCard.tsx (40 ms)
CodeQL Analysis	Perform CodeQL Analysis	2025-12-13T19:18:43.3288003Z [2025-12-13 19:18:43] [build-stdout] Extracting /home/runner/work/Baci/Baci/src/components/storefront/ogabassey/components/ProductComparisonTable.tsx
CodeQL Analysis	Perform CodeQL Analysis	2025-12-13T19:18:43.3691694Z [2025-12-13 19:18:43] [build-stdout] Done extracting /home/runner/work/Baci/Baci/src/components/storefront/ogabassey/components/ProductComparisonTable.tsx (43 ms)
CodeQL Analysis	Perform CodeQL Analysis	2025-12-13T19:18:43.3693108Z [2025-12-13 19:18:43] [build-stdout] Extracting /home/runner/work/Baci/Baci/src/components/storefront/ogabassey/components/ProductFilters.tsx
CodeQL Analysis	Perform CodeQL Analysis	2025-12-13T19:18:43.4092074Z [2025-12-13 19:18:43] [build-stdout] Done extracting /home/runner/work/Baci/Baci/src/components/storefront/ogabassey/components/ProductFilters.tsx (31 ms)
CodeQL Analysis	Perform CodeQL Analysis	2025-12-13T19:18:43.4095140Z [2025-12-13 19:18:43] [build-stdout] Extracting /home/runner/work/Baci/Baci/src/components/storefront/ogabassey/components/ProductGridItem.tsx
CodeQL Analysis	Perform CodeQL Analysis	2025-12-13T19:18:43.4593946Z [2025-12-13 19:18:43] [build-stdout] Done extracting /home/runner/work/Baci/Baci/src/components/storefront/ogabassey/components/ProductGridItem.tsx (59 ms)
CodeQL Analysis	Perform CodeQL Analysis	2025-12-13T19:18:43.4595537Z [2025-12-13 19:18:43] [build-stdout] Extracting /home/runner/work/Baci/Baci/src/components/storefront/ogabassey/components/ProductListItem.tsx
CodeQL Analysis	Perform CodeQL Analysis	2025-12-13T19:18:43.4844462Z [2025-12-13 19:18:43] [build-stdout] Done extracting /home/runner/work/Baci/Baci/src/components/storefront/ogabassey/components/ProductListItem.tsx (25 ms)
CodeQL Analysis	Perform CodeQL Analysis	2025-12-13T19:18:43.4850961Z [2025-12-13 19:18:43] [build-stdout] Extracting /home/runner/work/Baci/Baci/src/components/storefront/ogabassey/components/ProductVideo.tsx
CodeQL Analysis	Perform CodeQL Analysis	2025-12-13T19:18:43.4916064Z [2025-12-13 19:18:43] [build-stdout] Done extracting /home/runner/work/Baci/Baci/src/components/storefront/ogabassey/components/ProductVideo.tsx (6 ms)
CodeQL Analysis	Perform CodeQL Analysis	2025-12-13T19:18:43.4919279Z [2025-12-13 19:18:43] [build-stdout] Extracting /home/runner/work/Baci/Baci/src/components/storefront/ogabassey/components/ReceiptModal.tsx
CodeQL Analysis	Perform CodeQL Analysis	2025-12-13T19:18:43.5389503Z [2025-12-13 19:18:43] [build-stdout] Done extracting /home/runner/work/Baci/Baci/src/components/storefront/ogabassey/components/ReceiptModal.tsx (47 ms)
CodeQL Analysis	Perform CodeQL Analysis	2025-12-13T19:18:43.5391020Z [2025-12-13 19:18:43] [build-stdout] Extracting /home/runner/work/Baci/Baci/src/components/storefront/ogabassey/components/SEO.tsx
CodeQL Analysis	Perform CodeQL Analysis	2025-12-13T19:18:43.5562797Z [2025-12-13 19:18:43] [build-stdout] Done extracting /home/runner/work/Baci/Baci/src/components/storefront/ogabassey/components/SEO.tsx (16 ms)
CodeQL Analysis	Perform CodeQL Analysis	2025-12-13T19:18:43.5564050Z [2025-12-13 19:18:43] [build-stdout] Extracting /home/runner/work/Baci/Baci/src/components/storefront/ogabassey/components/SavedToast.tsx
CodeQL Analysis	Perform CodeQL Analysis	2025-12-13T19:18:43.5635250Z [2025-12-13 19:18:43] [build-stdout] Done extracting /home/runner/work/Baci/Baci/src/components/storefront/ogabassey/components/SavedToast.tsx (7 ms)
CodeQL Analysis	Perform CodeQL Analysis	2025-12-13T19:18:43.5636666Z [2025-12-13 19:18:43] [build-stdout] Extracting /home/runner/work/Baci/Baci/src/components/storefront/ogabassey/components/SmartQuoteLoader.tsx
CodeQL Analysis	Perform CodeQL Analysis	2025-12-13T19:18:43.5708570Z [2025-12-13 19:18:43] [build-stdout] Done extracting /home/runner/work/Baci/Baci/src/components/storefront/ogabassey/components/SmartQuoteLoader.tsx (7 ms)
CodeQL Analysis	Perform CodeQL Analysis	2025-12-13T19:18:43.5711510Z [2025-12-13 19:18:43] [build-stdout] Extracting /home/runner/work/Baci/Baci/src/components/storefront/ogabassey/components/SnowEffect.tsx
CodeQL Analysis	Perform CodeQL Analysis	2025-12-13T19:18:43.5790950Z [2025-12-13 19:18:43] [build-stdout] Done extracting /home/runner/work/Baci/Baci/src/components/storefront/ogabassey/components/SnowEffect.tsx (7 ms)
CodeQL Analysis	Perform CodeQL Analysis	2025-12-13T19:18:43.5811081Z [2025-12-13 19:18:43] [build-stdout] Extracting /home/runner/work/Baci/Baci/src/components/storefront/ogabassey/components/SourceRequestModal.tsx
CodeQL Analysis	Perform CodeQL Analysis	2025-12-13T19:18:43.5969750Z [2025-12-13 19:18:43] [build-stdout] Done extracting /home/runner/work/Baci/Baci/src/components/storefront/ogabassey/components/SourceRequestModal.tsx (18 ms)
CodeQL Analysis	Perform CodeQL Analysis	2025-12-13T19:18:43.5973719Z [2025-12-13 19:18:43] [build-stdout] Extracting /home/runner/work/Baci/Baci/src/components/storefront/ogabassey/components/UpsellToast.tsx
CodeQL Analysis	Perform CodeQL Analysis	2025-12-13T19:18:43.6152220Z [2025-12-13 19:18:43] [build-stdout] Done extracting /home/runner/work/Baci/Baci/src/components/storefront/ogabassey/components/UpsellToast.tsx (17 ms)
CodeQL Analysis	Perform CodeQL Analysis	2025-12-13T19:18:43.6153549Z [2025-12-13 19:18:43] [build-stdout] Extracting /home/runner/work/Baci/Baci/src/components/storefront/ogabassey/components/UtilityModal.tsx
CodeQL Analysis	Perform CodeQL Analysis	2025-12-13T19:18:43.6673029Z [2025-12-13 19:18:43] [build-stdout] Done extracting /home/runner/work/Baci/Baci/src/components/storefront/ogabassey/components/UtilityModal.tsx (52 ms)
CodeQL Analysis	Perform CodeQL Analysis	2025-12-13T19:18:43.6677919Z [2025-12-13 19:18:43] [build-stdout] Extracting /home/runner/work/Baci/Baci/src/components/storefront/ogabassey/components/empty-state.tsx
CodeQL Analysis	Perform CodeQL Analysis	2025-12-13T19:18:43.7032167Z [2025-12-13 19:18:43] [build-stdout] Done extracting /home/runner/work/Baci/Baci/src/components/storefront/ogabassey/components/empty-state.tsx (35 ms)
CodeQL Analysis	Perform CodeQL Analysis	2025-12-13T19:18:43.7035513Z [2025-12-13 19:18:43] [build-stdout] Extracting /home/runner/work/Baci/Baci/src/components/storefront/ogabassey/components/index.ts
CodeQL Analysis	Perform CodeQL Analysis	2025-12-13T19:18:43.7080364Z [2025-12-13 19:18:43] [build-stdout] Done extracting /home/runner/work/Baci/Baci/src/components/storefront/ogabassey/components/index.ts (4 ms)
CodeQL Analysis	Perform CodeQL Analysis	2025-12-13T19:18:43.7084852Z [2025-12-13 19:18:43] [build-stdout] Extracting /home/runner/work/Baci/Baci/src/components/storefront/ogabassey/components/loader.tsx
CodeQL Analysis	Perform CodeQL Analysis	2025-12-13T19:18:43.7117627Z [2025-12-13 19:18:43] [build-stdout] Done extracting /home/runner/work/Baci/Baci/src/components/storefront/ogabassey/components/loader.tsx (3 ms)
CodeQL Analysis	Perform CodeQL Analysis	2025-12-13T19:18:43.7120542Z [2025-12-13 19:18:43] [build-stdout] Extracting /home/runner/work/Baci/Baci/src/components/storefront/ogabassey/config/ads.ts
CodeQL Analysis	Perform CodeQL Analysis	2025-12-13T19:18:43.7231631Z [2025-12-13 19:18:43] [build-stdout] Done extracting /home/runner/work/Baci/Baci/src/components/storefront/ogabassey/config/ads.ts (10 ms)
CodeQL Analysis	Perform CodeQL Analysis	2025-12-13T19:18:43.7234003Z [2025-12-13 19:18:43] [build-stdout] Extracting /home/runner/work/Baci/Baci/src/components/storefront/ogabassey/contexts/ComparisonContext.tsx
CodeQL Analysis	Perform CodeQL Analysis	2025-12-13T19:18:43.7347371Z [2025-12-13 19:18:43] [build-stdout] Done extracting /home/runner/work/Baci/Baci/src/components/storefront/ogabassey/contexts/ComparisonContext.tsx (12 ms)
CodeQL Analysis	Perform CodeQL Analysis	2025-12-13T19:18:43.7348816Z [2025-12-13 19:18:43] [build-stdout] Extracting /home/runner/work/Baci/Baci/src/components/storefront/ogabassey/contexts/SavedContext.tsx
CodeQL Analysis	Perform CodeQL Analysis	2025-12-13T19:18:43.7471810Z [2025-12-13 19:18:43] [build-stdout] Done extracting /home/runner/work/Baci/Baci/src/components/storefront/ogabassey/contexts/SavedContext.tsx (12 ms)
CodeQL Analysis	Perform CodeQL Analysis	2025-12-13T19:18:43.7474532Z [2025-12-13 19:18:43] [build-stdout] Extracting /home/runner/work/Baci/Baci/src/components/storefront/ogabassey/data/products.ts
CodeQL Analysis	Perform CodeQL Analysis	2025-12-13T19:18:43.7833768Z [2025-12-13 19:18:43] [build-stdout] Done extracting /home/runner/work/Baci/Baci/src/components/storefront/ogabassey/data/products.ts (30 ms)
CodeQL Analysis	Perform CodeQL Analysis	2025-12-13T19:18:43.7835329Z [2025-12-13 19:18:43] [build-stdout] Extracting /home/runner/work/Baci/Baci/src/components/storefront/ogabassey/layout/app-body.tsx
CodeQL Analysis	Perform CodeQL Analysis	2025-12-13T19:18:43.7870379Z [2025-12-13 19:18:43] [build-stdout] Done extracting /home/runner/work/Baci/Baci/src/components/storefront/ogabassey/layout/app-body.tsx (7 ms)
CodeQL Analysis	Perform CodeQL Analysis	2025-12-13T19:18:43.7872037Z [2025-12-13 19:18:43] [build-stdout] Extracting /home/runner/work/Baci/Baci/src/components/storefront/ogabassey/layout/footer.tsx
CodeQL Analysis	Perform CodeQL Analysis	2025-12-13T19:18:43.8248300Z [2025-12-13 19:18:43] [build-stdout] Done extracting /home/runner/work/Baci/Baci/src/components/storefront/ogabassey/layout/footer.tsx (39 ms)
CodeQL Analysis	Perform CodeQL Analysis	2025-12-13T19:18:43.8252270Z [2025-12-13 19:18:43] [build-stdout] Extracting /home/runner/work/Baci/Baci/src/components/storefront/ogabassey/layout/logo.tsx
CodeQL Analysis	Perform CodeQL Analysis	2025-12-13T19:18:43.8456041Z [2025-12-13 19:18:43] [build-stdout] Done extracting /home/runner/work/Baci/Baci/src/components/storefront/ogabassey/layout/logo.tsx (19 ms)
CodeQL Analysis	Perform CodeQL Analysis	2025-12-13T19:18:43.8459841Z [2025-12-13 19:18:43] [build-stdout] Extracting /home/runner/work/Baci/Baci/src/components/storefront/ogabassey/layout/mobile-footer.tsx
CodeQL Analysis	Perform CodeQL Analysis	2025-12-13T19:18:43.8674871Z [2025-12-13 19:18:43] [build-stdout] Done extracting /home/runner/work/Baci/Baci/src/components/storefront/ogabassey/layout/mobile-footer.tsx (21 ms)
CodeQL Analysis	Perform CodeQL Analysis	2025-12-13T19:18:43.8683777Z [2025-12-13 19:18:43] [build-stdout] Extracting /home/runner/work/Baci/Baci/src/components/storefront/ogabassey/layout/mobile-menu.tsx
CodeQL Analysis	Perform CodeQL Analysis	2025-12-13T19:18:43.9000736Z [2025-12-13 19:18:43] [build-stdout] Done extracting /home/runner/work/Baci/Baci/src/components/storefront/ogabassey/layout/mobile-menu.tsx (30 ms)
CodeQL Analysis	Perform CodeQL Analysis	2025-12-13T19:18:43.9006391Z [2025-12-13 19:18:43] [build-stdout] Extracting /home/runner/work/Baci/Baci/src/components/storefront/ogabassey/layout/navbar.tsx
CodeQL Analysis	Perform CodeQL Analysis	2025-12-13T19:18:43.9529342Z [2025-12-13 19:18:43] [build-stdout] Done extracting /home/runner/work/Baci/Baci/src/components/storefront/ogabassey/layout/navbar.tsx (54 ms)
CodeQL Analysis	Perform CodeQL Analysis	2025-12-13T19:18:43.9532928Z [2025-12-13 19:18:43] [build-stdout] Extracting /home/runner/work/Baci/Baci/src/components/storefront/ogabassey/pages/about-us.tsx
CodeQL Analysis	Perform CodeQL Analysis	2025-12-13T19:18:43.9815060Z [2025-12-13 19:18:43] [build-stdout] Done extracting /home/runner/work/Baci/Baci/src/components/storefront/ogabassey/pages/about-us.tsx (26 ms)
CodeQL Analysis	Perform CodeQL Analysis	2025-12-13T19:18:43.9818110Z [2025-12-13 19:18:43] [build-stdout] Extracting /home/runner/work/Baci/Baci/src/components/storefront/ogabassey/pages/ad-config.ts
CodeQL Analysis	Perform CodeQL Analysis	2025-12-13T19:18:43.9904989Z [2025-12-13 19:18:43] [build-stdout] Done extracting /home/runner/work/Baci/Baci/src/components/storefront/ogabassey/pages/ad-config.ts (10 ms)
CodeQL Analysis	Perform CodeQL Analysis	2025-12-13T19:18:43.9908537Z [2025-12-13 19:18:43] [build-stdout] Extracting /home/runner/work/Baci/Baci/src/components/storefront/ogabassey/pages/ad-unit.tsx
CodeQL Analysis	Perform CodeQL Analysis	2025-12-13T19:18:43.9980349Z [2025-12-13 19:18:43] [build-stdout] Done extracting /home/runner/work/Baci/Baci/src/components/storefront/ogabassey/pages/ad-unit.tsx (8 ms)
CodeQL Analysis	Perform CodeQL Analysis	2025-12-13T19:18:43.9986983Z [2025-12-13 19:18:43] [build-stdout] Extracting /home/runner/work/Baci/Baci/src/components/storefront/ogabassey/pages/address-book.tsx
CodeQL Analysis	Perform CodeQL Analysis	2025-12-13T19:18:44.0155580Z [2025-12-13 19:18:44] [build-stdout] Done extracting /home/runner/work/Baci/Baci/src/components/storefront/ogabassey/pages/address-book.tsx (16 ms)
CodeQL Analysis	Perform CodeQL Analysis	2025-12-13T19:18:44.0156854Z [2025-12-13 19:18:44] [build-stdout] Extracting /home/runner/work/Baci/Baci/src/components/storefront/ogabassey/pages/blog.tsx
CodeQL Analysis	Perform CodeQL Analysis	2025-12-13T19:18:44.0504930Z [2025-12-13 19:18:44] [build-stdout] Done extracting /home/runner/work/Baci/Baci/src/components/storefront/ogabassey/pages/blog.tsx (34 ms)
CodeQL Analysis	Perform CodeQL Analysis	2025-12-13T19:18:44.0508681Z [2025-12-13 19:18:44] [build-stdout] Extracting /home/runner/work/Baci/Baci/src/components/storefront/ogabassey/pages/cart-page.tsx
CodeQL Analysis	Perform CodeQL Analysis	2025-12-13T19:18:44.1109697Z [2025-12-13 19:18:44] [build-stdout] Done extracting /home/runner/work/Baci/Baci/src/components/storefront/ogabassey/pages/cart-page.tsx (61 ms)
CodeQL Analysis	Perform CodeQL Analysis	2025-12-13T19:18:44.1114788Z [2025-12-13 19:18:44] [build-stdout] Extracting /home/runner/work/Baci/Baci/src/components/storefront/ogabassey/pages/cart.tsx
CodeQL Analysis	Perform CodeQL Analysis	2025-12-13T19:18:44.1596234Z [2025-12-13 19:18:44] [build-stdout] Done extracting /home/runner/work/Baci/Baci/src/components/storefront/ogabassey/pages/cart.tsx (48 ms)
CodeQL Analysis	Perform CodeQL Analysis	2025-12-13T19:18:44.1597964Z [2025-12-13 19:18:44] [build-stdout] Extracting /home/runner/work/Baci/Baci/src/components/storefront/ogabassey/pages/category-page.tsx
CodeQL Analysis	Perform CodeQL Analysis	2025-12-13T19:18:44.2380599Z [2025-12-13 19:18:44] [build-stdout] Done extracting /home/runner/work/Baci/Baci/src/components/storefront/ogabassey/pages/category-page.tsx (78 ms)
CodeQL Analysis	Perform CodeQL Analysis	2025-12-13T19:18:44.2382324Z [2025-12-13 19:18:44] [build-stdout] Extracting /home/runner/work/Baci/Baci/src/components/storefront/ogabassey/pages/category.tsx
CodeQL Analysis	Perform CodeQL Analysis	2025-12-13T19:18:44.3149443Z [2025-12-13 19:18:44] [build-stdout] Done extracting /home/runner/work/Baci/Baci/src/components/storefront/ogabassey/pages/category.tsx (73 ms)
CodeQL Analysis	Perform CodeQL Analysis	2025-12-13T19:18:44.3150977Z [2025-12-13 19:18:44] [build-stdout] Extracting /home/runner/work/Baci/Baci/src/components/storefront/ogabassey/pages/checkout-page.tsx
CodeQL Analysis	Perform CodeQL Analysis	2025-12-13T19:18:44.4890025Z [2025-12-13 19:18:44] [build-stdout] Done extracting /home/runner/work/Baci/Baci/src/components/storefront/ogabassey/pages/checkout-page.tsx (176 ms)
CodeQL Analysis	Perform CodeQL Analysis	2025-12-13T19:18:44.4891577Z [2025-12-13 19:18:44] [build-stdout] Extracting /home/runner/work/Baci/Baci/src/components/storefront/ogabassey/pages/help-support.tsx
CodeQL Analysis	Perform CodeQL Analysis	2025-12-13T19:18:44.5151654Z [2025-12-13 19:18:44] [build-stdout] Done extracting /home/runner/work/Baci/Baci/src/components/storefront/ogabassey/pages/help-support.tsx (26 ms)
CodeQL Analysis	Perform CodeQL Analysis	2025-12-13T19:18:44.5154944Z [2025-12-13 19:18:44] [build-stdout] Extracting /home/runner/work/Baci/Baci/src/components/storefront/ogabassey/pages/home-page.tsx
CodeQL Analysis	Perform CodeQL Analysis	2025-12-13T19:18:44.5190285Z [2025-12-13 19:18:44] [build-stdout] Done extracting /home/runner/work/Baci/Baci/src/components/storefront/ogabassey/pages/home-page.tsx (3 ms)
CodeQL Analysis	Perform CodeQL Analysis	2025-12-13T19:18:44.5191462Z [2025-12-13 19:18:44] [build-stdout] Extracting /home/runner/work/Baci/Baci/src/components/storefront/ogabassey/pages/home.tsx
CodeQL Analysis	Perform CodeQL Analysis	2025-12-13T19:18:44.5270983Z [2025-12-13 19:18:44] [build-stdout] Done extracting /home/runner/work/Baci/Baci/src/components/storefront/ogabassey/pages/home.tsx (5 ms)
CodeQL Analysis	Perform CodeQL Analysis	2025-12-13T19:18:44.5272604Z [2025-12-13 19:18:44] [build-stdout] Extracting /home/runner/work/Baci/Baci/src/components/storefront/ogabassey/pages/imei-checker.tsx
CodeQL Analysis	Perform CodeQL Analysis	2025-12-13T19:18:44.5745416Z [2025-12-13 19:18:44] [build-stdout] Done extracting /home/runner/work/Baci/Baci/src/components/storefront/ogabassey/pages/imei-checker.tsx (49 ms)
CodeQL Analysis	Perform CodeQL Analysis	2025-12-13T19:18:44.5746619Z [2025-12-13 19:18:44] [build-stdout] Extracting /home/runner/work/Baci/Baci/src/components/storefront/ogabassey/pages/index.ts
CodeQL Analysis	Perform CodeQL Analysis	2025-12-13T19:18:44.5784217Z [2025-12-13 19:18:44] [build-stdout] Done extracting /home/runner/work/Baci/Baci/src/components/storefront/ogabassey/pages/index.ts (4 ms)
CodeQL Analysis	Perform CodeQL Analysis	2025-12-13T19:18:44.5788836Z [2025-12-13 19:18:44] [build-stdout] Extracting /home/runner/work/Baci/Baci/src/components/storefront/ogabassey/pages/legal-dispute.tsx
CodeQL Analysis	Perform CodeQL Analysis	2025-12-13T19:18:44.6312017Z [2025-12-13 19:18:44] [build-stdout] Done extracting /home/runner/work/Baci/Baci/src/components/storefront/ogabassey/pages/legal-dispute.tsx (50 ms)
CodeQL Analysis	Perform CodeQL Analysis	2025-12-13T19:18:44.6314033Z [2025-12-13 19:18:44] [build-stdout] Extracting /home/runner/work/Baci/Baci/src/components/storefront/ogabassey/pages/member-status.tsx
CodeQL Analysis	Perform CodeQL Analysis	2025-12-13T19:18:44.6628156Z [2025-12-13 19:18:44] [build-stdout] Done extracting /home/runner/work/Baci/Baci/src/components/storefront/ogabassey/pages/member-status.tsx (33 ms)
CodeQL Analysis	Perform CodeQL Analysis	2025-12-13T19:18:44.6633666Z [2025-12-13 19:18:44] [build-stdout] Extracting /home/runner/work/Baci/Baci/src/components/storefront/ogabassey/pages/notifications.tsx
CodeQL Analysis	Perform CodeQL Analysis	2025-12-13T19:18:44.6918844Z [2025-12-13 19:18:44] [build-stdout] Done extracting /home/runner/work/Baci/Baci/src/components/storefront/ogabassey/pages/notifications.tsx (28 ms)
CodeQL Analysis	Perform CodeQL Analysis	2025-12-13T19:18:44.6921992Z [2025-12-13 19:18:44] [build-stdout] Extracting /home/runner/work/Baci/Baci/src/components/storefront/ogabassey/pages/order-details.tsx
CodeQL Analysis	Perform CodeQL Analysis	2025-12-13T19:18:44.7272783Z [2025-12-13 19:18:44] [build-stdout] Done extracting /home/runner/work/Baci/Baci/src/components/storefront/ogabassey/pages/order-details.tsx (35 ms)
CodeQL Analysis	Perform CodeQL Analysis	2025-12-13T19:18:44.7274378Z [2025-12-13 19:18:44] [build-stdout] Extracting /home/runner/work/Baci/Baci/src/components/storefront/ogabassey/pages/order-success-page.tsx
CodeQL Analysis	Perform CodeQL Analysis	2025-12-13T19:18:44.7575415Z [2025-12-13 19:18:44] [build-stdout] Done extracting /home/runner/work/Baci/Baci/src/components/storefront/ogabassey/pages/order-success-page.tsx (30 ms)
CodeQL Analysis	Perform CodeQL Analysis	2025-12-13T19:18:44.7580946Z [2025-12-13 19:18:44] [build-stdout] Extracting /home/runner/work/Baci/Baci/src/components/storefront/ogabassey/pages/orders.tsx
CodeQL Analysis	Perform CodeQL Analysis	2025-12-13T19:18:44.7913311Z [2025-12-13 19:18:44] [build-stdout] Done extracting /home/runner/work/Baci/Baci/src/components/storefront/ogabassey/pages/orders.tsx (33 ms)
CodeQL Analysis	Perform CodeQL Analysis	2025-12-13T19:18:44.7915563Z [2025-12-13 19:18:44] [build-stdout] Extracting /home/runner/work/Baci/Baci/src/components/storefront/ogabassey/pages/privacy-policy.tsx
CodeQL Analysis	Perform CodeQL Analysis	2025-12-13T19:18:44.8243097Z [2025-12-13 19:18:44] [build-stdout] Done extracting /home/runner/work/Baci/Baci/src/components/storefront/ogabassey/pages/privacy-policy.tsx (32 ms)
CodeQL Analysis	Perform CodeQL Analysis	2025-12-13T19:18:44.8247273Z [2025-12-13 19:18:44] [build-stdout] Extracting /home/runner/work/Baci/Baci/src/components/storefront/ogabassey/pages/product-details-page.tsx
CodeQL Analysis	Perform CodeQL Analysis	2025-12-13T19:18:45.0205897Z [2025-12-13 19:18:45] [build-stdout] Done extracting /home/runner/work/Baci/Baci/src/components/storefront/ogabassey/pages/product-details-page.tsx (196 ms)
CodeQL Analysis	Perform CodeQL Analysis	2025-12-13T19:18:45.0211528Z [2025-12-13 19:18:45] [build-stdout] Extracting /home/runner/work/Baci/Baci/src/components/storefront/ogabassey/pages/product-details.tsx
CodeQL Analysis	Perform CodeQL Analysis	2025-12-13T19:18:45.1423711Z [2025-12-13 19:18:45] [build-stdout] Done extracting /home/runner/work/Baci/Baci/src/components/storefront/ogabassey/pages/product-details.tsx (119 ms)
CodeQL Analysis	Perform CodeQL Analysis	2025-12-13T19:18:45.1425314Z [2025-12-13 19:18:45] [build-stdout] Extracting /home/runner/work/Baci/Baci/src/components/storefront/ogabassey/pages/profile.tsx
CodeQL Analysis	Perform CodeQL Analysis	2025-12-13T19:18:45.1671298Z [2025-12-13 19:18:45] [build-stdout] Done extracting /home/runner/work/Baci/Baci/src/components/storefront/ogabassey/pages/profile.tsx (26 ms)
CodeQL Analysis	Perform CodeQL Analysis	2025-12-13T19:18:45.1677411Z [2025-12-13 19:18:45] [build-stdout] Extracting /home/runner/work/Baci/Baci/src/components/storefront/ogabassey/pages/purchase-history.tsx
CodeQL Analysis	Perform CodeQL Analysis	2025-12-13T19:18:45.1848374Z [2025-12-13 19:18:45] [build-stdout] Done extracting /home/runner/work/Baci/Baci/src/components/storefront/ogabassey/pages/purchase-history.tsx (17 ms)
CodeQL Analysis	Perform CodeQL Analysis	2025-12-13T19:18:45.1853303Z [2025-12-13 19:18:45] [build-stdout] Extracting /home/runner/work/Baci/Baci/src/components/storefront/ogabassey/pages/receipts.tsx
CodeQL Analysis	Perform CodeQL Analysis	2025-12-13T19:18:45.2147406Z [2025-12-13 19:18:45] [build-stdout] Done extracting /home/runner/work/Baci/Baci/src/components/storefront/ogabassey/pages/receipts.tsx (29 ms)
CodeQL Analysis	Perform CodeQL Analysis	2025-12-13T19:18:45.2148635Z [2025-12-13 19:18:45] [build-stdout] Extracting /home/runner/work/Baci/Baci/src/components/storefront/ogabassey/pages/repairs.tsx
CodeQL Analysis	Perform CodeQL Analysis	2025-12-13T19:18:45.2512956Z [2025-12-13 19:18:45] [build-stdout] Done extracting /home/runner/work/Baci/Baci/src/components/storefront/ogabassey/pages/repairs.tsx (36 ms)
CodeQL Analysis	Perform CodeQL Analysis	2025-12-13T19:18:45.2517493Z [2025-12-13 19:18:45] [build-stdout] Extracting /home/runner/work/Baci/Baci/src/components/storefront/ogabassey/pages/reviews.tsx
CodeQL Analysis	Perform CodeQL Analysis	2025-12-13T19:18:45.2911666Z [2025-12-13 19:18:45] [build-stdout] Done extracting /home/runner/work/Baci/Baci/src/components/storefront/ogabassey/pages/reviews.tsx (39 ms)
CodeQL Analysis	Perform CodeQL Analysis	2025-12-13T19:18:45.2912983Z [2025-12-13 19:18:45] [build-stdout] Extracting /home/runner/work/Baci/Baci/src/components/storefront/ogabassey/pages/saved-page.tsx
CodeQL Analysis	Perform CodeQL Analysis	2025-12-13T19:18:45.3028661Z [2025-12-13 19:18:45] [build-stdout] Done extracting /home/runner/work/Baci/Baci/src/components/storefront/ogabassey/pages/saved-page.tsx (11 ms)
CodeQL Analysis	Perform CodeQL Analysis	2025-12-13T19:18:45.3032008Z [2025-12-13 19:18:45] [build-stdout] Extracting /home/runner/work/Baci/Baci/src/components/storefront/ogabassey/pages/saved.tsx
CodeQL Analysis	Perform CodeQL Analysis	2025-12-13T19:18:45.3230596Z [2025-12-13 19:18:45] [build-stdout] Done extracting /home/runner/work/Baci/Baci/src/components/storefront/ogabassey/pages/saved.tsx (19 ms)
CodeQL Analysis	Perform CodeQL Analysis	2025-12-13T19:18:45.3233459Z [2025-12-13 19:18:45] [build-stdout] Extracting /home/runner/work/Baci/Baci/src/components/storefront/ogabassey/pages/security.tsx
CodeQL Analysis	Perform CodeQL Analysis	2025-12-13T19:18:45.3888719Z [2025-12-13 19:18:45] [build-stdout] Done extracting /home/runner/work/Baci/Baci/src/components/storefront/ogabassey/pages/security.tsx (65 ms)
CodeQL Analysis	Perform CodeQL Analysis	2025-12-13T19:18:45.3891714Z [2025-12-13 19:18:45] [build-stdout] Extracting /home/runner/work/Baci/Baci/src/components/storefront/ogabassey/pages/sustainability.tsx
CodeQL Analysis	Perform CodeQL Analysis	2025-12-13T19:18:45.4267036Z [2025-12-13 19:18:45] [build-stdout] Done extracting /home/runner/work/Baci/Baci/src/components/storefront/ogabassey/pages/sustainability.tsx (38 ms)
CodeQL Analysis	Perform CodeQL Analysis	2025-12-13T19:18:45.4269431Z [2025-12-13 19:18:45] [build-stdout] Extracting /home/runner/work/Baci/Baci/src/components/storefront/ogabassey/pages/swap.tsx
CodeQL Analysis	Perform CodeQL Analysis	2025-12-13T19:18:45.4422145Z [2025-12-13 19:18:45] [build-stdout] Done extracting /home/runner/work/Baci/Baci/src/components/storefront/ogabassey/pages/swap.tsx (15 ms)
CodeQL Analysis	Perform CodeQL Analysis	2025-12-13T19:18:45.4423639Z [2025-12-13 19:18:45] [build-stdout] Extracting /home/runner/work/Baci/Baci/src/components/storefront/ogabassey/pages/wallet.tsx
CodeQL Analysis	Perform CodeQL Analysis	2025-12-13T19:18:45.4541800Z [2025-12-13 19:18:45] [build-stdout] Done extracting /home/runner/work/Baci/Baci/src/components/storefront/ogabassey/pages/wallet.tsx (11 ms)
CodeQL Analysis	Perform CodeQL Analysis	2025-12-13T19:18:45.4543716Z [2025-12-13 19:18:45] [build-stdout] Extracting /home/runner/work/Baci/Baci/src/components/storefront/ogabassey/providers/v2-comparison-context.tsx
CodeQL Analysis	Perform CodeQL Analysis	2025-12-13T19:18:45.4656810Z [2025-12-13 19:18:45] [build-stdout] Done extracting /home/runner/work/Baci/Baci/src/components/storefront/ogabassey/providers/v2-comparison-context.tsx (11 ms)
CodeQL Analysis	Perform CodeQL Analysis	2025-12-13T19:18:45.4659568Z [2025-12-13 19:18:45] [build-stdout] Extracting /home/runner/work/Baci/Baci/src/components/storefront/ogabassey/providers/v2-notification-context.tsx
CodeQL Analysis	Perform CodeQL Analysis	2025-12-13T19:18:45.4774616Z [2025-12-13 19:18:45] [build-stdout] Done extracting /home/runner/work/Baci/Baci/src/components/storefront/ogabassey/providers/v2-notification-context.tsx (11 ms)
CodeQL Analysis	Perform CodeQL Analysis	2025-12-13T19:18:45.4777188Z [2025-12-13 19:18:45] [build-stdout] Extracting /home/runner/work/Baci/Baci/src/components/storefront/ogabassey/providers/v2-order-context.tsx
CodeQL Analysis	Perform CodeQL Analysis	2025-12-13T19:18:45.4858612Z [2025-12-13 19:18:45] [build-stdout] Done extracting /home/runner/work/Baci/Baci/src/components/storefront/ogabassey/providers/v2-order-context.tsx (8 ms)
CodeQL Analysis	Perform CodeQL Analysis	2025-12-13T19:18:45.4862965Z [2025-12-13 19:18:45] [build-stdout] Extracting /home/runner/work/Baci/Baci/src/components/storefront/ogabassey/providers/v2-saved-context.tsx
CodeQL Analysis	Perform CodeQL Analysis	2025-12-13T19:18:45.4973894Z [2025-12-13 19:18:45] [build-stdout] Done extracting /home/runner/work/Baci/Baci/src/components/storefront/ogabassey/providers/v2-saved-context.tsx (11 ms)
CodeQL Analysis	Perform CodeQL Analysis	2025-12-13T19:18:45.4975344Z [2025-12-13 19:18:45] [build-stdout] Extracting /home/runner/work/Baci/Baci/src/components/storefront/ogabassey/providers/v2-theme-context.tsx
CodeQL Analysis	Perform CodeQL Analysis	2025-12-13T19:18:45.5037136Z [2025-12-13 19:18:45] [build-stdout] Done extracting /home/runner/work/Baci/Baci/src/components/storefront/ogabassey/providers/v2-theme-context.tsx (6 ms)
CodeQL Analysis	Perform CodeQL Analysis	2025-12-13T19:18:45.5040705Z [2025-12-13 19:18:45] [build-stdout] Extracting /home/runner/work/Baci/Baci/src/components/storefront/ogabassey/providers/v2-wallet-context.tsx
CodeQL Analysis	Perform CodeQL Analysis	2025-12-13T19:18:45.5126192Z [2025-12-13 19:18:45] [build-stdout] Done extracting /home/runner/work/Baci/Baci/src/components/storefront/ogabassey/providers/v2-wallet-context.tsx (8 ms)
CodeQL Analysis	Perform CodeQL Analysis	2025-12-13T19:18:45.5129373Z [2025-12-13 19:18:45] [build-stdout] Extracting /home/runner/work/Baci/Baci/src/components/storefront/ogabassey/services/gemini.ts
CodeQL Analysis	Perform CodeQL Analysis	2025-12-13T19:18:45.5189813Z [2025-12-13 19:18:45] [build-stdout] Done extracting /home/runner/work/Baci/Baci/src/components/storefront/ogabassey/services/gemini.ts (6 ms)
CodeQL Analysis	Perform CodeQL Analysis	2025-12-13T19:18:45.5191903Z [2025-12-13 19:18:45] [build-stdout] Extracting /home/runner/work/Baci/Baci/src/app/(storefront)/[slug]/error.tsx
CodeQL Analysis	Perform CodeQL Analysis	2025-12-13T19:18:45.5326046Z [2025-12-13 19:18:45] [build-stdout] Done extracting /home/runner/work/Baci/Baci/src/app/(storefront)/[slug]/error.tsx (10 ms)
CodeQL Analysis	Perform CodeQL Analysis	2025-12-13T19:18:45.5327562Z [2025-12-13 19:18:45] [build-stdout] Extracting /home/runner/work/Baci/Baci/src/app/(storefront)/[slug]/layout.tsx
CodeQL Analysis	Perform CodeQL Analysis	2025-12-13T19:18:45.5412349Z [2025-12-13 19:18:45] [build-stdout] Done extracting /home/runner/work/Baci/Baci/src/app/(storefront)/[slug]/layout.tsx (11 ms)
CodeQL Analysis	Perform CodeQL Analysis	2025-12-13T19:18:45.5414531Z [2025-12-13 19:18:45] [build-stdout] Extracting /home/runner/work/Baci/Baci/src/app/(storefront)/[slug]/loading.tsx
CodeQL Analysis	Perform CodeQL Analysis	2025-12-13T19:18:45.5459263Z [2025-12-13 19:18:45] [build-stdout] Done extracting /home/runner/work/Baci/Baci/src/app/(storefront)/[slug]/loading.tsx (2 ms)
CodeQL Analysis	Perform CodeQL Analysis	2025-12-13T19:18:45.5461511Z [2025-12-13 19:18:45] [build-stdout] Extracting /home/runner/work/Baci/Baci/src/app/(storefront)/[slug]/not-found.tsx
CodeQL Analysis	Perform CodeQL Analysis	2025-12-13T19:18:45.5575689Z [2025-12-13 19:18:45] [build-stdout] Done extracting /home/runner/work/Baci/Baci/src/app/(storefront)/[slug]/not-found.tsx (14 ms)
CodeQL Analysis	Perform CodeQL Analysis	2025-12-13T19:18:45.5577797Z [2025-12-13 19:18:45] [build-stdout] Extracting /home/runner/work/Baci/Baci/src/app/(storefront)/[slug]/opengraph-image.tsx
CodeQL Analysis	Perform CodeQL Analysis	2025-12-13T19:18:45.5762440Z [2025-12-13 19:18:45] [build-stdout] Done extracting /home/runner/work/Baci/Baci/src/app/(storefront)/[slug]/opengraph-image.tsx (18 ms)
CodeQL Analysis	Perform CodeQL Analysis	2025-12-13T19:18:45.5764618Z [2025-12-13 19:18:45] [build-stdout] Extracting /home/runner/work/Baci/Baci/src/app/(storefront)/[slug]/page.tsx
CodeQL Analysis	Perform CodeQL Analysis	2025-12-13T19:18:45.6121433Z [2025-12-13 19:18:45] [build-stdout] Done extracting /home/runner/work/Baci/Baci/src/app/(storefront)/[slug]/page.tsx (35 ms)
CodeQL Analysis	Perform CodeQL Analysis	2025-12-13T19:18:45.6122613Z [2025-12-13 19:18:45] [build-stdout] Extracting /home/runner/work/Baci/Baci/src/app/(storefront)/[slug]/sitemap.ts
CodeQL Analysis	Perform CodeQL Analysis	2025-12-13T19:18:45.6370443Z [2025-12-13 19:18:45] [build-stdout] Done extracting /home/runner/work/Baci/Baci/src/app/(storefront)/[slug]/sitemap.ts (20 ms)
CodeQL Analysis	Perform CodeQL Analysis	2025-12-13T19:18:45.6372072Z [2025-12-13 19:18:45] [build-stdout] Extracting /home/runner/work/Baci/Baci/src/app/(storefront)/[slug]/storefront-client.tsx
CodeQL Analysis	Perform CodeQL Analysis	2025-12-13T19:18:45.7305041Z [2025-12-13 19:18:45] [build-stdout] Done extracting /home/runner/work/Baci/Baci/src/app/(storefront)/[slug]/storefront-client.tsx (97 ms)
CodeQL Analysis	Perform CodeQL Analysis	2025-12-13T19:18:45.7309516Z [2025-12-13 19:18:45] [build-stdout] Extracting /home/runner/work/Baci/Baci/src/app/(storefront)/[slug]/storefront-page-wrapper.tsx
CodeQL Analysis	Perform CodeQL Analysis	2025-12-13T19:18:45.7474768Z [2025-12-13 19:18:45] [build-stdout] Done extracting /home/runner/work/Baci/Baci/src/app/(storefront)/[slug]/storefront-page-wrapper.tsx (16 ms)
CodeQL Analysis	Perform CodeQL Analysis	2025-12-13T19:18:45.7483554Z [2025-12-13 19:18:45] [build-stdout] Extracting /home/runner/work/Baci/Baci/src/app/(storefront)/[slug]/storefront-wrapper.tsx
CodeQL Analysis	Perform CodeQL Analysis	2025-12-13T19:18:45.7657602Z [2025-12-13 19:18:45] [build-stdout] Done extracting /home/runner/work/Baci/Baci/src/app/(storefront)/[slug]/storefront-wrapper.tsx (17 ms)
CodeQL Analysis	Perform CodeQL Analysis	2025-12-13T19:18:45.7658953Z [2025-12-13 19:18:45] [build-stdout] Extracting /home/runner/work/Baci/Baci/src/app/[slug]/blog/page.tsx
CodeQL Analysis	Perform CodeQL Analysis	2025-12-13T19:18:45.8082973Z [2025-12-13 19:18:45] [build-stdout] Done extracting /home/runner/work/Baci/Baci/src/app/[slug]/blog/page.tsx (42 ms)
CodeQL Analysis	Perform CodeQL Analysis	2025-12-13T19:18:45.8669592Z [2025-12-13 19:18:45] [build-stdout] Extracting /home/runner/work/Baci/Baci/src/app/admin/merchants/page.tsx
CodeQL Analysis	Perform CodeQL Analysis	2025-12-13T19:18:45.8670707Z [2025-12-13 19:18:45] [build-stdout] Done extracting /home/runner/work/Baci/Baci/src/app/admin/merchants/page.tsx (58 ms)
CodeQL Analysis	Perform CodeQL Analysis	2025-12-13T19:18:45.8671658Z [2025-12-13 19:18:45] [build-stdout] Extracting /home/runner/work/Baci/Baci/src/app/admin/notifications/page.tsx
CodeQL Analysis	Perform CodeQL Analysis	2025-12-13T19:18:45.9415295Z [2025-12-13 19:18:45] [build-stdout] Done extracting /home/runner/work/Baci/Baci/src/app/admin/notifications/page.tsx (74 ms)
CodeQL Analysis	Perform CodeQL Analysis	2025-12-13T19:18:45.9416475Z [2025-12-13 19:18:45] [build-stdout] Extracting /home/runner/work/Baci/Baci/src/app/admin/settings/page.tsx
CodeQL Analysis	Perform CodeQL Analysis	2025-12-13T19:18:46.0351648Z [2025-12-13 19:18:46] [build-stdout] Done extracting /home/runner/work/Baci/Baci/src/app/admin/settings/page.tsx (93 ms)
CodeQL Analysis	Perform CodeQL Analysis	2025-12-13T19:18:46.0353666Z [2025-12-13 19:18:46] [build-stdout] Extracting /home/runner/work/Baci/Baci/src/app/admin/system/page.tsx
CodeQL Analysis	Perform CodeQL Analysis	2025-12-13T19:18:46.0858402Z [2025-12-13 19:18:46] [build-stdout] Done extracting /home/runner/work/Baci/Baci/src/app/admin/system/page.tsx (50 ms)
CodeQL Analysis	Perform CodeQL Analysis	2025-12-13T19:18:46.0860622Z [2025-12-13 19:18:46] [build-stdout] Extracting /home/runner/work/Baci/Baci/src/app/admin/templates/page.tsx
CodeQL Analysis	Perform CodeQL Analysis	2025-12-13T19:18:46.0953938Z [2025-12-13 19:18:46] [build-stdout] Done extracting /home/runner/work/Baci/Baci/src/app/admin/templates/page.tsx (9 ms)
CodeQL Analysis	Perform CodeQL Analysis	2025-12-13T19:18:46.0956763Z [2025-12-13 19:18:46] [build-stdout] Extracting /home/runner/work/Baci/Baci/src/app/api/ai-jobs/route.ts
CodeQL Analysis	Perform CodeQL Analysis	2025-12-13T19:18:46.1147541Z [2025-12-13 19:18:46] [build-stdout] Done extracting /home/runner/work/Baci/Baci/src/app/api/ai-jobs/route.ts (19 ms)
CodeQL Analysis	Perform CodeQL Analysis	2025-12-13T19:18:46.1149559Z [2025-12-13 19:18:46] [build-stdout] Extracting /home/runner/work/Baci/Baci/src/app/api/analytics/route.ts
CodeQL Analysis	Perform CodeQL Analysis	2025-12-13T19:18:46.1534355Z [2025-12-13 19:18:46] [build-stdout] Done extracting /home/runner/work/Baci/Baci/src/app/api/analytics/route.ts (37 ms)
CodeQL Analysis	Perform CodeQL Analysis	2025-12-13T19:18:46.1550385Z [2025-12-13 19:18:46] [build-stdout] Extracting /home/runner/work/Baci/Baci/src/app/api/builder/route.ts
CodeQL Analysis	Perform CodeQL Analysis	2025-12-13T19:18:46.1884784Z [2025-12-13 19:18:46] [build-stdout] Done extracting /home/runner/work/Baci/Baci/src/app/api/builder/route.ts (36 ms)
CodeQL Analysis	Perform CodeQL Analysis	2025-12-13T19:18:46.1890406Z [2025-12-13 19:18:46] [build-stdout] Extracting /home/runner/work/Baci/Baci/src/app/api/csrf/route.ts
CodeQL Analysis	Perform CodeQL Analysis	2025-12-13T19:18:46.1928971Z [2025-12-13 19:18:46] [build-stdout] Done extracting /home/runner/work/Baci/Baci/src/app/api/csrf/route.ts (3 ms)
CodeQL Analysis	Perform CodeQL Analysis	2025-12-13T19:18:46.1930570Z [2025-12-13 19:18:46] [build-stdout] Extracting /home/runner/work/Baci/Baci/src/app/api/customers/route.ts
CodeQL Analysis	Perform CodeQL Analysis	2025-12-13T19:18:46.2148045Z [2025-12-13 19:18:46] [build-stdout] Done extracting /home/runner/work/Baci/Baci/src/app/api/customers/route.ts (22 ms)
CodeQL Analysis	Perform CodeQL Analysis	2025-12-13T19:18:46.2354649Z [2025-12-13 19:18:46] [build-stdout] Extracting /home/runner/work/Baci/Baci/src/app/api/discount-codes/route.ts
CodeQL Analysis	Perform CodeQL Analysis	2025-12-13T19:18:46.2355907Z [2025-12-13 19:18:46] [build-stdout] Done extracting /home/runner/work/Baci/Baci/src/app/api/discount-codes/route.ts (18 ms)
CodeQL Analysis	Perform CodeQL Analysis	2025-12-13T19:18:46.2370258Z [2025-12-13 19:18:46] [build-stdout] Extracting /home/runner/work/Baci/Baci/src/app/api/domains/route.ts
CodeQL Analysis	Perform CodeQL Analysis	2025-12-13T19:18:46.2607895Z [2025-12-13 19:18:46] [build-stdout] Done extracting /home/runner/work/Baci/Baci/src/app/api/domains/route.ts (27 ms)
CodeQL Analysis	Perform CodeQL Analysis	2025-12-13T19:18:46.2608853Z [2025-12-13 19:18:46] [build-stdout] Extracting /home/runner/work/Baci/Baci/src/app/api/events/route.ts
CodeQL Analysis	Perform CodeQL Analysis	2025-12-13T19:18:46.2770034Z [2025-12-13 19:18:46] [build-stdout] Done extracting /home/runner/work/Baci/Baci/src/app/api/events/route.ts (16 ms)
CodeQL Analysis	Perform CodeQL Analysis	2025-12-13T19:18:46.2771271Z [2025-12-13 19:18:46] [build-stdout] Extracting /home/runner/work/Baci/Baci/src/app/api/media/route.ts
CodeQL Analysis	Perform CodeQL Analysis	2025-12-13T19:18:46.3117327Z [2025-12-13 19:18:46] [build-stdout] Done extracting /home/runner/work/Baci/Baci/src/app/api/media/route.ts (34 ms)
CodeQL Analysis	Perform CodeQL Analysis	2025-12-13T19:18:46.3118360Z [2025-12-13 19:18:46] [build-stdout] Extracting /home/runner/work/Baci/Baci/src/app/api/notifications/route.ts
CodeQL Analysis	Perform CodeQL Analysis	2025-12-13T19:18:46.3473702Z [2025-12-13 19:18:46] [build-stdout] Done extracting /home/runner/work/Baci/Baci/src/app/api/notifications/route.ts (36 ms)
CodeQL Analysis	Perform CodeQL Analysis	2025-12-13T19:18:46.3474802Z [2025-12-13 19:18:46] [build-stdout] Extracting /home/runner/work/Baci/Baci/src/app/api/orders/route.ts
CodeQL Analysis	Perform CodeQL Analysis	2025-12-13T19:18:46.4263207Z [2025-12-13 19:18:46] [build-stdout] Done extracting /home/runner/work/Baci/Baci/src/app/api/orders/route.ts (78 ms)
CodeQL Analysis	Perform CodeQL Analysis	2025-12-13T19:18:46.4265499Z [2025-12-13 19:18:46] [build-stdout] Extracting /home/runner/work/Baci/Baci/src/app/api/products/route.ts
CodeQL Analysis	Perform CodeQL Analysis	2025-12-13T19:18:46.4788377Z [2025-12-13 19:18:46] [build-stdout] Done extracting /home/runner/work/Baci/Baci/src/app/api/products/route.ts (52 ms)
CodeQL Analysis	Perform CodeQL Analysis	2025-12-13T19:18:46.4792043Z [2025-12-13 19:18:46] [build-stdout] Extracting /home/runner/work/Baci/Baci/src/app/api/reviews/route.ts
CodeQL Analysis	Perform CodeQL Analysis	2025-12-13T19:18:46.5084540Z [2025-12-13 19:18:46] [build-stdout] Done extracting /home/runner/work/Baci/Baci/src/app/api/reviews/route.ts (28 ms)
CodeQL Analysis	Perform CodeQL Analysis	2025-12-13T19:18:46.5087487Z [2025-12-13 19:18:46] [build-stdout] Extracting /home/runner/work/Baci/Baci/src/app/api/search/route.ts
CodeQL Analysis	Perform CodeQL Analysis	2025-12-13T19:18:46.5197405Z [2025-12-13 19:18:46] [build-stdout] Done extracting /home/runner/work/Baci/Baci/src/app/api/search/route.ts (11 ms)
CodeQL Analysis	Perform CodeQL Analysis	2025-12-13T19:18:46.5199630Z [2025-12-13 19:18:46] [build-stdout] Extracting /home/runner/work/Baci/Baci/src/app/api/staff/route.ts
CodeQL Analysis	Perform CodeQL Analysis	2025-12-13T19:18:46.5475668Z [2025-12-13 19:18:46] [build-stdout] Done extracting /home/runner/work/Baci/Baci/src/app/api/staff/route.ts (27 ms)
CodeQL Analysis	Perform CodeQL Analysis	2025-12-13T19:18:46.5478462Z [2025-12-13 19:18:46] [build-stdout] Extracting /home/runner/work/Baci/Baci/src/app/api/wallet/route.ts
CodeQL Analysis	Perform CodeQL Analysis	2025-12-13T19:18:46.5774888Z [2025-12-13 19:18:46] [build-stdout] Done extracting /home/runner/work/Baci/Baci/src/app/api/wallet/route.ts (29 ms)
CodeQL Analysis	Perform CodeQL Analysis	2025-12-13T19:18:46.5775854Z [2025-12-13 19:18:46] [build-stdout] Extracting /home/runner/work/Baci/Baci/src/app/api/wishlist/route.ts
CodeQL Analysis	Perform CodeQL Analysis	2025-12-13T19:18:46.6003968Z [2025-12-13 19:18:46] [build-stdout] Done extracting /home/runner/work/Baci/Baci/src/app/api/wishlist/route.ts (22 ms)
CodeQL Analysis	Perform CodeQL Analysis	2025-12-13T19:18:46.6006469Z [2025-12-13 19:18:46] [build-stdout] Extracting /home/runner/work/Baci/Baci/src/app/auth/callback/route.ts
CodeQL Analysis	Perform CodeQL Analysis	2025-12-13T19:18:46.6061604Z [2025-12-13 19:18:46] [build-stdout] Done extracting /home/runner/work/Baci/Baci/src/app/auth/callback/route.ts (4 ms)
CodeQL Analysis	Perform CodeQL Analysis	2025-12-13T19:18:46.6062803Z [2025-12-13 19:18:46] [build-stdout] Extracting /home/runner/work/Baci/Baci/src/app/blog/[slug]/page.tsx
CodeQL Analysis	Perform CodeQL Analysis	2025-12-13T19:18:46.6402243Z [2025-12-13 19:18:46] [build-stdout] Done extracting /home/runner/work/Baci/Baci/src/app/blog/[slug]/page.tsx (34 ms)
CodeQL Analysis	Perform CodeQL Analysis	2025-12-13T19:18:46.6403481Z [2025-12-13 19:18:46] [build-stdout] Extracting /home/runner/work/Baci/Baci/src/app/checkout/success/page.tsx
CodeQL Analysis	Perform CodeQL Analysis	2025-12-13T19:18:46.6640817Z [2025-12-13 19:18:46] [build-stdout] Done extracting /home/runner/work/Baci/Baci/src/app/checkout/success/page.tsx (23 ms)
CodeQL Analysis	Perform CodeQL Analysis	2025-12-13T19:18:46.6645187Z [2025-12-13 19:18:46] [build-stdout] Extracting /home/runner/work/Baci/Baci/src/app/dashboard/analytics/page.tsx
CodeQL Analysis	Perform CodeQL Analysis	2025-12-13T19:18:46.7047556Z [2025-12-13 19:18:46] [build-stdout] Done extracting /home/runner/work/Baci/Baci/src/app/dashboard/analytics/page.tsx (40 ms)
CodeQL Analysis	Perform CodeQL Analysis	2025-12-13T19:18:46.7048617Z [2025-12-13 19:18:46] [build-stdout] Extracting /home/runner/work/Baci/Baci/src/app/dashboard/blog/page.tsx
CodeQL Analysis	Perform CodeQL Analysis	2025-12-13T19:18:46.7605579Z [2025-12-13 19:18:46] [build-stdout] Done extracting /home/runner/work/Baci/Baci/src/app/dashboard/blog/page.tsx (55 ms)
CodeQL Analysis	Perform CodeQL Analysis	2025-12-13T19:18:46.7606907Z [2025-12-13 19:18:46] [build-stdout] Extracting /home/runner/work/Baci/Baci/src/app/dashboard/categories/client-page.tsx
CodeQL Analysis	Perform CodeQL Analysis	2025-12-13T19:18:46.7757637Z [2025-12-13 19:18:46] [build-stdout] Done extracting /home/runner/work/Baci/Baci/src/app/dashboard/categories/client-page.tsx (14 ms)
CodeQL Analysis	Perform CodeQL Analysis	2025-12-13T19:18:46.7759193Z [2025-12-13 19:18:46] [build-stdout] Extracting /home/runner/work/Baci/Baci/src/app/dashboard/categories/page.tsx
CodeQL Analysis	Perform CodeQL Analysis	2025-12-13T19:18:46.7814574Z [2025-12-13 19:18:46] [build-stdout] Done extracting /home/runner/work/Baci/Baci/src/app/dashboard/categories/page.tsx (5 ms)
CodeQL Analysis	Perform CodeQL Analysis	2025-12-13T19:18:46.7815947Z [2025-12-13 19:18:46] [build-stdout] Extracting /home/runner/work/Baci/Baci/src/app/dashboard/customers/actions.ts
CodeQL Analysis	Perform CodeQL Analysis	2025-12-13T19:18:46.8117697Z [2025-12-13 19:18:46] [build-stdout] Done extracting /home/runner/work/Baci/Baci/src/app/dashboard/customers/actions.ts (30 ms)
CodeQL Analysis	Perform CodeQL Analysis	2025-12-13T19:18:46.8121607Z [2025-12-13 19:18:46] [build-stdout] Extracting /home/runner/work/Baci/Baci/src/app/dashboard/customers/client-page.tsx
CodeQL Analysis	Perform CodeQL Analysis	2025-12-13T19:18:46.8566329Z [2025-12-13 19:18:46] [build-stdout] Done extracting /home/runner/work/Baci/Baci/src/app/dashboard/customers/client-page.tsx (44 ms)
CodeQL Analysis	Perform CodeQL Analysis	2025-12-13T19:18:46.8571559Z [2025-12-13 19:18:46] [build-stdout] Extracting /home/runner/work/Baci/Baci/src/app/dashboard/customers/page.tsx
CodeQL Analysis	Perform CodeQL Analysis	2025-12-13T19:18:46.8673077Z [2025-12-13 19:18:46] [build-stdout] Done extracting /home/runner/work/Baci/Baci/src/app/dashboard/customers/page.tsx (8 ms)
CodeQL Analysis	Perform CodeQL Analysis	2025-12-13T19:18:46.8690165Z [2025-12-13 19:18:46] [build-stdout] Extracting /home/runner/work/Baci/Baci/src/app/dashboard/domains/page.tsx
CodeQL Analysis	Perform CodeQL Analysis	2025-12-13T19:18:47.0719489Z [2025-12-13 19:18:47] [build-stdout] Done extracting /home/runner/work/Baci/Baci/src/app/dashboard/domains/page.tsx (206 ms)
CodeQL Analysis	Perform CodeQL Analysis	2025-12-13T19:18:47.0747665Z [2025-12-13 19:18:47] [build-stdout] Extracting /home/runner/work/Baci/Baci/src/app/dashboard/integrations/page.tsx
CodeQL Analysis	Perform CodeQL Analysis	2025-12-13T19:18:47.0979145Z [2025-12-13 19:18:47] [build-stdout] Done extracting /home/runner/work/Baci/Baci/src/app/dashboard/integrations/page.tsx (24 ms)
CodeQL Analysis	Perform CodeQL Analysis	2025-12-13T19:18:47.0982883Z [2025-12-13 19:18:47] [build-stdout] Extracting /home/runner/work/Baci/Baci/src/app/dashboard/loyalty/page.tsx
CodeQL Analysis	Perform CodeQL Analysis	2025-12-13T19:18:47.1760294Z [2025-12-13 19:18:47] [build-stdout] Done extracting /home/runner/work/Baci/Baci/src/app/dashboard/loyalty/page.tsx (77 ms)
CodeQL Analysis	Perform CodeQL Analysis	2025-12-13T19:18:47.1762535Z [2025-12-13 19:18:47] [build-stdout] Extracting /home/runner/work/Baci/Baci/src/app/dashboard/notifications/page.tsx
CodeQL Analysis	Perform CodeQL Analysis	2025-12-13T19:18:47.2090332Z [2025-12-13 19:18:47] [build-stdout] Done extracting /home/runner/work/Baci/Baci/src/app/dashboard/notifications/page.tsx (34 ms)
CodeQL Analysis	Perform CodeQL Analysis	2025-12-13T19:18:47.2093128Z [2025-12-13 19:18:47] [build-stdout] Extracting /home/runner/work/Baci/Baci/src/app/dashboard/orders/actions.ts
CodeQL Analysis	Perform CodeQL Analysis	2025-12-13T19:18:47.2577361Z [2025-12-13 19:18:47] [build-stdout] Done extracting /home/runner/work/Baci/Baci/src/app/dashboard/orders/actions.ts (48 ms)
CodeQL Analysis	Perform CodeQL Analysis	2025-12-13T19:18:47.2578354Z [2025-12-13 19:18:47] [build-stdout] Extracting /home/runner/work/Baci/Baci/src/app/dashboard/orders/client-page.tsx
CodeQL Analysis	Perform CodeQL Analysis	2025-12-13T19:18:47.3906451Z [2025-12-13 19:18:47] [build-stdout] Done extracting /home/runner/work/Baci/Baci/src/app/dashboard/orders/client-page.tsx (132 ms)
CodeQL Analysis	Perform CodeQL Analysis	2025-12-13T19:18:47.3909364Z [2025-12-13 19:18:47] [build-stdout] Extracting /home/runner/work/Baci/Baci/src/app/dashboard/orders/loading.tsx
CodeQL Analysis	Perform CodeQL Analysis	2025-12-13T19:18:47.3989865Z [2025-12-13 19:18:47] [build-stdout] Done extracting /home/runner/work/Baci/Baci/src/app/dashboard/orders/loading.tsx (4 ms)
CodeQL Analysis	Perform CodeQL Analysis	2025-12-13T19:18:47.3994296Z [2025-12-13 19:18:47] [build-stdout] Extracting /home/runner/work/Baci/Baci/src/app/dashboard/orders/page.tsx
CodeQL Analysis	Perform CodeQL Analysis	2025-12-13T19:18:47.4077759Z [2025-12-13 19:18:47] [build-stdout] Done extracting /home/runner/work/Baci/Baci/src/app/dashboard/orders/page.tsx (11 ms)
CodeQL Analysis	Perform CodeQL Analysis	2025-12-13T19:18:47.4080312Z [2025-12-13 19:18:47] [build-stdout] Extracting /home/runner/work/Baci/Baci/src/app/dashboard/pages/page.tsx
CodeQL Analysis	Perform CodeQL Analysis	2025-12-13T19:18:47.4443912Z [2025-12-13 19:18:47] [build-stdout] Done extracting /home/runner/work/Baci/Baci/src/app/dashboard/pages/page.tsx (38 ms)
CodeQL Analysis	Perform CodeQL Analysis	2025-12-13T19:18:47.4446301Z [2025-12-13 19:18:47] [build-stdout] Extracting /home/runner/work/Baci/Baci/src/app/dashboard/products/actions.ts
CodeQL Analysis	Perform CodeQL Analysis	2025-12-13T19:18:47.5029366Z [2025-12-13 19:18:47] [build-stdout] Done extracting /home/runner/work/Baci/Baci/src/app/dashboard/products/actions.ts (58 ms)
CodeQL Analysis	Perform CodeQL Analysis	2025-12-13T19:18:47.5033693Z [2025-12-13 19:18:47] [build-stdout] Extracting /home/runner/work/Baci/Baci/src/app/dashboard/products/client-page.tsx
CodeQL Analysis	Perform CodeQL Analysis	2025-12-13T19:18:47.5734730Z [2025-12-13 19:18:47] [build-stdout] Done extracting /home/runner/work/Baci/Baci/src/app/dashboard/products/client-page.tsx (70 ms)
CodeQL Analysis	Perform CodeQL Analysis	2025-12-13T19:18:47.5736032Z [2025-12-13 19:18:47] [build-stdout] Extracting /home/runner/work/Baci/Baci/src/app/dashboard/products/generation-actions.ts
CodeQL Analysis	Perform CodeQL Analysis	2025-12-13T19:18:47.5800652Z [2025-12-13 19:18:47] [build-stdout] Done extracting /home/runner/work/Baci/Baci/src/app/dashboard/products/generation-actions.ts (6 ms)
CodeQL Analysis	Perform CodeQL Analysis	2025-12-13T19:18:47.5801813Z [2025-12-13 19:18:47] [build-stdout] Extracting /home/runner/work/Baci/Baci/src/app/dashboard/products/loading.tsx
CodeQL Analysis	Perform CodeQL Analysis	2025-12-13T19:18:47.5824975Z [2025-12-13 19:18:47] [build-stdout] Done extracting /home/runner/work/Baci/Baci/src/app/dashboard/products/loading.tsx (1 ms)
CodeQL Analysis	Perform CodeQL Analysis	2025-12-13T19:18:47.5826312Z [2025-12-13 19:18:47] [build-stdout] Extracting /home/runner/work/Baci/Baci/src/app/dashboard/products/page.tsx
CodeQL Analysis	Perform CodeQL Analysis	2025-12-13T19:18:47.5970993Z [2025-12-13 19:18:47] [build-stdout] Done extracting /home/runner/work/Baci/Baci/src/app/dashboard/products/page.tsx (14 ms)
CodeQL Analysis	Perform CodeQL Analysis	2025-12-13T19:18:47.5973310Z [2025-12-13 19:18:47] [build-stdout] Extracting /home/runner/work/Baci/Baci/src/app/dashboard/reviews/page.tsx
CodeQL Analysis	Perform CodeQL Analysis	2025-12-13T19:18:47.6860726Z [2025-12-13 19:18:47] [build-stdout] Done extracting /home/runner/work/Baci/Baci/src/app/dashboard/reviews/page.tsx (89 ms)
CodeQL Analysis	Perform CodeQL Analysis	2025-12-13T19:18:47.6861641Z [2025-12-13 19:18:47] [build-stdout] Extracting /home/runner/work/Baci/Baci/src/app/dashboard/seo/page.tsx
CodeQL Analysis	Perform CodeQL Analysis	2025-12-13T19:18:47.7415604Z [2025-12-13 19:18:47] [build-stdout] Done extracting /home/runner/work/Baci/Baci/src/app/dashboard/seo/page.tsx (55 ms)
CodeQL Analysis	Perform CodeQL Analysis	2025-12-13T19:18:47.7419422Z [2025-12-13 19:18:47] [build-stdout] Extracting /home/runner/work/Baci/Baci/src/app/dashboard/settings/actions.ts
CodeQL Analysis	Perform CodeQL Analysis	2025-12-13T19:18:47.7487098Z [2025-12-13 19:18:47] [build-stdout] Done extracting /home/runner/work/Baci/Baci/src/app/dashboard/settings/actions.ts (7 ms)
CodeQL Analysis	Perform CodeQL Analysis	2025-12-13T19:18:47.7489349Z [2025-12-13 19:18:47] [build-stdout] Extracting /home/runner/work/Baci/Baci/src/app/dashboard/settings/favicon-upload.tsx
CodeQL Analysis	Perform CodeQL Analysis	2025-12-13T19:18:47.7693961Z [2025-12-13 19:18:47] [build-stdout] Done extracting /home/runner/work/Baci/Baci/src/app/dashboard/settings/favicon-upload.tsx (19 ms)
CodeQL Analysis	Perform CodeQL Analysis	2025-12-13T19:18:47.7695434Z [2025-12-13 19:18:47] [build-stdout] Extracting /home/runner/work/Baci/Baci/src/app/dashboard/settings/page.tsx
CodeQL Analysis	Perform CodeQL Analysis	2025-12-13T19:18:47.9294625Z [2025-12-13 19:18:47] [build-stdout] Done extracting /home/runner/work/Baci/Baci/src/app/dashboard/settings/page.tsx (160 ms)
CodeQL Analysis	Perform CodeQL Analysis	2025-12-13T19:18:47.9295625Z [2025-12-13 19:18:47] [build-stdout] Extracting /home/runner/work/Baci/Baci/src/app/dashboard/templates/client-page.tsx
CodeQL Analysis	Perform CodeQL Analysis	2025-12-13T19:18:47.9778054Z [2025-12-13 19:18:47] [build-stdout] Done extracting /home/runner/work/Baci/Baci/src/app/dashboard/templates/client-page.tsx (48 ms)
CodeQL Analysis	Perform CodeQL Analysis	2025-12-13T19:18:47.9780546Z [2025-12-13 19:18:47] [build-stdout] Extracting /home/runner/work/Baci/Baci/src/app/dashboard/templates/page.tsx
CodeQL Analysis	Perform CodeQL Analysis	2025-12-13T19:18:47.9804486Z [2025-12-13 19:18:47] [build-stdout] Done extracting /home/runner/work/Baci/Baci/src/app/dashboard/templates/page.tsx (2 ms)
CodeQL Analysis	Perform CodeQL Analysis	2025-12-13T19:18:47.9806945Z [2025-12-13 19:18:47] [build-stdout] Extracting /home/runner/work/Baci/Baci/src/app/dashboard/wallet/page.tsx
CodeQL Analysis	Perform CodeQL Analysis	2025-12-13T19:18:48.0586590Z [2025-12-13 19:18:48] [build-stdout] Done extracting /home/runner/work/Baci/Baci/src/app/dashboard/wallet/page.tsx (78 ms)
CodeQL Analysis	Perform CodeQL Analysis	2025-12-13T19:18:48.0590274Z [2025-12-13 19:18:48] [build-stdout] Extracting /home/runner/work/Baci/Baci/src/app/developers/submit/page.tsx
CodeQL Analysis	Perform CodeQL Analysis	2025-12-13T19:18:48.0954630Z [2025-12-13 19:18:48] [build-stdout] Done extracting /home/runner/work/Baci/Baci/src/app/developers/submit/page.tsx (36 ms)
CodeQL Analysis	Perform CodeQL Analysis	2025-12-13T19:18:48.0956295Z [2025-12-13 19:18:48] [build-stdout] Extracting /home/runner/work/Baci/Baci/src/app/invite/[token]/page.tsx
CodeQL Analysis	Perform CodeQL Analysis	2025-12-13T19:18:48.1346658Z [2025-12-13 19:18:48] [build-stdout] Done extracting /home/runner/work/Baci/Baci/src/app/invite/[token]/page.tsx (39 ms)
CodeQL Analysis	Perform CodeQL Analysis	2025-12-13T19:18:48.1347720Z [2025-12-13 19:18:48] [build-stdout] Extracting /home/runner/work/Baci/Baci/src/app/pages/[slug]/client-page.tsx
CodeQL Analysis	Perform CodeQL Analysis	2025-12-13T19:18:48.1454409Z [2025-12-13 19:18:48] [build-stdout] Done extracting /home/runner/work/Baci/Baci/src/app/pages/[slug]/client-page.tsx (10 ms)
CodeQL Analysis	Perform CodeQL Analysis	2025-12-13T19:18:48.1455462Z [2025-12-13 19:18:48] [build-stdout] Extracting /home/runner/work/Baci/Baci/src/app/pages/[slug]/page.tsx
CodeQL Analysis	Perform CodeQL Analysis	2025-12-13T19:18:48.1510394Z [2025-12-13 19:18:48] [build-stdout] Done extracting /home/runner/work/Baci/Baci/src/app/pages/[slug]/page.tsx (3 ms)
CodeQL Analysis	Perform CodeQL Analysis	2025-12-13T19:18:48.1524907Z [2025-12-13 19:18:48] [build-stdout] Extracting /home/runner/work/Baci/Baci/src/app/preview/ogabassey/loading.tsx
CodeQL Analysis	Perform CodeQL Analysis	2025-12-13T19:18:48.1527713Z [2025-12-13 19:18:48] [build-stdout] Done extracting /home/runner/work/Baci/Baci/src/app/preview/ogabassey/loading.tsx (4 ms)
CodeQL Analysis	Perform CodeQL Analysis	2025-12-13T19:18:48.1528671Z [2025-12-13 19:18:48] [build-stdout] Extracting /home/runner/work/Baci/Baci/src/app/preview/ogabassey/page.tsx
CodeQL Analysis	Perform CodeQL Analysis	2025-12-13T19:18:48.1644063Z [2025-12-13 19:18:48] [build-stdout] Done extracting /home/runner/work/Baci/Baci/src/app/preview/ogabassey/page.tsx (11 ms)
CodeQL Analysis	Perform CodeQL Analysis	2025-12-13T19:18:48.1645608Z [2025-12-13 19:18:48] [build-stdout] Extracting /home/runner/work/Baci/Baci/src/app/template-preview/[templateId]/page.tsx
CodeQL Analysis	Perform CodeQL Analysis	2025-12-13T19:18:48.1763287Z [2025-12-13 19:18:48] [build-stdout] Done extracting /home/runner/work/Baci/Baci/src/app/template-preview/[templateId]/page.tsx (8 ms)
CodeQL Analysis	Perform CodeQL Analysis	2025-12-13T19:18:48.1764901Z [2025-12-13 19:18:48] [build-stdout] Extracting /home/runner/work/Baci/Baci/src/app/template-preview/[templateId]/preview-client.tsx
CodeQL Analysis	Perform CodeQL Analysis	2025-12-13T19:18:48.2371542Z [2025-12-13 19:18:48] [build-stdout] Done extracting /home/runner/work/Baci/Baci/src/app/template-preview/[templateId]/preview-client.tsx (63 ms)
CodeQL Analysis	Perform CodeQL Analysis	2025-12-13T19:18:48.2391351Z [2025-12-13 19:18:48] [build-stdout] Extracting /home/runner/work/Baci/Baci/src/app/track/[trackingNumber]/page.tsx
CodeQL Analysis	Perform CodeQL Analysis	2025-12-13T19:18:48.2702049Z [2025-12-13 19:18:48] [build-stdout] Done extracting /home/runner/work/Baci/Baci/src/app/track/[trackingNumber]/page.tsx (33 ms)
CodeQL Analysis	Perform CodeQL Analysis	2025-12-13T19:18:48.2703693Z [2025-12-13 19:18:48] [build-stdout] Extracting /home/runner/work/Baci/Baci/src/components/builder/fields/color-picker-field.tsx
CodeQL Analysis	Perform CodeQL Analysis	2025-12-13T19:18:48.2821358Z [2025-12-13 19:18:48] [build-stdout] Done extracting /home/runner/work/Baci/Baci/src/components/builder/fields/color-picker-field.tsx (11 ms)
CodeQL Analysis	Perform CodeQL Analysis	2025-12-13T19:18:48.2824308Z [2025-12-13 19:18:48] [build-stdout] Extracting /home/runner/work/Baci/Baci/src/components/builder/fields/image-picker-field.tsx
CodeQL Analysis	Perform CodeQL Analysis	2025-12-13T19:18:48.2980685Z [2025-12-13 19:18:48] [build-stdout] Done extracting /home/runner/work/Baci/Baci/src/components/builder/fields/image-picker-field.tsx (16 ms)
CodeQL Analysis	Perform CodeQL Analysis	2025-12-13T19:18:48.2982880Z [2025-12-13 19:18:48] [build-stdout] Extracting /home/runner/work/Baci/Baci/src/components/dashboard/integrations/feed-url-section.tsx
CodeQL Analysis	Perform CodeQL Analysis	2025-12-13T19:18:48.3108550Z [2025-12-13 19:18:48] [build-stdout] Done extracting /home/runner/work/Baci/Baci/src/components/dashboard/integrations/feed-url-section.tsx (12 ms)
CodeQL Analysis	Perform CodeQL Analysis	2025-12-13T19:18:48.3110073Z [2025-12-13 19:18:48] [build-stdout] Extracting /home/runner/work/Baci/Baci/src/components/dashboard/integrations/tracking-pixel-section.tsx
CodeQL Analysis	Perform CodeQL Analysis	2025-12-13T19:18:48.3250040Z [2025-12-13 19:18:48] [build-stdout] Done extracting /home/runner/work/Baci/Baci/src/components/dashboard/integrations/tracking-pixel-section.tsx (12 ms)
CodeQL Analysis	Perform CodeQL Analysis	2025-12-13T19:18:48.3251722Z [2025-12-13 19:18:48] [build-stdout] Extracting /home/runner/work/Baci/Baci/src/components/onboarding/steps/step1-business-details.tsx
CodeQL Analysis	Perform CodeQL Analysis	2025-12-13T19:18:48.3732949Z [2025-12-13 19:18:48] [build-stdout] Done extracting /home/runner/work/Baci/Baci/src/components/onboarding/steps/step1-business-details.tsx (47 ms)
CodeQL Analysis	Perform CodeQL Analysis	2025-12-13T19:18:48.3734862Z [2025-12-13 19:18:48] [build-stdout] Extracting /home/runner/work/Baci/Baci/src/components/onboarding/steps/step2-branding.tsx
CodeQL Analysis	Perform CodeQL Analysis	2025-12-13T19:18:48.4574512Z [2025-12-13 19:18:48] [build-stdout] Done extracting /home/runner/work/Baci/Baci/src/components/onboarding/steps/step2-branding.tsx (86 ms)
CodeQL Analysis	Perform CodeQL Analysis	2025-12-13T19:18:48.4576160Z [2025-12-13 19:18:48] [build-stdout] Extracting /home/runner/work/Baci/Baci/src/components/onboarding/steps/step3-account.tsx
CodeQL Analysis	Perform CodeQL Analysis	2025-12-13T19:18:48.4873696Z [2025-12-13 19:18:48] [build-stdout] Done extracting /home/runner/work/Baci/Baci/src/components/onboarding/steps/step3-account.tsx (29 ms)
CodeQL Analysis	Perform CodeQL Analysis	2025-12-13T19:18:48.4920312Z [2025-12-13 19:18:48] [build-stdout] Extracting /home/runner/work/Baci/Baci/src/components/storefront/blocks/announcement-bar.tsx
CodeQL Analysis	Perform CodeQL Analysis	2025-12-13T19:18:48.4937889Z [2025-12-13 19:18:48] [build-stdout] Done extracting /home/runner/work/Baci/Baci/src/components/storefront/blocks/announcement-bar.tsx (5 ms)
CodeQL Analysis	Perform CodeQL Analysis	2025-12-13T19:18:48.4939695Z [2025-12-13 19:18:48] [build-stdout] Extracting /home/runner/work/Baci/Baci/src/components/storefront/blocks/bento-grid-hero.tsx
CodeQL Analysis	Perform CodeQL Analysis	2025-12-13T19:18:48.5269193Z [2025-12-13 19:18:48] [build-stdout] Done extracting /home/runner/work/Baci/Baci/src/components/storefront/blocks/bento-grid-hero.tsx (33 ms)
CodeQL Analysis	Perform CodeQL Analysis	2025-12-13T19:18:48.5272916Z [2025-12-13 19:18:48] [build-stdout] Extracting /home/runner/work/Baci/Baci/src/components/storefront/blocks/category-icons.tsx
CodeQL Analysis	Perform CodeQL Analysis	2025-12-13T19:18:48.5385344Z [2025-12-13 19:18:48] [build-stdout] Done extracting /home/runner/work/Baci/Baci/src/components/storefront/blocks/category-icons.tsx (11 ms)
CodeQL Analysis	Perform CodeQL Analysis	2025-12-13T19:18:48.5389267Z [2025-12-13 19:18:48] [build-stdout] Extracting /home/runner/work/Baci/Baci/src/components/storefront/blocks/footer.tsx
CodeQL Analysis	Perform CodeQL Analysis	2025-12-13T19:18:48.5654574Z [2025-12-13 19:18:48] [build-stdout] Done extracting /home/runner/work/Baci/Baci/src/components/storefront/blocks/footer.tsx (25 ms)
CodeQL Analysis	Perform CodeQL Analysis	2025-12-13T19:18:48.5660551Z [2025-12-13 19:18:48] [build-stdout] Extracting /home/runner/work/Baci/Baci/src/components/storefront/blocks/header.tsx
CodeQL Analysis	Perform CodeQL Analysis	2025-12-13T19:18:48.6227889Z [2025-12-13 19:18:48] [build-stdout] Done extracting /home/runner/work/Baci/Baci/src/components/storefront/blocks/header.tsx (56 ms)
CodeQL Analysis	Perform CodeQL Analysis	2025-12-13T19:18:48.6231865Z [2025-12-13 19:18:48] [build-stdout] Extracting /home/runner/work/Baci/Baci/src/components/storefront/blocks/hero-carousel.tsx
CodeQL Analysis	Perform CodeQL Analysis	2025-12-13T19:18:48.6411733Z [2025-12-13 19:18:48] [build-stdout] Done extracting /home/runner/work/Baci/Baci/src/components/storefront/blocks/hero-carousel.tsx (19 ms)
CodeQL Analysis	Perform CodeQL Analysis	2025-12-13T19:18:48.6421170Z [2025-12-13 19:18:48] [build-stdout] Extracting /home/runner/work/Baci/Baci/src/components/storefront/blocks/newsletter-section.tsx
CodeQL Analysis	Perform CodeQL Analysis	2025-12-13T19:18:48.6574328Z [2025-12-13 19:18:48] [build-stdout] Done extracting /home/runner/work/Baci/Baci/src/components/storefront/blocks/newsletter-section.tsx (15 ms)
CodeQL Analysis	Perform CodeQL Analysis	2025-12-13T19:18:48.6576613Z [2025-12-13 19:18:48] [build-stdout] Extracting /home/runner/work/Baci/Baci/src/components/storefront/blocks/newsletter.tsx
CodeQL Analysis	Perform CodeQL Analysis	2025-12-13T19:18:48.6741647Z [2025-12-13 19:18:48] [build-stdout] Done extracting /home/runner/work/Baci/Baci/src/components/storefront/blocks/newsletter.tsx (12 ms)
CodeQL Analysis	Perform CodeQL Analysis	2025-12-13T19:18:48.6780492Z [2025-12-13 19:18:48] [build-stdout] Extracting /home/runner/work/Baci/Baci/src/components/storefront/blocks/ogabassey-categories.tsx
CodeQL Analysis	Perform CodeQL Analysis	2025-12-13T19:18:48.6851096Z [2025-12-13 19:18:48] [build-stdout] Done extracting /home/runner/work/Baci/Baci/src/components/storefront/blocks/ogabassey-categories.tsx (15 ms)
CodeQL Analysis	Perform CodeQL Analysis	2025-12-13T19:18:48.6853285Z [2025-12-13 19:18:48] [build-stdout] Extracting /home/runner/work/Baci/Baci/src/components/storefront/blocks/ogabassey-header.tsx
CodeQL Analysis	Perform CodeQL Analysis	2025-12-13T19:18:48.7201722Z [2025-12-13 19:18:48] [build-stdout] Done extracting /home/runner/work/Baci/Baci/src/components/storefront/blocks/ogabassey-header.tsx (34 ms)
CodeQL Analysis	Perform CodeQL Analysis	2025-12-13T19:18:48.7203535Z [2025-12-13 19:18:48] [build-stdout] Extracting /home/runner/work/Baci/Baci/src/components/storefront/blocks/ogabassey-hero.tsx
CodeQL Analysis	Perform CodeQL Analysis	2025-12-13T19:18:48.7466685Z [2025-12-13 19:18:48] [build-stdout] Done extracting /home/runner/work/Baci/Baci/src/components/storefront/blocks/ogabassey-hero.tsx (25 ms)
CodeQL Analysis	Perform CodeQL Analysis	2025-12-13T19:18:48.7468212Z [2025-12-13 19:18:48] [build-stdout] Extracting /home/runner/work/Baci/Baci/src/components/storefront/blocks/ogabassey-nav.tsx
CodeQL Analysis	Perform CodeQL Analysis	2025-12-13T19:18:48.7628092Z [2025-12-13 19:18:48] [build-stdout] Done extracting /home/runner/work/Baci/Baci/src/components/storefront/blocks/ogabassey-nav.tsx (15 ms)
CodeQL Analysis	Perform CodeQL Analysis	2025-12-13T19:18:48.7630274Z [2025-12-13 19:18:48] [build-stdout] Extracting /home/runner/work/Baci/Baci/src/components/storefront/blocks/ogabassey-utilities.tsx
CodeQL Analysis	Perform CodeQL Analysis	2025-12-13T19:18:48.7778020Z [2025-12-13 19:18:48] [build-stdout] Done extracting /home/runner/work/Baci/Baci/src/components/storefront/blocks/ogabassey-utilities.tsx (15 ms)
CodeQL Analysis	Perform CodeQL Analysis	2025-12-13T19:18:48.7785081Z [2025-12-13 19:18:48] [build-stdout] Extracting /home/runner/work/Baci/Baci/src/components/storefront/checkout/checkout-progress.tsx
CodeQL Analysis	Perform CodeQL Analysis	2025-12-13T19:18:48.7954581Z [2025-12-13 19:18:48] [build-stdout] Done extracting /home/runner/work/Baci/Baci/src/components/storefront/checkout/checkout-progress.tsx (17 ms)
CodeQL Analysis	Perform CodeQL Analysis	2025-12-13T19:18:48.7957161Z [2025-12-13 19:18:48] [build-stdout] Extracting /home/runner/work/Baci/Baci/src/components/storefront/checkout/discount-code-input.tsx
CodeQL Analysis	Perform CodeQL Analysis	2025-12-13T19:18:48.8312566Z [2025-12-13 19:18:48] [build-stdout] Done extracting /home/runner/work/Baci/Baci/src/components/storefront/checkout/discount-code-input.tsx (35 ms)
CodeQL Analysis	Perform CodeQL Analysis	2025-12-13T19:18:48.8317632Z [2025-12-13 19:18:48] [build-stdout] Extracting /home/runner/work/Baci/Baci/src/components/storefront/checkout/shipping-options.tsx
CodeQL Analysis	Perform CodeQL Analysis	2025-12-13T19:18:48.8640936Z [2025-12-13 19:18:48] [build-stdout] Done extracting /home/runner/work/Baci/Baci/src/components/storefront/checkout/shipping-options.tsx (32 ms)
CodeQL Analysis	Perform CodeQL Analysis	2025-12-13T19:18:48.8643039Z [2025-12-13 19:18:48] [build-stdout] Extracting /home/runner/work/Baci/Baci/src/components/storefront/loyalty/loyalty-badge.tsx
CodeQL Analysis	Perform CodeQL Analysis	2025-12-13T19:18:48.8734153Z [2025-12-13 19:18:48] [build-stdout] Done extracting /home/runner/work/Baci/Baci/src/components/storefront/loyalty/loyalty-badge.tsx (9 ms)
CodeQL Analysis	Perform CodeQL Analysis	2025-12-13T19:18:48.8736623Z [2025-12-13 19:18:48] [build-stdout] Extracting /home/runner/work/Baci/Baci/src/components/storefront/loyalty/loyalty-enrollment-form.tsx
CodeQL Analysis	Perform CodeQL Analysis	2025-12-13T19:18:48.8990966Z [2025-12-13 19:18:48] [build-stdout] Done extracting /home/runner/work/Baci/Baci/src/components/storefront/loyalty/loyalty-enrollment-form.tsx (25 ms)
CodeQL Analysis	Perform CodeQL Analysis	2025-12-13T19:18:48.8995207Z [2025-12-13 19:18:48] [build-stdout] Extracting /home/runner/work/Baci/Baci/src/components/storefront/loyalty/loyalty-status-card.tsx
CodeQL Analysis	Perform CodeQL Analysis	2025-12-13T19:18:48.9223416Z [2025-12-13 19:18:48] [build-stdout] Done extracting /home/runner/work/Baci/Baci/src/components/storefront/loyalty/loyalty-status-card.tsx (22 ms)
CodeQL Analysis	Perform CodeQL Analysis	2025-12-13T19:18:48.9228055Z [2025-12-13 19:18:48] [build-stdout] Extracting /home/runner/work/Baci/Baci/src/components/storefront/loyalty/rewards-catalog.tsx
CodeQL Analysis	Perform CodeQL Analysis	2025-12-13T19:18:48.9529930Z [2025-12-13 19:18:48] [build-stdout] Done extracting /home/runner/work/Baci/Baci/src/components/storefront/loyalty/rewards-catalog.tsx (31 ms)
CodeQL Analysis	Perform CodeQL Analysis	2025-12-13T19:18:48.9531138Z [2025-12-13 19:18:48] [build-stdout] Extracting /home/runner/work/Baci/Baci/src/components/storefront/new-template/ad-unit.tsx
CodeQL Analysis	Perform CodeQL Analysis	2025-12-13T19:18:48.9572294Z [2025-12-13 19:18:48] [build-stdout] Done extracting /home/runner/work/Baci/Baci/src/components/storefront/new-template/ad-unit.tsx (3 ms)
CodeQL Analysis	Perform CodeQL Analysis	2025-12-13T19:18:48.9576032Z [2025-12-13 19:18:48] [build-stdout] Extracting /home/runner/work/Baci/Baci/src/components/storefront/new-template/advanced-product-filters.tsx
CodeQL Analysis	Perform CodeQL Analysis	2025-12-13T19:18:48.9955972Z [2025-12-13 19:18:48] [build-stdout] Done extracting /home/runner/work/Baci/Baci/src/components/storefront/new-template/advanced-product-filters.tsx (38 ms)
CodeQL Analysis	Perform CodeQL Analysis	2025-12-13T19:18:48.9957377Z [2025-12-13 19:18:48] [build-stdout] Extracting /home/runner/work/Baci/Baci/src/components/storefront/new-template/banner-carousel.tsx
CodeQL Analysis	Perform CodeQL Analysis	2025-12-13T19:18:49.0110073Z [2025-12-13 19:18:49] [build-stdout] Done extracting /home/runner/work/Baci/Baci/src/components/storefront/new-template/banner-carousel.tsx (15 ms)
CodeQL Analysis	Perform CodeQL Analysis	2025-12-13T19:18:49.0112399Z [2025-12-13 19:18:49] [build-stdout] Extracting /home/runner/work/Baci/Baci/src/components/storefront/new-template/cart-page.tsx
CodeQL Analysis	Perform CodeQL Analysis	2025-12-13T19:18:49.0406619Z [2025-12-13 19:18:49] [build-stdout] Done extracting /home/runner/work/Baci/Baci/src/components/storefront/new-template/cart-page.tsx (28 ms)
CodeQL Analysis	Perform CodeQL Analysis	2025-12-13T19:18:49.0417081Z [2025-12-13 19:18:49] [build-stdout] Extracting /home/runner/work/Baci/Baci/src/components/storefront/new-template/checkout-page.tsx
CodeQL Analysis	Perform CodeQL Analysis	2025-12-13T19:18:49.0830591Z [2025-12-13 19:18:49] [build-stdout] Done extracting /home/runner/work/Baci/Baci/src/components/storefront/new-template/checkout-page.tsx (42 ms)
CodeQL Analysis	Perform CodeQL Analysis	2025-12-13T19:18:49.0835793Z [2025-12-13 19:18:49] [build-stdout] Extracting /home/runner/work/Baci/Baci/src/components/storefront/new-template/data.ts
CodeQL Analysis	Perform CodeQL Analysis	2025-12-13T19:18:49.0952581Z [2025-12-13 19:18:49] [build-stdout] Done extracting /home/runner/work/Baci/Baci/src/components/storefront/new-template/data.ts (12 ms)
CodeQL Analysis	Perform CodeQL Analysis	2025-12-13T19:18:49.0958917Z [2025-12-13 19:18:49] [build-stdout] Extracting /home/runner/work/Baci/Baci/src/components/storefront/new-template/engine-product-grid.tsx
CodeQL Analysis	Perform CodeQL Analysis	2025-12-13T19:18:49.1075941Z [2025-12-13 19:18:49] [build-stdout] Done extracting /home/runner/work/Baci/Baci/src/components/storefront/new-template/engine-product-grid.tsx (12 ms)
CodeQL Analysis	Perform CodeQL Analysis	2025-12-13T19:18:49.1080406Z [2025-12-13 19:18:49] [build-stdout] Extracting /home/runner/work/Baci/Baci/src/components/storefront/new-template/floating-particles.tsx
CodeQL Analysis	Perform CodeQL Analysis	2025-12-13T19:18:49.1124244Z [2025-12-13 19:18:49] [build-stdout] Done extracting /home/runner/work/Baci/Baci/src/components/storefront/new-template/floating-particles.tsx (4 ms)
CodeQL Analysis	Perform CodeQL Analysis	2025-12-13T19:18:49.1125982Z [2025-12-13 19:18:49] [build-stdout] Extracting /home/runner/work/Baci/Baci/src/components/storefront/new-template/footer.tsx
CodeQL Analysis	Perform CodeQL Analysis	2025-12-13T19:18:49.1477787Z [2025-12-13 19:18:49] [build-stdout] Done extracting /home/runner/work/Baci/Baci/src/components/storefront/new-template/footer.tsx (35 ms)
CodeQL Analysis	Perform CodeQL Analysis	2025-12-13T19:18:49.1481401Z [2025-12-13 19:18:49] [build-stdout] Extracting /home/runner/work/Baci/Baci/src/components/storefront/new-template/hero.tsx
CodeQL Analysis	Perform CodeQL Analysis	2025-12-13T19:18:49.1712817Z [2025-12-13 19:18:49] [build-stdout] Done extracting /home/runner/work/Baci/Baci/src/components/storefront/new-template/hero.tsx (23 ms)
CodeQL Analysis	Perform CodeQL Analysis	2025-12-13T19:18:49.1714635Z [2025-12-13 19:18:49] [build-stdout] Extracting /home/runner/work/Baci/Baci/src/components/storefront/new-template/home.tsx
CodeQL Analysis	Perform CodeQL Analysis	2025-12-13T19:18:49.1756634Z [2025-12-13 19:18:49] [build-stdout] Done extracting /home/runner/work/Baci/Baci/src/components/storefront/new-template/home.tsx (4 ms)
CodeQL Analysis	Perform CodeQL Analysis	2025-12-13T19:18:49.1760058Z [2025-12-13 19:18:49] [build-stdout] Extracting /home/runner/work/Baci/Baci/src/components/storefront/new-template/index.ts
CodeQL Analysis	Perform CodeQL Analysis	2025-12-13T19:18:49.1782298Z [2025-12-13 19:18:49] [build-stdout] Done extracting /home/runner/work/Baci/Baci/src/components/storefront/new-template/index.ts (2 ms)
CodeQL Analysis	Perform CodeQL Analysis	2025-12-13T19:18:49.1786518Z [2025-12-13 19:18:49] [build-stdout] Extracting /home/runner/work/Baci/Baci/src/components/storefront/new-template/interactive-product-grid.tsx
CodeQL Analysis	Perform CodeQL Analysis	2025-12-13T19:18:49.2117875Z [2025-12-13 19:18:49] [build-stdout] Done extracting /home/runner/work/Baci/Baci/src/components/storefront/new-template/interactive-product-grid.tsx (33 ms)
CodeQL Analysis	Perform CodeQL Analysis	2025-12-13T19:18:49.2121449Z [2025-12-13 19:18:49] [build-stdout] Extracting /home/runner/work/Baci/Baci/src/components/storefront/new-template/logo.tsx
CodeQL Analysis	Perform CodeQL Analysis	2025-12-13T19:18:49.2154328Z [2025-12-13 19:18:49] [build-stdout] Done extracting /home/runner/work/Baci/Baci/src/components/storefront/new-template/logo.tsx (3 ms)
CodeQL Analysis	Perform CodeQL Analysis	2025-12-13T19:18:49.2157206Z [2025-12-13 19:18:49] [build-stdout] Extracting /home/runner/work/Baci/Baci/src/components/storefront/new-template/mobile-menu.tsx
CodeQL Analysis	Perform CodeQL Analysis	2025-12-13T19:18:49.2216616Z [2025-12-13 19:18:49] [build-stdout] Done extracting /home/runner/work/Baci/Baci/src/components/storefront/new-template/mobile-menu.tsx (5 ms)
CodeQL Analysis	Perform CodeQL Analysis	2025-12-13T19:18:49.2219360Z [2025-12-13 19:18:49] [build-stdout] Extracting /home/runner/work/Baci/Baci/src/components/storefront/new-template/navbar.tsx
CodeQL Analysis	Perform CodeQL Analysis	2025-12-13T19:18:49.2620639Z [2025-12-13 19:18:49] [build-stdout] Done extracting /home/runner/work/Baci/Baci/src/components/storefront/new-template/navbar.tsx (40 ms)
CodeQL Analysis	Perform CodeQL Analysis	2025-12-13T19:18:49.2623267Z [2025-12-13 19:18:49] [build-stdout] Extracting /home/runner/work/Baci/Baci/src/components/storefront/new-template/negotiation-modal.tsx
CodeQL Analysis	Perform CodeQL Analysis	2025-12-13T19:18:49.2909289Z [2025-12-13 19:18:49] [build-stdout] Done extracting /home/runner/work/Baci/Baci/src/components/storefront/new-template/negotiation-modal.tsx (28 ms)
CodeQL Analysis	Perform CodeQL Analysis	2025-12-13T19:18:49.2911601Z [2025-12-13 19:18:49] [build-stdout] Extracting /home/runner/work/Baci/Baci/src/components/storefront/new-template/product-details.tsx
CodeQL Analysis	Perform CodeQL Analysis	2025-12-13T19:18:49.3583756Z [2025-12-13 19:18:49] [build-stdout] Done extracting /home/runner/work/Baci/Baci/src/components/storefront/new-template/product-details.tsx (67 ms)
CodeQL Analysis	Perform CodeQL Analysis	2025-12-13T19:18:49.3587731Z [2025-12-13 19:18:49] [build-stdout] Extracting /home/runner/work/Baci/Baci/src/components/storefront/new-template/product-grid-item.tsx
CodeQL Analysis	Perform CodeQL Analysis	2025-12-13T19:18:49.3907142Z [2025-12-13 19:18:49] [build-stdout] Done extracting /home/runner/work/Baci/Baci/src/components/storefront/new-template/product-grid-item.tsx (32 ms)
CodeQL Analysis	Perform CodeQL Analysis	2025-12-13T19:18:49.3910565Z [2025-12-13 19:18:49] [build-stdout] Extracting /home/runner/work/Baci/Baci/src/components/storefront/new-template/product-list-item.tsx
CodeQL Analysis	Perform CodeQL Analysis	2025-12-13T19:18:49.4127092Z [2025-12-13 19:18:49] [build-stdout] Done extracting /home/runner/work/Baci/Baci/src/components/storefront/new-template/product-list-item.tsx (21 ms)
CodeQL Analysis	Perform CodeQL Analysis	2025-12-13T19:18:49.4128657Z [2025-12-13 19:18:49] [build-stdout] Extracting /home/runner/work/Baci/Baci/src/components/storefront/new-template/rotating-word.tsx
CodeQL Analysis	Perform CodeQL Analysis	2025-12-13T19:18:49.4170936Z [2025-12-13 19:18:49] [build-stdout] Done extracting /home/runner/work/Baci/Baci/src/components/storefront/new-template/rotating-word.tsx (4 ms)
CodeQL Analysis	Perform CodeQL Analysis	2025-12-13T19:18:49.4172295Z [2025-12-13 19:18:49] [build-stdout] Extracting /home/runner/work/Baci/Baci/src/components/storefront/new-template/saved-context.tsx
CodeQL Analysis	Perform CodeQL Analysis	2025-12-13T19:18:49.4237663Z [2025-12-13 19:18:49] [build-stdout] Done extracting /home/runner/work/Baci/Baci/src/components/storefront/new-template/saved-context.tsx (6 ms)
CodeQL Analysis	Perform CodeQL Analysis	2025-12-13T19:18:49.4240409Z [2025-12-13 19:18:49] [build-stdout] Extracting /home/runner/work/Baci/Baci/src/components/storefront/new-template/source-request-modal.tsx
CodeQL Analysis	Perform CodeQL Analysis	2025-12-13T19:18:49.4282430Z [2025-12-13 19:18:49] [build-stdout] Done extracting /home/runner/work/Baci/Baci/src/components/storefront/new-template/source-request-modal.tsx (5 ms)
CodeQL Analysis	Perform CodeQL Analysis	2025-12-13T19:18:49.4286256Z [2025-12-13 19:18:49] [build-stdout] Extracting /home/runner/work/Baci/Baci/src/components/storefront/new-template/types.ts
CodeQL Analysis	Perform CodeQL Analysis	2025-12-13T19:18:49.4369926Z [2025-12-13 19:18:49] [build-stdout] Done extracting /home/runner/work/Baci/Baci/src/components/storefront/new-template/types.ts (8 ms)
CodeQL Analysis	Perform CodeQL Analysis	2025-12-13T19:18:49.4373451Z [2025-12-13 19:18:49] [build-stdout] Extracting /home/runner/work/Baci/Baci/src/components/storefront/ogabassey/index.ts
CodeQL Analysis	Perform CodeQL Analysis	2025-12-13T19:18:49.4415252Z [2025-12-13 19:18:49] [build-stdout] Done extracting /home/runner/work/Baci/Baci/src/components/storefront/ogabassey/index.ts (3 ms)
CodeQL Analysis	Perform CodeQL Analysis	2025-12-13T19:18:49.4417239Z [2025-12-13 19:18:49] [build-stdout] Extracting /home/runner/work/Baci/Baci/src/components/storefront/ogabassey/layout.tsx
CodeQL Analysis	Perform CodeQL Analysis	2025-12-13T19:18:49.4540075Z [2025-12-13 19:18:49] [build-stdout] Done extracting /home/runner/work/Baci/Baci/src/components/storefront/ogabassey/layout.tsx (12 ms)
CodeQL Analysis	Perform CodeQL Analysis	2025-12-13T19:18:49.4541259Z [2025-12-13 19:18:49] [build-stdout] Extracting /home/runner/work/Baci/Baci/src/components/storefront/ogabassey/types.ts
CodeQL Analysis	Perform CodeQL Analysis	2025-12-13T19:18:49.4640883Z [2025-12-13 19:18:49] [build-stdout] Done extracting /home/runner/work/Baci/Baci/src/components/storefront/ogabassey/types.ts (9 ms)
CodeQL Analysis	Perform CodeQL Analysis	2025-12-13T19:18:49.4642050Z [2025-12-13 19:18:49] [build-stdout] Extracting /home/runner/work/Baci/Baci/src/components/storefront/templates/gadget-default-template.tsx
CodeQL Analysis	Perform CodeQL Analysis	2025-12-13T19:18:49.4889584Z [2025-12-13 19:18:49] [build-stdout] Done extracting /home/runner/work/Baci/Baci/src/components/storefront/templates/gadget-default-template.tsx (24 ms)
CodeQL Analysis	Perform CodeQL Analysis	2025-12-13T19:18:49.4891044Z [2025-12-13 19:18:49] [build-stdout] Extracting /home/runner/work/Baci/Baci/src/components/storefront/templates/gadget-universe.tsx
CodeQL Analysis	Perform CodeQL Analysis	2025-12-13T19:18:49.5035511Z [2025-12-13 19:18:49] [build-stdout] Done extracting /home/runner/work/Baci/Baci/src/components/storefront/templates/gadget-universe.tsx (14 ms)
CodeQL Analysis	Perform CodeQL Analysis	2025-12-13T19:18:49.5038364Z [2025-12-13 19:18:49] [build-stdout] Extracting /home/runner/work/Baci/Baci/src/components/storefront/templates/premium-default.tsx
CodeQL Analysis	Perform CodeQL Analysis	2025-12-13T19:18:49.5216956Z [2025-12-13 19:18:49] [build-stdout] Done extracting /home/runner/work/Baci/Baci/src/components/storefront/templates/premium-default.tsx (18 ms)
CodeQL Analysis	Perform CodeQL Analysis	2025-12-13T19:18:49.5218208Z [2025-12-13 19:18:49] [build-stdout] Extracting /home/runner/work/Baci/Baci/src/lib/shipping/providers/base.ts
CodeQL Analysis	Perform CodeQL Analysis	2025-12-13T19:18:49.5603764Z [2025-12-13 19:18:49] [build-stdout] Done extracting /home/runner/work/Baci/Baci/src/lib/shipping/providers/base.ts (37 ms)
CodeQL Analysis	Perform CodeQL Analysis	2025-12-13T19:18:49.5605595Z [2025-12-13 19:18:49] [build-stdout] Extracting /home/runner/work/Baci/Baci/src/lib/shipping/providers/gigl.ts
CodeQL Analysis	Perform CodeQL Analysis	2025-12-13T19:18:49.6309872Z [2025-12-13 19:18:49] [build-stdout] Done extracting /home/runner/work/Baci/Baci/src/lib/shipping/providers/gigl.ts (71 ms)
CodeQL Analysis	Perform CodeQL Analysis	2025-12-13T19:18:49.6330317Z [2025-12-13 19:18:49] [build-stdout] Extracting /home/runner/work/Baci/Baci/src/lib/shipping/providers/topship.ts
CodeQL Analysis	Perform CodeQL Analysis	2025-12-13T19:18:49.7136997Z [2025-12-13 19:18:49] [build-stdout] Done extracting /home/runner/work/Baci/Baci/src/lib/shipping/providers/topship.ts (82 ms)
CodeQL Analysis	Perform CodeQL Analysis	2025-12-13T19:18:49.7138898Z [2025-12-13 19:18:49] [build-stdout] Extracting /home/runner/work/Baci/Baci/src/ai/flows/autofill-product-details.ts
CodeQL Analysis	Perform CodeQL Analysis	2025-12-13T19:18:49.7288933Z [2025-12-13 19:18:49] [build-stdout] Done extracting /home/runner/work/Baci/Baci/src/ai/flows/autofill-product-details.ts (14 ms)
CodeQL Analysis	Perform CodeQL Analysis	2025-12-13T19:18:49.7291563Z [2025-12-13 19:18:49] [build-stdout] Extracting /home/runner/work/Baci/Baci/src/ai/flows/enhance-product-images.ts
CodeQL Analysis	Perform CodeQL Analysis	2025-12-13T19:18:49.7376328Z [2025-12-13 19:18:49] [build-stdout] Done extracting /home/runner/work/Baci/Baci/src/ai/flows/enhance-product-images.ts (8 ms)
CodeQL Analysis	Perform CodeQL Analysis	2025-12-13T19:18:49.7378195Z [2025-12-13 19:18:49] [build-stdout] Extracting /home/runner/work/Baci/Baci/src/ai/flows/generate-product-descriptions.ts
CodeQL Analysis	Perform CodeQL Analysis	2025-12-13T19:18:49.7494898Z [2025-12-13 19:18:49] [build-stdout] Done extracting /home/runner/work/Baci/Baci/src/ai/flows/generate-product-descriptions.ts (11 ms)
CodeQL Analysis	Perform CodeQL Analysis	2025-12-13T19:18:49.7497922Z [2025-12-13 19:18:49] [build-stdout] Extracting /home/runner/work/Baci/Baci/src/ai/flows/guide-business-onboarding.ts
CodeQL Analysis	Perform CodeQL Analysis	2025-12-13T19:18:49.7731277Z [2025-12-13 19:18:49] [build-stdout] Done extracting /home/runner/work/Baci/Baci/src/ai/flows/guide-business-onboarding.ts (23 ms)
CodeQL Analysis	Perform CodeQL Analysis	2025-12-13T19:18:49.7733084Z [2025-12-13 19:18:49] [build-stdout] Extracting /home/runner/work/Baci/Baci/src/app/(preview)/layout.tsx
CodeQL Analysis	Perform CodeQL Analysis	2025-12-13T19:18:49.7823812Z [2025-12-13 19:18:49] [build-stdout] Done extracting /home/runner/work/Baci/Baci/src/app/(preview)/layout.tsx (5 ms)
CodeQL Analysis	Perform CodeQL Analysis	2025-12-13T19:18:49.7826299Z [2025-12-13 19:18:49] [build-stdout] Extracting /home/runner/work/Baci/Baci/src/app/about/page.tsx
CodeQL Analysis	Perform CodeQL Analysis	2025-12-13T19:18:49.7917181Z [2025-12-13 19:18:49] [build-stdout] Done extracting /home/runner/work/Baci/Baci/src/app/about/page.tsx (12 ms)
CodeQL Analysis	Perform CodeQL Analysis	2025-12-13T19:18:49.7920956Z [2025-12-13 19:18:49] [build-stdout] Extracting /home/runner/work/Baci/Baci/src/app/actions/auth.ts
CodeQL Analysis	Perform CodeQL Analysis	2025-12-13T19:18:49.8076628Z [2025-12-13 19:18:49] [build-stdout] Done extracting /home/runner/work/Baci/Baci/src/app/actions/auth.ts (14 ms)
CodeQL Analysis	Perform CodeQL Analysis	2025-12-13T19:18:49.8077511Z [2025-12-13 19:18:49] [build-stdout] Extracting /home/runner/work/Baci/Baci/src/app/actions/paystack.ts
CodeQL Analysis	Perform CodeQL Analysis	2025-12-13T19:18:49.8144241Z [2025-12-13 19:18:49] [build-stdout] Done extracting /home/runner/work/Baci/Baci/src/app/actions/paystack.ts (6 ms)
CodeQL Analysis	Perform CodeQL Analysis	2025-12-13T19:18:49.8146749Z [2025-12-13 19:18:49] [build-stdout] Extracting /home/runner/work/Baci/Baci/src/app/admin/error.tsx
CodeQL Analysis	Perform CodeQL Analysis	2025-12-13T19:18:49.8270556Z [2025-12-13 19:18:49] [build-stdout] Done extracting /home/runner/work/Baci/Baci/src/app/admin/error.tsx (9 ms)
CodeQL Analysis	Perform CodeQL Analysis	2025-12-13T19:18:49.8272699Z [2025-12-13 19:18:49] [build-stdout] Extracting /home/runner/work/Baci/Baci/src/app/admin/layout.tsx
CodeQL Analysis	Perform CodeQL Analysis	2025-12-13T19:18:49.8801475Z [2025-12-13 19:18:49] [build-stdout] Done extracting /home/runner/work/Baci/Baci/src/app/admin/layout.tsx (53 ms)
CodeQL Analysis	Perform CodeQL Analysis	2025-12-13T19:18:49.8802682Z [2025-12-13 19:18:49] [build-stdout] Extracting /home/runner/work/Baci/Baci/src/app/admin/page.tsx
CodeQL Analysis	Perform CodeQL Analysis	2025-12-13T19:18:49.9519392Z [2025-12-13 19:18:49] [build-stdout] Done extracting /home/runner/work/Baci/Baci/src/app/admin/page.tsx (73 ms)
CodeQL Analysis	Perform CodeQL Analysis	2025-12-13T19:18:49.9520776Z [2025-12-13 19:18:49] [build-stdout] Extracting /home/runner/work/Baci/Baci/src/app/api/layout.tsx
CodeQL Analysis	Perform CodeQL Analysis	2025-12-13T19:18:49.9543222Z [2025-12-13 19:18:49] [build-stdout] Done extracting /home/runner/work/Baci/Baci/src/app/api/layout.tsx (1 ms)
CodeQL Analysis	Perform CodeQL Analysis	2025-12-13T19:18:49.9544620Z [2025-12-13 19:18:49] [build-stdout] Extracting /home/runner/work/Baci/Baci/src/app/blog/page.tsx
CodeQL Analysis	Perform CodeQL Analysis	2025-12-13T19:18:49.9692911Z [2025-12-13 19:18:49] [build-stdout] Done extracting /home/runner/work/Baci/Baci/src/app/blog/page.tsx (14 ms)
CodeQL Analysis	Perform CodeQL Analysis	2025-12-13T19:18:49.9695239Z [2025-12-13 19:18:49] [build-stdout] Extracting /home/runner/work/Baci/Baci/src/app/builder/builder-client.tsx
CodeQL Analysis	Perform CodeQL Analysis	2025-12-13T19:18:50.0524367Z [2025-12-13 19:18:50] [build-stdout] Done extracting /home/runner/work/Baci/Baci/src/app/builder/builder-client.tsx (83 ms)
CodeQL Analysis	Perform CodeQL Analysis	2025-12-13T19:18:50.0527963Z [2025-12-13 19:18:50] [build-stdout] Extracting /home/runner/work/Baci/Baci/src/app/builder/page.tsx
CodeQL Analysis	Perform CodeQL Analysis	2025-12-13T19:18:50.0563858Z [2025-12-13 19:18:50] [build-stdout] Done extracting /home/runner/work/Baci/Baci/src/app/builder/page.tsx (3 ms)
CodeQL Analysis	Perform CodeQL Analysis	2025-12-13T19:18:50.0566310Z [2025-12-13 19:18:50] [build-stdout] Extracting /home/runner/work/Baci/Baci/src/app/checkout/error.tsx
CodeQL Analysis	Perform CodeQL Analysis	2025-12-13T19:18:50.0646310Z [2025-12-13 19:18:50] [build-stdout] Done extracting /home/runner/work/Baci/Baci/src/app/checkout/error.tsx (8 ms)
CodeQL Analysis	Perform CodeQL Analysis	2025-12-13T19:18:50.0648335Z [2025-12-13 19:18:50] [build-stdout] Extracting /home/runner/work/Baci/Baci/src/app/checkout/layout.tsx
CodeQL Analysis	Perform CodeQL Analysis	2025-12-13T19:18:50.0674922Z [2025-12-13 19:18:50] [build-stdout] Done extracting /home/runner/work/Baci/Baci/src/app/checkout/layout.tsx (2 ms)
CodeQL Analysis	Perform CodeQL Analysis	2025-12-13T19:18:50.0675932Z [2025-12-13 19:18:50] [build-stdout] Extracting /home/runner/work/Baci/Baci/src/app/checkout/loading.tsx
CodeQL Analysis	Perform CodeQL Analysis	2025-12-13T19:18:50.0711141Z [2025-12-13 19:18:50] [build-stdout] Done extracting /home/runner/work/Baci/Baci/src/app/checkout/loading.tsx (2 ms)
CodeQL Analysis	Perform CodeQL Analysis	2025-12-13T19:18:50.0714321Z [2025-12-13 19:18:50] [build-stdout] Extracting /home/runner/work/Baci/Baci/src/app/checkout/page.tsx
CodeQL Analysis	Perform CodeQL Analysis	2025-12-13T19:18:50.2565343Z [2025-12-13 19:18:50] [build-stdout] Done extracting /home/runner/work/Baci/Baci/src/app/checkout/page.tsx (185 ms)
CodeQL Analysis	Perform CodeQL Analysis	2025-12-13T19:18:50.2566331Z [2025-12-13 19:18:50] [build-stdout] Extracting /home/runner/work/Baci/Baci/src/app/contact/page.tsx
CodeQL Analysis	Perform CodeQL Analysis	2025-12-13T19:18:50.2700689Z [2025-12-13 19:18:50] [build-stdout] Done extracting /home/runner/work/Baci/Baci/src/app/contact/page.tsx (13 ms)
CodeQL Analysis	Perform CodeQL Analysis	2025-12-13T19:18:50.2702989Z [2025-12-13 19:18:50] [build-stdout] Extracting /home/runner/work/Baci/Baci/src/app/dashboard/actions.ts
CodeQL Analysis	Perform CodeQL Analysis	2025-12-13T19:18:50.2910489Z [2025-12-13 19:18:50] [build-stdout] Done extracting /home/runner/work/Baci/Baci/src/app/dashboard/actions.ts (20 ms)
CodeQL Analysis	Perform CodeQL Analysis	2025-12-13T19:18:50.2912628Z [2025-12-13 19:18:50] [build-stdout] Extracting /home/runner/work/Baci/Baci/src/app/dashboard/client-layout.tsx
CodeQL Analysis	Perform CodeQL Analysis	2025-12-13T19:18:50.3861532Z [2025-12-13 19:18:50] [build-stdout] Done extracting /home/runner/work/Baci/Baci/src/app/dashboard/client-layout.tsx (95 ms)
CodeQL Analysis	Perform CodeQL Analysis	2025-12-13T19:18:50.3862576Z [2025-12-13 19:18:50] [build-stdout] Extracting /home/runner/work/Baci/Baci/src/app/dashboard/client-page.tsx
CodeQL Analysis	Perform CodeQL Analysis	2025-12-13T19:18:50.4711765Z [2025-12-13 19:18:50] [build-stdout] Done extracting /home/runner/work/Baci/Baci/src/app/dashboard/client-page.tsx (84 ms)
CodeQL Analysis	Perform CodeQL Analysis	2025-12-13T19:18:50.4713306Z [2025-12-13 19:18:50] [build-stdout] Extracting /home/runner/work/Baci/Baci/src/app/dashboard/error.tsx
CodeQL Analysis	Perform CodeQL Analysis	2025-12-13T19:18:50.4807215Z [2025-12-13 19:18:50] [build-stdout] Done extracting /home/runner/work/Baci/Baci/src/app/dashboard/error.tsx (9 ms)
CodeQL Analysis	Perform CodeQL Analysis	2025-12-13T19:18:50.4810327Z [2025-12-13 19:18:50] [build-stdout] Extracting /home/runner/work/Baci/Baci/src/app/dashboard/layout.tsx
CodeQL Analysis	Perform CodeQL Analysis	2025-12-13T19:18:50.4845248Z [2025-12-13 19:18:50] [build-stdout] Done extracting /home/runner/work/Baci/Baci/src/app/dashboard/layout.tsx (3 ms)
CodeQL Analysis	Perform CodeQL Analysis	2025-12-13T19:18:50.4847201Z [2025-12-13 19:18:50] [build-stdout] Extracting /home/runner/work/Baci/Baci/src/app/dashboard/loading.tsx
CodeQL Analysis	Perform CodeQL Analysis	2025-12-13T19:18:50.4942520Z [2025-12-13 19:18:50] [build-stdout] Done extracting /home/runner/work/Baci/Baci/src/app/dashboard/loading.tsx (10 ms)
CodeQL Analysis	Perform CodeQL Analysis	2025-12-13T19:18:50.4944296Z [2025-12-13 19:18:50] [build-stdout] Extracting /home/runner/work/Baci/Baci/src/app/dashboard/page.tsx
CodeQL Analysis	Perform CodeQL Analysis	2025-12-13T19:18:50.5050503Z [2025-12-13 19:18:50] [build-stdout] Done extracting /home/runner/work/Baci/Baci/src/app/dashboard/page.tsx (8 ms)
CodeQL Analysis	Perform CodeQL Analysis	2025-12-13T19:18:50.5076154Z [2025-12-13 19:18:50] [build-stdout] Extracting /home/runner/work/Baci/Baci/src/app/dashboard/providers.tsx
CodeQL Analysis	Perform CodeQL Analysis	2025-12-13T19:18:50.5115573Z [2025-12-13 19:18:50] [build-stdout] Done extracting /home/runner/work/Baci/Baci/src/app/dashboard/providers.tsx (8 ms)
CodeQL Analysis	Perform CodeQL Analysis	2025-12-13T19:18:50.5117370Z [2025-12-13 19:18:50] [build-stdout] Extracting /home/runner/work/Baci/Baci/src/app/debug-auth/page.tsx
CodeQL Analysis	Perform CodeQL Analysis	2025-12-13T19:18:50.5302466Z [2025-12-13 19:18:50] [build-stdout] Done extracting /home/runner/work/Baci/Baci/src/app/debug-auth/page.tsx (18 ms)
CodeQL Analysis	Perform CodeQL Analysis	2025-12-13T19:18:50.5304123Z [2025-12-13 19:18:50] [build-stdout] Extracting /home/runner/work/Baci/Baci/src/app/demo/page.tsx
CodeQL Analysis	Perform CodeQL Analysis	2025-12-13T19:18:50.5530186Z [2025-12-13 19:18:50] [build-stdout] Done extracting /home/runner/work/Baci/Baci/src/app/demo/page.tsx (22 ms)
CodeQL Analysis	Perform CodeQL Analysis	2025-12-13T19:18:50.5531911Z [2025-12-13 19:18:50] [build-stdout] Extracting /home/runner/work/Baci/Baci/src/app/features/page.tsx
CodeQL Analysis	Perform CodeQL Analysis	2025-12-13T19:18:50.5655087Z [2025-12-13 19:18:50] [build-stdout] Done extracting /home/runner/work/Baci/Baci/src/app/features/page.tsx (10 ms)
CodeQL Analysis	Perform CodeQL Analysis	2025-12-13T19:18:50.5656756Z [2025-12-13 19:18:50] [build-stdout] Extracting /home/runner/work/Baci/Baci/src/app/login/login-client.tsx
CodeQL Analysis	Perform CodeQL Analysis	2025-12-13T19:18:50.5677780Z [2025-12-13 19:18:50] [build-stdout] Done extracting /home/runner/work/Baci/Baci/src/app/login/login-client.tsx (3 ms)
CodeQL Analysis	Perform CodeQL Analysis	2025-12-13T19:18:50.5679210Z [2025-12-13 19:18:50] [build-stdout] Extracting /home/runner/work/Baci/Baci/src/app/login/page.tsx
CodeQL Analysis	Perform CodeQL Analysis	2025-12-13T19:18:50.5708240Z [2025-12-13 19:18:50] [build-stdout] Done extracting /home/runner/work/Baci/Baci/src/app/login/page.tsx (2 ms)
CodeQL Analysis	Perform CodeQL Analysis	2025-12-13T19:18:50.5709475Z [2025-12-13 19:18:50] [build-stdout] Extracting /home/runner/work/Baci/Baci/src/app/onboarding/actions.ts
CodeQL Analysis	Perform CodeQL Analysis	2025-12-13T19:18:50.6157575Z [2025-12-13 19:18:50] [build-stdout] Done extracting /home/runner/work/Baci/Baci/src/app/onboarding/actions.ts (45 ms)
CodeQL Analysis	Perform CodeQL Analysis	2025-12-13T19:18:50.6158571Z [2025-12-13 19:18:50] [build-stdout] Extracting /home/runner/work/Baci/Baci/src/app/onboarding/onboarding-page-content.tsx
CodeQL Analysis	Perform CodeQL Analysis	2025-12-13T19:18:50.6230791Z [2025-12-13 19:18:50] [build-stdout] Done extracting /home/runner/work/Baci/Baci/src/app/onboarding/onboarding-page-content.tsx (7 ms)
CodeQL Analysis	Perform CodeQL Analysis	2025-12-13T19:18:50.6231845Z [2025-12-13 19:18:50] [build-stdout] Extracting /home/runner/work/Baci/Baci/src/app/onboarding/page.tsx
CodeQL Analysis	Perform CodeQL Analysis	2025-12-13T19:18:50.6285066Z [2025-12-13 19:18:50] [build-stdout] Done extracting /home/runner/work/Baci/Baci/src/app/onboarding/page.tsx (4 ms)
CodeQL Analysis	Perform CodeQL Analysis	2025-12-13T19:18:50.6286449Z [2025-12-13 19:18:50] [build-stdout] Extracting /home/runner/work/Baci/Baci/src/app/pricing/page.tsx
CodeQL Analysis	Perform CodeQL Analysis	2025-12-13T19:18:50.6481716Z [2025-12-13 19:18:50] [build-stdout] Done extracting /home/runner/work/Baci/Baci/src/app/pricing/page.tsx (20 ms)
CodeQL Analysis	Perform CodeQL Analysis	2025-12-13T19:18:50.6483842Z [2025-12-13 19:18:50] [build-stdout] Extracting /home/runner/work/Baci/Baci/src/app/privacy/page.tsx
CodeQL Analysis	Perform CodeQL Analysis	2025-12-13T19:18:50.6593863Z [2025-12-13 19:18:50] [build-stdout] Done extracting /home/runner/work/Baci/Baci/src/app/privacy/page.tsx (10 ms)
CodeQL Analysis	Perform CodeQL Analysis	2025-12-13T19:18:50.6596835Z [2025-12-13 19:18:50] [build-stdout] Extracting /home/runner/work/Baci/Baci/src/app/reset-password/page.tsx
CodeQL Analysis	Perform CodeQL Analysis	2025-12-13T19:18:50.6884682Z [2025-12-13 19:18:50] [build-stdout] Done extracting /home/runner/work/Baci/Baci/src/app/reset-password/page.tsx (29 ms)
CodeQL Analysis	Perform CodeQL Analysis	2025-12-13T19:18:50.6885770Z [2025-12-13 19:18:50] [build-stdout] Extracting /home/runner/work/Baci/Baci/src/app/template-preview/page.tsx
CodeQL Analysis	Perform CodeQL Analysis	2025-12-13T19:18:50.6905429Z [2025-12-13 19:18:50] [build-stdout] Done extracting /home/runner/work/Baci/Baci/src/app/template-preview/page.tsx (1 ms)
CodeQL Analysis	Perform CodeQL Analysis	2025-12-13T19:18:50.6906623Z [2025-12-13 19:18:50] [build-stdout] Extracting /home/runner/work/Baci/Baci/src/app/terms/page.tsx
CodeQL Analysis	Perform CodeQL Analysis	2025-12-13T19:18:50.7003291Z [2025-12-13 19:18:50] [build-stdout] Done extracting /home/runner/work/Baci/Baci/src/app/terms/page.tsx (9 ms)
CodeQL Analysis	Perform CodeQL Analysis	2025-12-13T19:18:50.7004980Z [2025-12-13 19:18:50] [build-stdout] Extracting /home/runner/work/Baci/Baci/src/app/track/page.tsx
CodeQL Analysis	Perform CodeQL Analysis	2025-12-13T19:18:50.7123136Z [2025-12-13 19:18:50] [build-stdout] Done extracting /home/runner/work/Baci/Baci/src/app/track/page.tsx (11 ms)
CodeQL Analysis	Perform CodeQL Analysis	2025-12-13T19:18:50.7125395Z [2025-12-13 19:18:50] [build-stdout] Extracting /home/runner/work/Baci/Baci/src/components/analytics/ai-insights-panel.tsx
CodeQL Analysis	Perform CodeQL Analysis	2025-12-13T19:18:50.7408857Z [2025-12-13 19:18:50] [build-stdout] Done extracting /home/runner/work/Baci/Baci/src/components/analytics/ai-insights-panel.tsx (28 ms)
CodeQL Analysis	Perform CodeQL Analysis	2025-12-13T19:18:50.7413027Z [2025-12-13 19:18:50] [build-stdout] Extracting /home/runner/work/Baci/Baci/src/components/analytics/analytics-card.tsx
CodeQL Analysis	Perform CodeQL Analysis	2025-12-13T19:18:50.7520363Z [2025-12-13 19:18:50] [build-stdout] Done extracting /home/runner/work/Baci/Baci/src/components/analytics/analytics-card.tsx (11 ms)
CodeQL Analysis	Perform CodeQL Analysis	2025-12-13T19:18:50.7521559Z [2025-12-13 19:18:50] [build-stdout] Extracting /home/runner/work/Baci/Baci/src/components/analytics/analytics-category-nav.tsx
CodeQL Analysis	Perform CodeQL Analysis	2025-12-13T19:18:50.7620139Z [2025-12-13 19:18:50] [build-stdout] Done extracting /home/runner/work/Baci/Baci/src/components/analytics/analytics-category-nav.tsx (9 ms)
CodeQL Analysis	Perform CodeQL Analysis	2025-12-13T19:18:50.7622580Z [2025-12-13 19:18:50] [build-stdout] Extracting /home/runner/work/Baci/Baci/src/components/analytics/analytics-filters.tsx
CodeQL Analysis	Perform CodeQL Analysis	2025-12-13T19:18:50.7733564Z [2025-12-13 19:18:50] [build-stdout] Done extracting /home/runner/work/Baci/Baci/src/components/analytics/analytics-filters.tsx (11 ms)
CodeQL Analysis	Perform CodeQL Analysis	2025-12-13T19:18:50.7737033Z [2025-12-13 19:18:50] [build-stdout] Extracting /home/runner/work/Baci/Baci/src/components/analytics/analytics-provider.tsx
CodeQL Analysis	Perform CodeQL Analysis	2025-12-13T19:18:50.7849439Z [2025-12-13 19:18:50] [build-stdout] Done extracting /home/runner/work/Baci/Baci/src/components/analytics/analytics-provider.tsx (10 ms)
CodeQL Analysis	Perform CodeQL Analysis	2025-12-13T19:18:50.7852126Z [2025-12-13 19:18:50] [build-stdout] Extracting /home/runner/work/Baci/Baci/src/components/analytics/chart-components.tsx
CodeQL Analysis	Perform CodeQL Analysis	2025-12-13T19:18:50.8170273Z [2025-12-13 19:18:50] [build-stdout] Done extracting /home/runner/work/Baci/Baci/src/components/analytics/chart-components.tsx (31 ms)
CodeQL Analysis	Perform CodeQL Analysis	2025-12-13T19:18:50.8176946Z [2025-12-13 19:18:50] [build-stdout] Extracting /home/runner/work/Baci/Baci/src/components/analytics/draggable-analytics-grid.tsx
CodeQL Analysis	Perform CodeQL Analysis	2025-12-13T19:18:51.0946919Z [2025-12-13 19:18:51] [build-stdout] Done extracting /home/runner/work/Baci/Baci/src/components/analytics/draggable-analytics-grid.tsx (278 ms)
CodeQL Analysis	Perform CodeQL Analysis	2025-12-13T19:18:51.0950086Z [2025-12-13 19:18:51] [build-stdout] Extracting /home/runner/work/Baci/Baci/src/components/analytics/facebook-pixel.tsx
CodeQL Analysis	Perform CodeQL Analysis	2025-12-13T19:18:51.1018463Z [2025-12-13 19:18:51] [build-stdout] Done extracting /home/runner/work/Baci/Baci/src/components/analytics/facebook-pixel.tsx (7 ms)
CodeQL Analysis	Perform CodeQL Analysis	2025-12-13T19:18:51.1204825Z [2025-12-13 19:18:51] [build-stdout] Extracting /home/runner/work/Baci/Baci/src/components/analytics/google-analytics.tsx
CodeQL Analysis	Perform CodeQL Analysis	2025-12-13T19:18:51.1206037Z [2025-12-13 19:18:51] [build-stdout] Done extracting /home/runner/work/Baci/Baci/src/components/analytics/google-analytics.tsx (18 ms)
CodeQL Analysis	Perform CodeQL Analysis	2025-12-13T19:18:51.1207610Z [2025-12-13 19:18:51] [build-stdout] Extracting /home/runner/work/Baci/Baci/src/components/analytics/platform-analytics-provider.tsx
CodeQL Analysis	Perform CodeQL Analysis	2025-12-13T19:18:51.1521187Z [2025-12-13 19:18:51] [build-stdout] Done extracting /home/runner/work/Baci/Baci/src/components/analytics/platform-analytics-provider.tsx (31 ms)
CodeQL Analysis	Perform CodeQL Analysis	2025-12-13T19:18:51.1522912Z [2025-12-13 19:18:51] [build-stdout] Extracting /home/runner/work/Baci/Baci/src/components/analytics/setup-instructions.tsx
CodeQL Analysis	Perform CodeQL Analysis	2025-12-13T19:18:51.1912577Z [2025-12-13 19:18:51] [build-stdout] Done extracting /home/runner/work/Baci/Baci/src/components/analytics/setup-instructions.tsx (39 ms)
CodeQL Analysis	Perform CodeQL Analysis	2025-12-13T19:18:51.1914446Z [2025-12-13 19:18:51] [build-stdout] Extracting /home/runner/work/Baci/Baci/src/components/analytics/snapchat-pixel.tsx
CodeQL Analysis	Perform CodeQL Analysis	2025-12-13T19:18:51.2163667Z [2025-12-13 19:18:51] [build-stdout] Done extracting /home/runner/work/Baci/Baci/src/components/analytics/snapchat-pixel.tsx (24 ms)
CodeQL Analysis	Perform CodeQL Analysis	2025-12-13T19:18:51.2166568Z [2025-12-13 19:18:51] [build-stdout] Extracting /home/runner/work/Baci/Baci/src/components/analytics/tiktok-pixel.tsx
CodeQL Analysis	Perform CodeQL Analysis	2025-12-13T19:18:51.2451174Z [2025-12-13 19:18:51] [build-stdout] Done extracting /home/runner/work/Baci/Baci/src/components/analytics/tiktok-pixel.tsx (29 ms)
CodeQL Analysis	Perform CodeQL Analysis	2025-12-13T19:18:51.2454753Z [2025-12-13 19:18:51] [build-stdout] Extracting /home/runner/work/Baci/Baci/src/components/analytics/twitter-pixel.tsx
CodeQL Analysis	Perform CodeQL Analysis	2025-12-13T19:18:51.2603631Z [2025-12-13 19:18:51] [build-stdout] Done extracting /home/runner/work/Baci/Baci/src/components/analytics/twitter-pixel.tsx (15 ms)
CodeQL Analysis	Perform CodeQL Analysis	2025-12-13T19:18:51.2605897Z [2025-12-13 19:18:51] [build-stdout] Extracting /home/runner/work/Baci/Baci/src/components/analytics/web-vitals-reporter.tsx
CodeQL Analysis	Perform CodeQL Analysis	2025-12-13T19:18:51.2804106Z [2025-12-13 19:18:51] [build-stdout] Done extracting /home/runner/work/Baci/Baci/src/components/analytics/web-vitals-reporter.tsx (19 ms)
CodeQL Analysis	Perform CodeQL Analysis	2025-12-13T19:18:51.2812137Z [2025-12-13 19:18:51] [build-stdout] Extracting /home/runner/work/Baci/Baci/src/components/blog/blog-editor.tsx
CodeQL Analysis	Perform CodeQL Analysis	2025-12-13T19:18:51.3611727Z [2025-12-13 19:18:51] [build-stdout] Done extracting /home/runner/work/Baci/Baci/src/components/blog/blog-editor.tsx (77 ms)
CodeQL Analysis	Perform CodeQL Analysis	2025-12-13T19:18:51.3613117Z [2025-12-13 19:18:51] [build-stdout] Extracting /home/runner/work/Baci/Baci/src/components/blog/product-embed.tsx
CodeQL Analysis	Perform CodeQL Analysis	2025-12-13T19:18:51.4026180Z [2025-12-13 19:18:51] [build-stdout] Done extracting /home/runner/work/Baci/Baci/src/components/blog/product-embed.tsx (43 ms)
CodeQL Analysis	Perform CodeQL Analysis	2025-12-13T19:18:51.4027600Z [2025-12-13 19:18:51] [build-stdout] Extracting /home/runner/work/Baci/Baci/src/components/builder/animated-wrapper.tsx
CodeQL Analysis	Perform CodeQL Analysis	2025-12-13T19:18:51.4243489Z [2025-12-13 19:18:51] [build-stdout] Done extracting /home/runner/work/Baci/Baci/src/components/builder/animated-wrapper.tsx (22 ms)
CodeQL Analysis	Perform CodeQL Analysis	2025-12-13T19:18:51.4245722Z [2025-12-13 19:18:51] [build-stdout] Extracting /home/runner/work/Baci/Baci/src/components/builder/builder-sidebar.tsx
CodeQL Analysis	Perform CodeQL Analysis	2025-12-13T19:18:51.4571255Z [2025-12-13 19:18:51] [build-stdout] Done extracting /home/runner/work/Baci/Baci/src/components/builder/builder-sidebar.tsx (28 ms)
CodeQL Analysis	Perform CodeQL Analysis	2025-12-13T19:18:51.4573010Z [2025-12-13 19:18:51] [build-stdout] Extracting /home/runner/work/Baci/Baci/src/components/builder/config.tsx
CodeQL Analysis	Perform CodeQL Analysis	2025-12-13T19:18:51.9045077Z [2025-12-13 19:18:51] [build-stdout] Done extracting /home/runner/work/Baci/Baci/src/components/builder/config.tsx (451 ms)
CodeQL Analysis	Perform CodeQL Analysis	2025-12-13T19:18:51.9047465Z [2025-12-13 19:18:51] [build-stdout] Extracting /home/runner/work/Baci/Baci/src/components/builder/floating-controls.tsx
CodeQL Analysis	Perform CodeQL Analysis	2025-12-13T19:18:51.9303240Z [2025-12-13 19:18:51] [build-stdout] Done extracting /home/runner/work/Baci/Baci/src/components/builder/floating-controls.tsx (26 ms)
CodeQL Analysis	Perform CodeQL Analysis	2025-12-13T19:18:51.9305686Z [2025-12-13 19:18:51] [build-stdout] Extracting /home/runner/work/Baci/Baci/src/components/builder/gemini-command-bar.tsx
CodeQL Analysis	Perform CodeQL Analysis	2025-12-13T19:18:51.9614417Z [2025-12-13 19:18:51] [build-stdout] Done extracting /home/runner/work/Baci/Baci/src/components/builder/gemini-command-bar.tsx (31 ms)
CodeQL Analysis	Perform CodeQL Analysis	2025-12-13T19:18:51.9616707Z [2025-12-13 19:18:51] [build-stdout] Extracting /home/runner/work/Baci/Baci/src/components/builder/icon-registry.tsx
CodeQL Analysis	Perform CodeQL Analysis	2025-12-13T19:18:51.9911221Z [2025-12-13 19:18:51] [build-stdout] Done extracting /home/runner/work/Baci/Baci/src/components/builder/icon-registry.tsx (29 ms)
CodeQL Analysis	Perform CodeQL Analysis	2025-12-13T19:18:51.9919663Z [2025-12-13 19:18:51] [build-stdout] Extracting /home/runner/work/Baci/Baci/src/components/builder/inline-context-menu.tsx
CodeQL Analysis	Perform CodeQL Analysis	2025-12-13T19:18:52.0288575Z [2025-12-13 19:18:52] [build-stdout] Done extracting /home/runner/work/Baci/Baci/src/components/builder/inline-context-menu.tsx (35 ms)
CodeQL Analysis	Perform CodeQL Analysis	2025-12-13T19:18:52.0290704Z [2025-12-13 19:18:52] [build-stdout] Extracting /home/runner/work/Baci/Baci/src/components/builder/media-library.tsx
CodeQL Analysis	Perform CodeQL Analysis	2025-12-13T19:18:52.0971140Z [2025-12-13 19:18:52] [build-stdout] Done extracting /home/runner/work/Baci/Baci/src/components/builder/media-library.tsx (70 ms)
CodeQL Analysis	Perform CodeQL Analysis	2025-12-13T19:18:52.0990424Z [2025-12-13 19:18:52] [build-stdout] Extracting /home/runner/work/Baci/Baci/src/components/builder/seo-panel.tsx
CodeQL Analysis	Perform CodeQL Analysis	2025-12-13T19:18:52.1559236Z [2025-12-13 19:18:52] [build-stdout] Done extracting /home/runner/work/Baci/Baci/src/components/builder/seo-panel.tsx (58 ms)
CodeQL Analysis	Perform CodeQL Analysis	2025-12-13T19:18:52.1560599Z [2025-12-13 19:18:52] [build-stdout] Extracting /home/runner/work/Baci/Baci/src/components/builder/setup-panel.tsx
CodeQL Analysis	Perform CodeQL Analysis	2025-12-13T19:18:52.2373166Z [2025-12-13 19:18:52] [build-stdout] Done extracting /home/runner/work/Baci/Baci/src/components/builder/setup-panel.tsx (81 ms)
CodeQL Analysis	Perform CodeQL Analysis	2025-12-13T19:18:52.2374406Z [2025-12-13 19:18:52] [build-stdout] Extracting /home/runner/work/Baci/Baci/src/components/builder/store-settings-panel.tsx
CodeQL Analysis	Perform CodeQL Analysis	2025-12-13T19:18:52.3055253Z [2025-12-13 19:18:52] [build-stdout] Done extracting /home/runner/work/Baci/Baci/src/components/builder/store-settings-panel.tsx (68 ms)
CodeQL Analysis	Perform CodeQL Analysis	2025-12-13T19:18:52.3056514Z [2025-12-13 19:18:52] [build-stdout] Extracting /home/runner/work/Baci/Baci/src/components/builder/theme-editor-redesigned.tsx
CodeQL Analysis	Perform CodeQL Analysis	2025-12-13T19:18:52.3663072Z [2025-12-13 19:18:52] [build-stdout] Done extracting /home/runner/work/Baci/Baci/src/components/builder/theme-editor-redesigned.tsx (60 ms)
CodeQL Analysis	Perform CodeQL Analysis	2025-12-13T19:18:52.3665273Z [2025-12-13 19:18:52] [build-stdout] Extracting /home/runner/work/Baci/Baci/src/components/dashboard/dashboard-ad-unit.tsx
CodeQL Analysis	Perform CodeQL Analysis	2025-12-13T19:18:52.3729964Z [2025-12-13 19:18:52] [build-stdout] Done extracting /home/runner/work/Baci/Baci/src/components/dashboard/dashboard-ad-unit.tsx (6 ms)
CodeQL Analysis	Perform CodeQL Analysis	2025-12-13T19:18:52.3732164Z [2025-12-13 19:18:52] [build-stdout] Extracting /home/runner/work/Baci/Baci/src/components/dashboard/dashboard-charts.tsx
CodeQL Analysis	Perform CodeQL Analysis	2025-12-13T19:18:52.3901152Z [2025-12-13 19:18:52] [build-stdout] Done extracting /home/runner/work/Baci/Baci/src/components/dashboard/dashboard-charts.tsx (16 ms)
CodeQL Analysis	Perform CodeQL Analysis	2025-12-13T19:18:52.3904336Z [2025-12-13 19:18:52] [build-stdout] Extracting /home/runner/work/Baci/Baci/src/components/dashboard/setup-checklist.tsx
CodeQL Analysis	Perform CodeQL Analysis	2025-12-13T19:18:52.4512553Z [2025-12-13 19:18:52] [build-stdout] Done extracting /home/runner/work/Baci/Baci/src/components/dashboard/setup-checklist.tsx (61 ms)
CodeQL Analysis	Perform CodeQL Analysis	2025-12-13T19:18:52.4517113Z [2025-12-13 19:18:52] [build-stdout] Extracting /home/runner/work/Baci/Baci/src/components/dashboard/upgrade-modal.tsx
CodeQL Analysis	Perform CodeQL Analysis	2025-12-13T19:18:52.4766481Z [2025-12-13 19:18:52] [build-stdout] Done extracting /home/runner/work/Baci/Baci/src/components/dashboard/upgrade-modal.tsx (25 ms)
CodeQL Analysis	Perform CodeQL Analysis	2025-12-13T19:18:52.4767724Z [2025-12-13 19:18:52] [build-stdout] Extracting /home/runner/work/Baci/Baci/src/components/landing/faq-item.tsx
CodeQL Analysis	Perform CodeQL Analysis	2025-12-13T19:18:52.4851215Z [2025-12-13 19:18:52] [build-stdout] Done extracting /home/runner/work/Baci/Baci/src/components/landing/faq-item.tsx (5 ms)
CodeQL Analysis	Perform CodeQL Analysis	2025-12-13T19:18:52.4859755Z [2025-12-13 19:18:52] [build-stdout] Extracting /home/runner/work/Baci/Baci/src/components/landing/metric-card.tsx
CodeQL Analysis	Perform CodeQL Analysis	2025-12-13T19:18:52.5099914Z [2025-12-13 19:18:52] [build-stdout] Done extracting /home/runner/work/Baci/Baci/src/components/landing/metric-card.tsx (27 ms)
CodeQL Analysis	Perform CodeQL Analysis	2025-12-13T19:18:52.5101047Z [2025-12-13 19:18:52] [build-stdout] Extracting /home/runner/work/Baci/Baci/src/components/landing/typing-animation.tsx
CodeQL Analysis	Perform CodeQL Analysis	2025-12-13T19:18:52.5239670Z [2025-12-13 19:18:52] [build-stdout] Done extracting /home/runner/work/Baci/Baci/src/components/landing/typing-animation.tsx (13 ms)
CodeQL Analysis	Perform CodeQL Analysis	2025-12-13T19:18:52.5242129Z [2025-12-13 19:18:52] [build-stdout] Extracting /home/runner/work/Baci/Baci/src/components/notifications/notification-banner.tsx
CodeQL Analysis	Perform CodeQL Analysis	2025-12-13T19:18:52.5513935Z [2025-12-13 19:18:52] [build-stdout] Done extracting /home/runner/work/Baci/Baci/src/components/notifications/notification-banner.tsx (27 ms)
CodeQL Analysis	Perform CodeQL Analysis	2025-12-13T19:18:52.5516617Z [2025-12-13 19:18:52] [build-stdout] Extracting /home/runner/work/Baci/Baci/src/components/notifications/notification-center.tsx
CodeQL Analysis	Perform CodeQL Analysis	2025-12-13T19:18:52.5741297Z [2025-12-13 19:18:52] [build-stdout] Done extracting /home/runner/work/Baci/Baci/src/components/notifications/notification-center.tsx (22 ms)
CodeQL Analysis	Perform CodeQL Analysis	2025-12-13T19:18:52.5742725Z [2025-12-13 19:18:52] [build-stdout] Extracting /home/runner/work/Baci/Baci/src/components/onboarding/floating-benefits.tsx
CodeQL Analysis	Perform CodeQL Analysis	2025-12-13T19:18:52.6069524Z [2025-12-13 19:18:52] [build-stdout] Done extracting /home/runner/work/Baci/Baci/src/components/onboarding/floating-benefits.tsx (31 ms)
CodeQL Analysis	Perform CodeQL Analysis	2025-12-13T19:18:52.6070734Z [2025-12-13 19:18:52] [build-stdout] Extracting /home/runner/work/Baci/Baci/src/components/platform/footer.tsx
CodeQL Analysis	Perform CodeQL Analysis	2025-12-13T19:18:52.6281262Z [2025-12-13 19:18:52] [build-stdout] Done extracting /home/runner/work/Baci/Baci/src/components/platform/footer.tsx (17 ms)
CodeQL Analysis	Perform CodeQL Analysis	2025-12-13T19:18:52.6282590Z [2025-12-13 19:18:52] [build-stdout] Extracting /home/runner/work/Baci/Baci/src/components/platform/header.tsx
CodeQL Analysis	Perform CodeQL Analysis	2025-12-13T19:18:52.6470520Z [2025-12-13 19:18:52] [build-stdout] Done extracting /home/runner/work/Baci/Baci/src/components/platform/header.tsx (16 ms)
CodeQL Analysis	Perform CodeQL Analysis	2025-12-13T19:18:52.6471853Z [2025-12-13 19:18:52] [build-stdout] Extracting /home/runner/work/Baci/Baci/src/components/products/ai-studio.tsx
CodeQL Analysis	Perform CodeQL Analysis	2025-12-13T19:18:52.6934137Z [2025-12-13 19:18:52] [build-stdout] Done extracting /home/runner/work/Baci/Baci/src/components/products/ai-studio.tsx (53 ms)
CodeQL Analysis	Perform CodeQL Analysis	2025-12-13T19:18:52.6938351Z [2025-12-13 19:18:52] [build-stdout] Extracting /home/runner/work/Baci/Baci/src/components/products/csv-bulk-import-dialog.tsx
CodeQL Analysis	Perform CodeQL Analysis	2025-12-13T19:18:52.7232444Z [2025-12-13 19:18:52] [build-stdout] Done extracting /home/runner/work/Baci/Baci/src/components/products/csv-bulk-import-dialog.tsx (29 ms)
CodeQL Analysis	Perform CodeQL Analysis	2025-12-13T19:18:52.7249706Z [2025-12-13 19:18:52] [build-stdout] Extracting /home/runner/work/Baci/Baci/src/components/products/file-upload.tsx
CodeQL Analysis	Perform CodeQL Analysis	2025-12-13T19:18:52.7378837Z [2025-12-13 19:18:52] [build-stdout] Done extracting /home/runner/work/Baci/Baci/src/components/products/file-upload.tsx (14 ms)
CodeQL Analysis	Perform CodeQL Analysis	2025-12-13T19:18:52.7382818Z [2025-12-13 19:18:52] [build-stdout] Extracting /home/runner/work/Baci/Baci/src/components/products/google-sheet-import-dialog.tsx
CodeQL Analysis	Perform CodeQL Analysis	2025-12-13T19:18:52.7555355Z [2025-12-13 19:18:52] [build-stdout] Done extracting /home/runner/work/Baci/Baci/src/components/products/google-sheet-import-dialog.tsx (17 ms)
CodeQL Analysis	Perform CodeQL Analysis	2025-12-13T19:18:52.7556631Z [2025-12-13 19:18:52] [build-stdout] Extracting /home/runner/work/Baci/Baci/src/components/products/missing-images-view.tsx
CodeQL Analysis	Perform CodeQL Analysis	2025-12-13T19:18:52.7789964Z [2025-12-13 19:18:52] [build-stdout] Done extracting /home/runner/work/Baci/Baci/src/components/products/missing-images-view.tsx (23 ms)
CodeQL Analysis	Perform CodeQL Analysis	2025-12-13T19:18:52.7810051Z [2025-12-13 19:18:52] [build-stdout] Extracting /home/runner/work/Baci/Baci/src/components/products/processing-view.tsx
CodeQL Analysis	Perform CodeQL Analysis	2025-12-13T19:18:52.7861263Z [2025-12-13 19:18:52] [build-stdout] Done extracting /home/runner/work/Baci/Baci/src/components/products/processing-view.tsx (6 ms)
CodeQL Analysis	Perform CodeQL Analysis	2025-12-13T19:18:52.7862675Z [2025-12-13 19:18:52] [build-stdout] Extracting /home/runner/work/Baci/Baci/src/components/products/product-catalog.tsx
CodeQL Analysis	Perform CodeQL Analysis	2025-12-13T19:18:52.8540908Z [2025-12-13 19:18:52] [build-stdout] Done extracting /home/runner/work/Baci/Baci/src/components/products/product-catalog.tsx (68 ms)
CodeQL Analysis	Perform CodeQL Analysis	2025-12-13T19:18:52.8542083Z [2025-12-13 19:18:52] [build-stdout] Extracting /home/runner/work/Baci/Baci/src/components/products/review-changes.tsx
CodeQL Analysis	Perform CodeQL Analysis	2025-12-13T19:18:52.9008579Z [2025-12-13 19:18:52] [build-stdout] Done extracting /home/runner/work/Baci/Baci/src/components/products/review-changes.tsx (46 ms)
CodeQL Analysis	Perform CodeQL Analysis	2025-12-13T19:18:52.9012207Z [2025-12-13 19:18:52] [build-stdout] Extracting /home/runner/work/Baci/Baci/src/components/products/seo-preview.tsx
CodeQL Analysis	Perform CodeQL Analysis	2025-12-13T19:18:52.9154328Z [2025-12-13 19:18:52] [build-stdout] Done extracting /home/runner/work/Baci/Baci/src/components/products/seo-preview.tsx (11 ms)
CodeQL Analysis	Perform CodeQL Analysis	2025-12-13T19:18:52.9156178Z [2025-12-13 19:18:52] [build-stdout] Extracting /home/runner/work/Baci/Baci/src/components/products/variant-builder.tsx
CodeQL Analysis	Perform CodeQL Analysis	2025-12-13T19:18:53.0358973Z [2025-12-13 19:18:53] [build-stdout] Done extracting /home/runner/work/Baci/Baci/src/components/products/variant-builder.tsx (123 ms)
CodeQL Analysis	Perform CodeQL Analysis	2025-12-13T19:18:53.0366030Z [2025-12-13 19:18:53] [build-stdout] Extracting /home/runner/work/Baci/Baci/src/components/storefront/app-body.tsx
CodeQL Analysis	Perform CodeQL Analysis	2025-12-13T19:18:53.0404473Z [2025-12-13 19:18:53] [build-stdout] Done extracting /home/runner/work/Baci/Baci/src/components/storefront/app-body.tsx (3 ms)
CodeQL Analysis	Perform CodeQL Analysis	2025-12-13T19:18:53.0405631Z [2025-12-13 19:18:53] [build-stdout] Extracting /home/runner/work/Baci/Baci/src/components/storefront/breadcrumbs.tsx
CodeQL Analysis	Perform CodeQL Analysis	2025-12-13T19:18:53.0577508Z [2025-12-13 19:18:53] [build-stdout] Done extracting /home/runner/work/Baci/Baci/src/components/storefront/breadcrumbs.tsx (17 ms)
CodeQL Analysis	Perform CodeQL Analysis	2025-12-13T19:18:53.0578655Z [2025-12-13 19:18:53] [build-stdout] Extracting /home/runner/work/Baci/Baci/src/components/storefront/checkout-auth-modal.tsx
CodeQL Analysis	Perform CodeQL Analysis	2025-12-13T19:18:53.0737354Z [2025-12-13 19:18:53] [build-stdout] Done extracting /home/runner/work/Baci/Baci/src/components/storefront/checkout-auth-modal.tsx (15 ms)
CodeQL Analysis	Perform CodeQL Analysis	2025-12-13T19:18:53.0738510Z [2025-12-13 19:18:53] [build-stdout] Extracting /home/runner/work/Baci/Baci/src/components/storefront/cookie-consent.tsx
CodeQL Analysis	Perform CodeQL Analysis	2025-12-13T19:18:53.1025014Z [2025-12-13 19:18:53] [build-stdout] Done extracting /home/runner/work/Baci/Baci/src/components/storefront/cookie-consent.tsx (29 ms)
CodeQL Analysis	Perform CodeQL Analysis	2025-12-13T19:18:53.1026169Z [2025-12-13 19:18:53] [build-stdout] Extracting /home/runner/work/Baci/Baci/src/components/storefront/did-you-mean-banner.tsx
CodeQL Analysis	Perform CodeQL Analysis	2025-12-13T19:18:53.1080979Z [2025-12-13 19:18:53] [build-stdout] Done extracting /home/runner/work/Baci/Baci/src/components/storefront/did-you-mean-banner.tsx (5 ms)
CodeQL Analysis	Perform CodeQL Analysis	2025-12-13T19:18:53.1085982Z [2025-12-13 19:18:53] [build-stdout] Extracting /home/runner/work/Baci/Baci/src/components/storefront/footer.tsx
CodeQL Analysis	Perform CodeQL Analysis	2025-12-13T19:18:53.1402633Z [2025-12-13 19:18:53] [build-stdout] Done extracting /home/runner/work/Baci/Baci/src/components/storefront/footer.tsx (32 ms)
CodeQL Analysis	Perform CodeQL Analysis	2025-12-13T19:18:53.1404100Z [2025-12-13 19:18:53] [build-stdout] Extracting /home/runner/work/Baci/Baci/src/components/storefront/header.tsx
CodeQL Analysis	Perform CodeQL Analysis	2025-12-13T19:18:53.1541466Z [2025-12-13 19:18:53] [build-stdout] Done extracting /home/runner/work/Baci/Baci/src/components/storefront/header.tsx (13 ms)
CodeQL Analysis	Perform CodeQL Analysis	2025-12-13T19:18:53.1542959Z [2025-12-13 19:18:53] [build-stdout] Extracting /home/runner/work/Baci/Baci/src/components/storefront/merchant-slug-sync.tsx
CodeQL Analysis	Perform CodeQL Analysis	2025-12-13T19:18:53.1569892Z [2025-12-13 19:18:53] [build-stdout] Done extracting /home/runner/work/Baci/Baci/src/components/storefront/merchant-slug-sync.tsx (2 ms)
CodeQL Analysis	Perform CodeQL Analysis	2025-12-13T19:18:53.1575957Z [2025-12-13 19:18:53] [build-stdout] Extracting /home/runner/work/Baci/Baci/src/components/storefront/newsletter-widget.tsx
CodeQL Analysis	Perform CodeQL Analysis	2025-12-13T19:18:53.1941398Z [2025-12-13 19:18:53] [build-stdout] Done extracting /home/runner/work/Baci/Baci/src/components/storefront/newsletter-widget.tsx (36 ms)
CodeQL Analysis	Perform CodeQL Analysis	2025-12-13T19:18:53.1945419Z [2025-12-13 19:18:53] [build-stdout] Extracting /home/runner/work/Baci/Baci/src/components/storefront/product-grid.tsx
CodeQL Analysis	Perform CodeQL Analysis	2025-12-13T19:18:53.2550715Z [2025-12-13 19:18:53] [build-stdout] Done extracting /home/runner/work/Baci/Baci/src/components/storefront/product-grid.tsx (60 ms)
CodeQL Analysis	Perform CodeQL Analysis	2025-12-13T19:18:53.2551868Z [2025-12-13 19:18:53] [build-stdout] Extracting /home/runner/work/Baci/Baci/src/components/storefront/puck-storefront.tsx
CodeQL Analysis	Perform CodeQL Analysis	2025-12-13T19:18:53.2698624Z [2025-12-13 19:18:53] [build-stdout] Done extracting /home/runner/work/Baci/Baci/src/components/storefront/puck-storefront.tsx (14 ms)
CodeQL Analysis	Perform CodeQL Analysis	2025-12-13T19:18:53.2701563Z [2025-12-13 19:18:53] [build-stdout] Extracting /home/runner/work/Baci/Baci/src/components/storefront/quick-view-modal.tsx
CodeQL Analysis	Perform CodeQL Analysis	2025-12-13T19:18:53.3204530Z [2025-12-13 19:18:53] [build-stdout] Done extracting /home/runner/work/Baci/Baci/src/components/storefront/quick-view-modal.tsx (51 ms)
CodeQL Analysis	Perform CodeQL Analysis	2025-12-13T19:18:53.3205584Z [2025-12-13 19:18:53] [build-stdout] Extracting /home/runner/work/Baci/Baci/src/components/storefront/recently-viewed.tsx
CodeQL Analysis	Perform CodeQL Analysis	2025-12-13T19:18:53.3517670Z [2025-12-13 19:18:53] [build-stdout] Done extracting /home/runner/work/Baci/Baci/src/components/storefront/recently-viewed.tsx (31 ms)
CodeQL Analysis	Perform CodeQL Analysis	2025-12-13T19:18:53.3520418Z [2025-12-13 19:18:53] [build-stdout] Extracting /home/runner/work/Baci/Baci/src/components/storefront/related-products.tsx
CodeQL Analysis	Perform CodeQL Analysis	2025-12-13T19:18:53.3863292Z [2025-12-13 19:18:53] [build-stdout] Done extracting /home/runner/work/Baci/Baci/src/components/storefront/related-products.tsx (34 ms)
CodeQL Analysis	Perform CodeQL Analysis	2025-12-13T19:18:53.3864450Z [2025-12-13 19:18:53] [build-stdout] Extracting /home/runner/work/Baci/Baci/src/components/storefront/review-card.tsx
CodeQL Analysis	Perform CodeQL Analysis	2025-12-13T19:18:53.4046742Z [2025-12-13 19:18:53] [build-stdout] Done extracting /home/runner/work/Baci/Baci/src/components/storefront/review-card.tsx (18 ms)
CodeQL Analysis	Perform CodeQL Analysis	2025-12-13T19:18:53.4049344Z [2025-12-13 19:18:53] [build-stdout] Extracting /home/runner/work/Baci/Baci/src/components/storefront/review-form.tsx
CodeQL Analysis	Perform CodeQL Analysis	2025-12-13T19:18:53.4511926Z [2025-12-13 19:18:53] [build-stdout] Done extracting /home/runner/work/Baci/Baci/src/components/storefront/review-form.tsx (46 ms)
CodeQL Analysis	Perform CodeQL Analysis	2025-12-13T19:18:53.4513115Z [2025-12-13 19:18:53] [build-stdout] Extracting /home/runner/work/Baci/Baci/src/components/storefront/reviews-section.tsx
CodeQL Analysis	Perform CodeQL Analysis	2025-12-13T19:18:53.4831847Z [2025-12-13 19:18:53] [build-stdout] Done extracting /home/runner/work/Baci/Baci/src/components/storefront/reviews-section.tsx (31 ms)
CodeQL Analysis	Perform CodeQL Analysis	2025-12-13T19:18:53.4832968Z [2025-12-13 19:18:53] [build-stdout] Extracting /home/runner/work/Baci/Baci/src/components/storefront/search-autocomplete.tsx
CodeQL Analysis	Perform CodeQL Analysis	2025-12-13T19:18:53.5218429Z [2025-12-13 19:18:53] [build-stdout] Done extracting /home/runner/work/Baci/Baci/src/components/storefront/search-autocomplete.tsx (38 ms)
CodeQL Analysis	Perform CodeQL Analysis	2025-12-13T19:18:53.5219772Z [2025-12-13 19:18:53] [build-stdout] Extracting /home/runner/work/Baci/Baci/src/components/storefront/star-rating.tsx
CodeQL Analysis	Perform CodeQL Analysis	2025-12-13T19:18:53.5413093Z [2025-12-13 19:18:53] [build-stdout] Done extracting /home/runner/work/Baci/Baci/src/components/storefront/star-rating.tsx (19 ms)
CodeQL Analysis	Perform CodeQL Analysis	2025-12-13T19:18:53.5415510Z [2025-12-13 19:18:53] [build-stdout] Extracting /home/runner/work/Baci/Baci/src/components/storefront/sticky-add-to-cart.tsx
CodeQL Analysis	Perform CodeQL Analysis	2025-12-13T19:18:53.5652116Z [2025-12-13 19:18:53] [build-stdout] Done extracting /home/runner/work/Baci/Baci/src/components/storefront/sticky-add-to-cart.tsx (23 ms)
CodeQL Analysis	Perform CodeQL Analysis	2025-12-13T19:18:53.5653198Z [2025-12-13 19:18:53] [build-stdout] Extracting /home/runner/work/Baci/Baci/src/components/storefront/store-not-published.tsx
CodeQL Analysis	Perform CodeQL Analysis	2025-12-13T19:18:53.5767966Z [2025-12-13 19:18:53] [build-stdout] Done extracting /home/runner/work/Baci/Baci/src/components/storefront/store-not-published.tsx (9 ms)
CodeQL Analysis	Perform CodeQL Analysis	2025-12-13T19:18:53.5770587Z [2025-12-13 19:18:53] [build-stdout] Extracting /home/runner/work/Baci/Baci/src/components/storefront/storefront-form.tsx
CodeQL Analysis	Perform CodeQL Analysis	2025-12-13T19:18:53.6032540Z [2025-12-13 19:18:53] [build-stdout] Done extracting /home/runner/work/Baci/Baci/src/components/storefront/storefront-form.tsx (28 ms)
CodeQL Analysis	Perform CodeQL Analysis	2025-12-13T19:18:53.6034121Z [2025-12-13 19:18:53] [build-stdout] Extracting /home/runner/work/Baci/Baci/src/components/themed/index.ts
CodeQL Analysis	Perform CodeQL Analysis	2025-12-13T19:18:53.6062569Z [2025-12-13 19:18:53] [build-stdout] Done extracting /home/runner/work/Baci/Baci/src/components/themed/index.ts (2 ms)
CodeQL Analysis	Perform CodeQL Analysis	2025-12-13T19:18:53.6065057Z [2025-12-13 19:18:53] [build-stdout] Extracting /home/runner/work/Baci/Baci/src/components/themed/themed-badge.tsx
CodeQL Analysis	Perform CodeQL Analysis	2025-12-13T19:18:53.6146896Z [2025-12-13 19:18:53] [build-stdout] Done extracting /home/runner/work/Baci/Baci/src/components/themed/themed-badge.tsx (8 ms)
CodeQL Analysis	Perform CodeQL Analysis	2025-12-13T19:18:53.6149454Z [2025-12-13 19:18:53] [build-stdout] Extracting /home/runner/work/Baci/Baci/src/components/themed/themed-button.tsx
CodeQL Analysis	Perform CodeQL Analysis	2025-12-13T19:18:53.6238794Z [2025-12-13 19:18:53] [build-stdout] Done extracting /home/runner/work/Baci/Baci/src/components/themed/themed-button.tsx (8 ms)
CodeQL Analysis	Perform CodeQL Analysis	2025-12-13T19:18:53.6242302Z [2025-12-13 19:18:53] [build-stdout] Extracting /home/runner/work/Baci/Baci/src/components/themed/themed-card.tsx
CodeQL Analysis	Perform CodeQL Analysis	2025-12-13T19:18:53.6326156Z [2025-12-13 19:18:53] [build-stdout] Done extracting /home/runner/work/Baci/Baci/src/components/themed/themed-card.tsx (8 ms)
CodeQL Analysis	Perform CodeQL Analysis	2025-12-13T19:18:53.6330223Z [2025-12-13 19:18:53] [build-stdout] Extracting /home/runner/work/Baci/Baci/src/components/themed/themed-input.tsx
CodeQL Analysis	Perform CodeQL Analysis	2025-12-13T19:18:53.6400217Z [2025-12-13 19:18:53] [build-stdout] Done extracting /home/runner/work/Baci/Baci/src/components/themed/themed-input.tsx (7 ms)
CodeQL Analysis	Perform CodeQL Analysis	2025-12-13T19:18:53.6401674Z [2025-12-13 19:18:53] [build-stdout] Extracting /home/runner/work/Baci/Baci/src/components/themed/themed-link.tsx
CodeQL Analysis	Perform CodeQL Analysis	2025-12-13T19:18:53.6475761Z [2025-12-13 19:18:53] [build-stdout] Done extracting /home/runner/work/Baci/Baci/src/components/themed/themed-link.tsx (8 ms)
CodeQL Analysis	Perform CodeQL Analysis	2025-12-13T19:18:53.6488846Z [2025-12-13 19:18:53] [build-stdout] Extracting /home/runner/work/Baci/Baci/src/components/themed/themed-sheet.tsx
CodeQL Analysis	Perform CodeQL Analysis	2025-12-13T19:18:53.6554896Z [2025-12-13 19:18:53] [build-stdout] Done extracting /home/runner/work/Baci/Baci/src/components/themed/themed-sheet.tsx (6 ms)
CodeQL Analysis	Perform CodeQL Analysis	2025-12-13T19:18:53.6560883Z [2025-12-13 19:18:53] [build-stdout] Extracting /home/runner/work/Baci/Baci/src/components/ui/accordion.tsx
CodeQL Analysis	Perform CodeQL Analysis	2025-12-13T19:18:53.6657640Z [2025-12-13 19:18:53] [build-stdout] Done extracting /home/runner/work/Baci/Baci/src/components/ui/accordion.tsx (10 ms)
CodeQL Analysis	Perform CodeQL Analysis	2025-12-13T19:18:53.6659332Z [2025-12-13 19:18:53] [build-stdout] Extracting /home/runner/work/Baci/Baci/src/components/ui/alert-dialog.tsx
CodeQL Analysis	Perform CodeQL Analysis	2025-12-13T19:18:53.6873126Z [2025-12-13 19:18:53] [build-stdout] Done extracting /home/runner/work/Baci/Baci/src/components/ui/alert-dialog.tsx (21 ms)
CodeQL Analysis	Perform CodeQL Analysis	2025-12-13T19:18:53.6874120Z [2025-12-13 19:18:53] [build-stdout] Extracting /home/runner/work/Baci/Baci/src/components/ui/alert.tsx
CodeQL Analysis	Perform CodeQL Analysis	2025-12-13T19:18:53.7047010Z [2025-12-13 19:18:53] [build-stdout] Done extracting /home/runner/work/Baci/Baci/src/components/ui/alert.tsx (16 ms)
CodeQL Analysis	Perform CodeQL Analysis	2025-12-13T19:18:53.7049742Z [2025-12-13 19:18:53] [build-stdout] Extracting /home/runner/work/Baci/Baci/src/components/ui/animated-icons.tsx
CodeQL Analysis	Perform CodeQL Analysis	2025-12-13T19:18:53.7665537Z [2025-12-13 19:18:53] [build-stdout] Done extracting /home/runner/work/Baci/Baci/src/components/ui/animated-icons.tsx (62 ms)
CodeQL Analysis	Perform CodeQL Analysis	2025-12-13T19:18:53.7679296Z [2025-12-13 19:18:53] [build-stdout] Extracting /home/runner/work/Baci/Baci/src/components/ui/async-boundary.tsx
CodeQL Analysis	Perform CodeQL Analysis	2025-12-13T19:18:53.7743135Z [2025-12-13 19:18:53] [build-stdout] Done extracting /home/runner/work/Baci/Baci/src/components/ui/async-boundary.tsx (6 ms)
CodeQL Analysis	Perform CodeQL Analysis	2025-12-13T19:18:53.7747214Z [2025-12-13 19:18:53] [build-stdout] Extracting /home/runner/work/Baci/Baci/src/components/ui/avatar.tsx
CodeQL Analysis	Perform CodeQL Analysis	2025-12-13T19:18:53.7880345Z [2025-12-13 19:18:53] [build-stdout] Done extracting /home/runner/work/Baci/Baci/src/components/ui/avatar.tsx (8 ms)
CodeQL Analysis	Perform CodeQL Analysis	2025-12-13T19:18:53.7882007Z [2025-12-13 19:18:53] [build-stdout] Extracting /home/runner/work/Baci/Baci/src/components/ui/badge.tsx
CodeQL Analysis	Perform CodeQL Analysis	2025-12-13T19:18:53.7927758Z [2025-12-13 19:18:53] [build-stdout] Done extracting /home/runner/work/Baci/Baci/src/components/ui/badge.tsx (10 ms)
CodeQL Analysis	Perform CodeQL Analysis	2025-12-13T19:18:53.7934145Z [2025-12-13 19:18:53] [build-stdout] Extracting /home/runner/work/Baci/Baci/src/components/ui/bag-loader.tsx
CodeQL Analysis	Perform CodeQL Analysis	2025-12-13T19:18:53.8136448Z [2025-12-13 19:18:53] [build-stdout] Done extracting /home/runner/work/Baci/Baci/src/components/ui/bag-loader.tsx (19 ms)
CodeQL Analysis	Perform CodeQL Analysis	2025-12-13T19:18:53.8140489Z [2025-12-13 19:18:53] [build-stdout] Extracting /home/runner/work/Baci/Baci/src/components/ui/bento-card.tsx
CodeQL Analysis	Perform CodeQL Analysis	2025-12-13T19:18:53.8256382Z [2025-12-13 19:18:53] [build-stdout] Done extracting /home/runner/work/Baci/Baci/src/components/ui/bento-card.tsx (9 ms)
CodeQL Analysis	Perform CodeQL Analysis	2025-12-13T19:18:53.8272750Z [2025-12-13 19:18:53] [build-stdout] Extracting /home/runner/work/Baci/Baci/src/components/ui/button.test.tsx
CodeQL Analysis	Perform CodeQL Analysis	2025-12-13T19:18:53.8327022Z [2025-12-13 19:18:53] [build-stdout] Done extracting /home/runner/work/Baci/Baci/src/components/ui/button.test.tsx (9 ms)
CodeQL Analysis	Perform CodeQL Analysis	2025-12-13T19:18:53.8327993Z [2025-12-13 19:18:53] [build-stdout] Extracting /home/runner/work/Baci/Baci/src/components/ui/button.tsx
CodeQL Analysis	Perform CodeQL Analysis	2025-12-13T19:18:53.8389669Z [2025-12-13 19:18:53] [build-stdout] Done extracting /home/runner/work/Baci/Baci/src/components/ui/button.tsx (6 ms)
CodeQL Analysis	Perform CodeQL Analysis	2025-12-13T19:18:53.8390773Z [2025-12-13 19:18:53] [build-stdout] Extracting /home/runner/work/Baci/Baci/src/components/ui/calendar.tsx
CodeQL Analysis	Perform CodeQL Analysis	2025-12-13T19:18:53.8434044Z [2025-12-13 19:18:53] [build-stdout] Done extracting /home/runner/work/Baci/Baci/src/components/ui/calendar.tsx (3 ms)
CodeQL Analysis	Perform CodeQL Analysis	2025-12-13T19:18:53.8435935Z [2025-12-13 19:18:53] [build-stdout] Extracting /home/runner/work/Baci/Baci/src/components/ui/card.tsx
CodeQL Analysis	Perform CodeQL Analysis	2025-12-13T19:18:53.8681696Z [2025-12-13 19:18:53] [build-stdout] Done extracting /home/runner/work/Baci/Baci/src/components/ui/card.tsx (24 ms)
CodeQL Analysis	Perform CodeQL Analysis	2025-12-13T19:18:53.8682621Z [2025-12-13 19:18:53] [build-stdout] Extracting /home/runner/work/Baci/Baci/src/components/ui/carousel.tsx
CodeQL Analysis	Perform CodeQL Analysis	2025-12-13T19:18:53.8943925Z [2025-12-13 19:18:53] [build-stdout] Done extracting /home/runner/work/Baci/Baci/src/components/ui/carousel.tsx (26 ms)
CodeQL Analysis	Perform CodeQL Analysis	2025-12-13T19:18:53.8945563Z [2025-12-13 19:18:53] [build-stdout] Extracting /home/runner/work/Baci/Baci/src/components/ui/chart.tsx
CodeQL Analysis	Perform CodeQL Analysis	2025-12-13T19:18:53.9305899Z [2025-12-13 19:18:53] [build-stdout] Done extracting /home/runner/work/Baci/Baci/src/components/ui/chart.tsx (36 ms)
CodeQL Analysis	Perform CodeQL Analysis	2025-12-13T19:18:53.9307683Z [2025-12-13 19:18:53] [build-stdout] Extracting /home/runner/work/Baci/Baci/src/components/ui/checkbox.tsx
CodeQL Analysis	Perform CodeQL Analysis	2025-12-13T19:18:53.9393798Z [2025-12-13 19:18:53] [build-stdout] Done extracting /home/runner/work/Baci/Baci/src/components/ui/checkbox.tsx (5 ms)
CodeQL Analysis	Perform CodeQL Analysis	2025-12-13T19:18:53.9395012Z [2025-12-13 19:18:53] [build-stdout] Extracting /home/runner/work/Baci/Baci/src/components/ui/collapsible.tsx
CodeQL Analysis	Perform CodeQL Analysis	2025-12-13T19:18:53.9396092Z [2025-12-13 19:18:53] [build-stdout] Done extracting /home/runner/work/Baci/Baci/src/components/ui/collapsible.tsx (1 ms)
CodeQL Analysis	Perform CodeQL Analysis	2025-12-13T19:18:53.9397238Z [2025-12-13 19:18:53] [build-stdout] Extracting /home/runner/work/Baci/Baci/src/components/ui/command.tsx
CodeQL Analysis	Perform CodeQL Analysis	2025-12-13T19:18:53.9682753Z [2025-12-13 19:18:53] [build-stdout] Done extracting /home/runner/work/Baci/Baci/src/components/ui/command.tsx (30 ms)
CodeQL Analysis	Perform CodeQL Analysis	2025-12-13T19:18:53.9684065Z [2025-12-13 19:18:53] [build-stdout] Extracting /home/runner/work/Baci/Baci/src/components/ui/date-range-picker.tsx
CodeQL Analysis	Perform CodeQL Analysis	2025-12-13T19:18:53.9804434Z [2025-12-13 19:18:53] [build-stdout] Done extracting /home/runner/work/Baci/Baci/src/components/ui/date-range-picker.tsx (12 ms)
CodeQL Analysis	Perform CodeQL Analysis	2025-12-13T19:18:53.9810022Z [2025-12-13 19:18:53] [build-stdout] Extracting /home/runner/work/Baci/Baci/src/components/ui/dialog.tsx
CodeQL Analysis	Perform CodeQL Analysis	2025-12-13T19:18:53.9961713Z [2025-12-13 19:18:53] [build-stdout] Done extracting /home/runner/work/Baci/Baci/src/components/ui/dialog.tsx (15 ms)
CodeQL Analysis	Perform CodeQL Analysis	2025-12-13T19:18:53.9963777Z [2025-12-13 19:18:53] [build-stdout] Extracting /home/runner/work/Baci/Baci/src/components/ui/dropdown-menu.tsx
CodeQL Analysis	Perform CodeQL Analysis	2025-12-13T19:18:54.0213229Z [2025-12-13 19:18:54] [build-stdout] Done extracting /home/runner/work/Baci/Baci/src/components/ui/dropdown-menu.tsx (24 ms)
CodeQL Analysis	Perform CodeQL Analysis	2025-12-13T19:18:54.0214610Z [2025-12-13 19:18:54] [build-stdout] Extracting /home/runner/work/Baci/Baci/src/components/ui/file-uploader.tsx
CodeQL Analysis	Perform CodeQL Analysis	2025-12-13T19:18:54.0440917Z [2025-12-13 19:18:54] [build-stdout] Done extracting /home/runner/work/Baci/Baci/src/components/ui/file-uploader.tsx (23 ms)
CodeQL Analysis	Perform CodeQL Analysis	2025-12-13T19:18:54.0442020Z [2025-12-13 19:18:54] [build-stdout] Extracting /home/runner/work/Baci/Baci/src/components/ui/form.tsx
CodeQL Analysis	Perform CodeQL Analysis	2025-12-13T19:18:54.0601646Z [2025-12-13 19:18:54] [build-stdout] Done extracting /home/runner/work/Baci/Baci/src/components/ui/form.tsx (16 ms)
CodeQL Analysis	Perform CodeQL Analysis	2025-12-13T19:18:54.0603455Z [2025-12-13 19:18:54] [build-stdout] Extracting /home/runner/work/Baci/Baci/src/components/ui/input.tsx
CodeQL Analysis	Perform CodeQL Analysis	2025-12-13T19:18:54.0635741Z [2025-12-13 19:18:54] [build-stdout] Done extracting /home/runner/work/Baci/Baci/src/components/ui/input.tsx (3 ms)
CodeQL Analysis	Perform CodeQL Analysis	2025-12-13T19:18:54.0637007Z [2025-12-13 19:18:54] [build-stdout] Extracting /home/runner/work/Baci/Baci/src/components/ui/label.tsx
CodeQL Analysis	Perform CodeQL Analysis	2025-12-13T19:18:54.0694905Z [2025-12-13 19:18:54] [build-stdout] Done extracting /home/runner/work/Baci/Baci/src/components/ui/label.tsx (5 ms)
CodeQL Analysis	Perform CodeQL Analysis	2025-12-13T19:18:54.0696758Z [2025-12-13 19:18:54] [build-stdout] Extracting /home/runner/work/Baci/Baci/src/components/ui/menubar.tsx
CodeQL Analysis	Perform CodeQL Analysis	2025-12-13T19:18:54.1022147Z [2025-12-13 19:18:54] [build-stdout] Done extracting /home/runner/work/Baci/Baci/src/components/ui/menubar.tsx (33 ms)
CodeQL Analysis	Perform CodeQL Analysis	2025-12-13T19:18:54.1027097Z [2025-12-13 19:18:54] [build-stdout] Extracting /home/runner/work/Baci/Baci/src/components/ui/phone-input.tsx
CodeQL Analysis	Perform CodeQL Analysis	2025-12-13T19:18:54.1271765Z [2025-12-13 19:18:54] [build-stdout] Done extracting /home/runner/work/Baci/Baci/src/components/ui/phone-input.tsx (22 ms)
CodeQL Analysis	Perform CodeQL Analysis	2025-12-13T19:18:54.1275460Z [2025-12-13 19:18:54] [build-stdout] Extracting /home/runner/work/Baci/Baci/src/components/ui/popover.tsx
CodeQL Analysis	Perform CodeQL Analysis	2025-12-13T19:18:54.1331429Z [2025-12-13 19:18:54] [build-stdout] Done extracting /home/runner/work/Baci/Baci/src/components/ui/popover.tsx (8 ms)
CodeQL Analysis	Perform CodeQL Analysis	2025-12-13T19:18:54.1335762Z [2025-12-13 19:18:54] [build-stdout] Extracting /home/runner/work/Baci/Baci/src/components/ui/progress.tsx
CodeQL Analysis	Perform CodeQL Analysis	2025-12-13T19:18:54.1400206Z [2025-12-13 19:18:54] [build-stdout] Done extracting /home/runner/work/Baci/Baci/src/components/ui/progress.tsx (6 ms)
CodeQL Analysis	Perform CodeQL Analysis	2025-12-13T19:18:54.1401316Z [2025-12-13 19:18:54] [build-stdout] Extracting /home/runner/work/Baci/Baci/src/components/ui/radio-group.tsx
CodeQL Analysis	Perform CodeQL Analysis	2025-12-13T19:18:54.1481943Z [2025-12-13 19:18:54] [build-stdout] Done extracting /home/runner/work/Baci/Baci/src/components/ui/radio-group.tsx (8 ms)
CodeQL Analysis	Perform CodeQL Analysis	2025-12-13T19:18:54.1483783Z [2025-12-13 19:18:54] [build-stdout] Extracting /home/runner/work/Baci/Baci/src/components/ui/rich-text-editor.tsx
CodeQL Analysis	Perform CodeQL Analysis	2025-12-13T19:18:54.1650203Z [2025-12-13 19:18:54] [build-stdout] Done extracting /home/runner/work/Baci/Baci/src/components/ui/rich-text-editor.tsx (16 ms)
CodeQL Analysis	Perform CodeQL Analysis	2025-12-13T19:18:54.1651259Z [2025-12-13 19:18:54] [build-stdout] Extracting /home/runner/work/Baci/Baci/src/components/ui/scroll-area.tsx
CodeQL Analysis	Perform CodeQL Analysis	2025-12-13T19:18:54.1772901Z [2025-12-13 19:18:54] [build-stdout] Done extracting /home/runner/work/Baci/Baci/src/components/ui/scroll-area.tsx (11 ms)
CodeQL Analysis	Perform CodeQL Analysis	2025-12-13T19:18:54.1774155Z [2025-12-13 19:18:54] [build-stdout] Extracting /home/runner/work/Baci/Baci/src/components/ui/select.tsx
CodeQL Analysis	Perform CodeQL Analysis	2025-12-13T19:18:54.2038743Z [2025-12-13 19:18:54] [build-stdout] Done extracting /home/runner/work/Baci/Baci/src/components/ui/select.tsx (27 ms)
CodeQL Analysis	Perform CodeQL Analysis	2025-12-13T19:18:54.2043563Z [2025-12-13 19:18:54] [build-stdout] Extracting /home/runner/work/Baci/Baci/src/components/ui/separator.tsx
CodeQL Analysis	Perform CodeQL Analysis	2025-12-13T19:18:54.2092720Z [2025-12-13 19:18:54] [build-stdout] Done extracting /home/runner/work/Baci/Baci/src/components/ui/separator.tsx (4 ms)
CodeQL Analysis	Perform CodeQL Analysis	2025-12-13T19:18:54.2093960Z [2025-12-13 19:18:54] [build-stdout] Extracting /home/runner/work/Baci/Baci/src/components/ui/sheet.tsx
CodeQL Analysis	Perform CodeQL Analysis	2025-12-13T19:18:54.2296889Z [2025-12-13 19:18:54] [build-stdout] Done extracting /home/runner/work/Baci/Baci/src/components/ui/sheet.tsx (20 ms)
CodeQL Analysis	Perform CodeQL Analysis	2025-12-13T19:18:54.2300647Z [2025-12-13 19:18:54] [build-stdout] Extracting /home/runner/work/Baci/Baci/src/components/ui/skeleton.tsx
CodeQL Analysis	Perform CodeQL Analysis	2025-12-13T19:18:54.2334096Z [2025-12-13 19:18:54] [build-stdout] Done extracting /home/runner/work/Baci/Baci/src/components/ui/skeleton.tsx (3 ms)
CodeQL Analysis	Perform CodeQL Analysis	2025-12-13T19:18:54.2335332Z [2025-12-13 19:18:54] [build-stdout] Extracting /home/runner/work/Baci/Baci/src/components/ui/skeletons.tsx
CodeQL Analysis	Perform CodeQL Analysis	2025-12-13T19:18:54.2806823Z [2025-12-13 19:18:54] [build-stdout] Done extracting /home/runner/work/Baci/Baci/src/components/ui/skeletons.tsx (47 ms)
CodeQL Analysis	Perform CodeQL Analysis	2025-12-13T19:18:54.2808883Z [2025-12-13 19:18:54] [build-stdout] Extracting /home/runner/work/Baci/Baci/src/components/ui/slider.tsx
CodeQL Analysis	Perform CodeQL Analysis	2025-12-13T19:18:54.2856136Z [2025-12-13 19:18:54] [build-stdout] Done extracting /home/runner/work/Baci/Baci/src/components/ui/slider.tsx (4 ms)
CodeQL Analysis	Perform CodeQL Analysis	2025-12-13T19:18:54.2858957Z [2025-12-13 19:18:54] [build-stdout] Extracting /home/runner/work/Baci/Baci/src/components/ui/submit-button.tsx
CodeQL Analysis	Perform CodeQL Analysis	2025-12-13T19:18:54.2906463Z [2025-12-13 19:18:54] [build-stdout] Done extracting /home/runner/work/Baci/Baci/src/components/ui/submit-button.tsx (4 ms)
CodeQL Analysis	Perform CodeQL Analysis	2025-12-13T19:18:54.2907407Z [2025-12-13 19:18:54] [build-stdout] Extracting /home/runner/work/Baci/Baci/src/components/ui/switch.tsx
CodeQL Analysis	Perform CodeQL Analysis	2025-12-13T19:18:54.2963148Z [2025-12-13 19:18:54] [build-stdout] Done extracting /home/runner/work/Baci/Baci/src/components/ui/switch.tsx (4 ms)
CodeQL Analysis	Perform CodeQL Analysis	2025-12-13T19:18:54.2964905Z [2025-12-13 19:18:54] [build-stdout] Extracting /home/runner/work/Baci/Baci/src/components/ui/table.tsx
CodeQL Analysis	Perform CodeQL Analysis	2025-12-13T19:18:54.3070687Z [2025-12-13 19:18:54] [build-stdout] Done extracting /home/runner/work/Baci/Baci/src/components/ui/table.tsx (11 ms)
CodeQL Analysis	Perform CodeQL Analysis	2025-12-13T19:18:54.3072435Z [2025-12-13 19:18:54] [build-stdout] Extracting /home/runner/work/Baci/Baci/src/components/ui/tabs.tsx
CodeQL Analysis	Perform CodeQL Analysis	2025-12-13T19:18:54.3162296Z [2025-12-13 19:18:54] [build-stdout] Done extracting /home/runner/work/Baci/Baci/src/components/ui/tabs.tsx (8 ms)
CodeQL Analysis	Perform CodeQL Analysis	2025-12-13T19:18:54.3195295Z [2025-12-13 19:18:54] [build-stdout] Extracting /home/runner/work/Baci/Baci/src/components/ui/tag-input.tsx
CodeQL Analysis	Perform CodeQL Analysis	2025-12-13T19:18:54.3295031Z [2025-12-13 19:18:54] [build-stdout] Done extracting /home/runner/work/Baci/Baci/src/components/ui/tag-input.tsx (13 ms)
CodeQL Analysis	Perform CodeQL Analysis	2025-12-13T19:18:54.3297203Z [2025-12-13 19:18:54] [build-stdout] Extracting /home/runner/work/Baci/Baci/src/components/ui/textarea.tsx
CodeQL Analysis	Perform CodeQL Analysis	2025-12-13T19:18:54.3340167Z [2025-12-13 19:18:54] [build-stdout] Done extracting /home/runner/work/Baci/Baci/src/components/ui/textarea.tsx (3 ms)
CodeQL Analysis	Perform CodeQL Analysis	2025-12-13T19:18:54.3341433Z [2025-12-13 19:18:54] [build-stdout] Extracting /home/runner/work/Baci/Baci/src/components/ui/theme-toggle.tsx
CodeQL Analysis	Perform CodeQL Analysis	2025-12-13T19:18:54.3570058Z [2025-12-13 19:18:54] [build-stdout] Done extracting /home/runner/work/Baci/Baci/src/components/ui/theme-toggle.tsx (24 ms)
CodeQL Analysis	Perform CodeQL Analysis	2025-12-13T19:18:54.3571605Z [2025-12-13 19:18:54] [build-stdout] Extracting /home/runner/work/Baci/Baci/src/components/ui/toast.tsx
CodeQL Analysis	Perform CodeQL Analysis	2025-12-13T19:18:54.3742050Z [2025-12-13 19:18:54] [build-stdout] Done extracting /home/runner/work/Baci/Baci/src/components/ui/toast.tsx (17 ms)
CodeQL Analysis	Perform CodeQL Analysis	2025-12-13T19:18:54.3743913Z [2025-12-13 19:18:54] [build-stdout] Extracting /home/runner/work/Baci/Baci/src/components/ui/toaster.tsx
CodeQL Analysis	Perform CodeQL Analysis	2025-12-13T19:18:54.3827141Z [2025-12-13 19:18:54] [build-stdout] Done extracting /home/runner/work/Baci/Baci/src/components/ui/toaster.tsx (8 ms)
CodeQL Analysis	Perform CodeQL Analysis	2025-12-13T19:18:54.3870336Z [2025-12-13 19:18:54] [build-stdout] Extracting /home/runner/work/Baci/Baci/src/components/ui/toggle.tsx
CodeQL Analysis	Perform CodeQL Analysis	2025-12-13T19:18:54.3951494Z [2025-12-13 19:18:54] [build-stdout] Done extracting /home/runner/work/Baci/Baci/src/components/ui/toggle.tsx (8 ms)
CodeQL Analysis	Perform CodeQL Analysis	2025-12-13T19:18:54.3953469Z [2025-12-13 19:18:54] [build-stdout] Extracting /home/runner/work/Baci/Baci/src/components/ui/tooltip.tsx
CodeQL Analysis	Perform CodeQL Analysis	2025-12-13T19:18:54.4024990Z [2025-12-13 19:18:54] [build-stdout] Done extracting /home/runner/work/Baci/Baci/src/components/ui/tooltip.tsx (10 ms)
CodeQL Analysis	Perform CodeQL Analysis	2025-12-13T19:18:54.4027038Z [2025-12-13 19:18:54] [build-stdout] Extracting /home/runner/work/Baci/Baci/src/components/ui/typing-placeholder-input.tsx
CodeQL Analysis	Perform CodeQL Analysis	2025-12-13T19:18:54.4237573Z [2025-12-13 19:18:54] [build-stdout] Done extracting /home/runner/work/Baci/Baci/src/components/ui/typing-placeholder-input.tsx (20 ms)
CodeQL Analysis	Perform CodeQL Analysis	2025-12-13T19:18:54.4247070Z [2025-12-13 19:18:54] [build-stdout] Extracting /home/runner/work/Baci/Baci/src/lib/ad-monetization/index.ts
CodeQL Analysis	Perform CodeQL Analysis	2025-12-13T19:18:54.4273286Z [2025-12-13 19:18:54] [build-stdout] Done extracting /home/runner/work/Baci/Baci/src/lib/ad-monetization/index.ts (3 ms)
CodeQL Analysis	Perform CodeQL Analysis	2025-12-13T19:18:54.4275074Z [2025-12-13 19:18:54] [build-stdout] Extracting /home/runner/work/Baci/Baci/src/lib/ad-monetization/types.ts
CodeQL Analysis	Perform CodeQL Analysis	2025-12-13T19:18:54.4730945Z [2025-12-13 19:18:54] [build-stdout] Done extracting /home/runner/work/Baci/Baci/src/lib/ad-monetization/types.ts (44 ms)
CodeQL Analysis	Perform CodeQL Analysis	2025-12-13T19:18:54.4734921Z [2025-12-13 19:18:54] [build-stdout] Extracting /home/runner/work/Baci/Baci/src/lib/ad-monetization/use-ad-settings.tsx
CodeQL Analysis	Perform CodeQL Analysis	2025-12-13T19:18:54.5233248Z [2025-12-13 19:18:54] [build-stdout] Done extracting /home/runner/work/Baci/Baci/src/lib/ad-monetization/use-ad-settings.tsx (49 ms)
CodeQL Analysis	Perform CodeQL Analysis	2025-12-13T19:18:54.5234238Z [2025-12-13 19:18:54] [build-stdout] Extracting /home/runner/work/Baci/Baci/src/lib/shipping/aggregator.ts
CodeQL Analysis	Perform CodeQL Analysis	2025-12-13T19:18:54.5530229Z [2025-12-13 19:18:54] [build-stdout] Done extracting /home/runner/work/Baci/Baci/src/lib/shipping/aggregator.ts (30 ms)
CodeQL Analysis	Perform CodeQL Analysis	2025-12-13T19:18:54.5531302Z [2025-12-13 19:18:54] [build-stdout] Extracting /home/runner/work/Baci/Baci/src/lib/shipping/index.ts
CodeQL Analysis	Perform CodeQL Analysis	2025-12-13T19:18:54.5739935Z [2025-12-13 19:18:54] [build-stdout] Done extracting /home/runner/work/Baci/Baci/src/lib/shipping/index.ts (20 ms)
CodeQL Analysis	Perform CodeQL Analysis	2025-12-13T19:18:54.5741389Z [2025-12-13 19:18:54] [build-stdout] Extracting /home/runner/work/Baci/Baci/src/lib/shipping/status-mapper.ts
CodeQL Analysis	Perform CodeQL Analysis	2025-12-13T19:18:54.5904909Z [2025-12-13 19:18:54] [build-stdout] Done extracting /home/runner/work/Baci/Baci/src/lib/shipping/status-mapper.ts (16 ms)
CodeQL Analysis	Perform CodeQL Analysis	2025-12-13T19:18:54.5906641Z [2025-12-13 19:18:54] [build-stdout] Extracting /home/runner/work/Baci/Baci/src/lib/shipping/types.ts
CodeQL Analysis	Perform CodeQL Analysis	2025-12-13T19:18:54.6132477Z [2025-12-13 19:18:54] [build-stdout] Done extracting /home/runner/work/Baci/Baci/src/lib/shipping/types.ts (22 ms)
CodeQL Analysis	Perform CodeQL Analysis	2025-12-13T19:18:54.6134130Z [2025-12-13 19:18:54] [build-stdout] Extracting /home/runner/work/Baci/Baci/src/lib/supabase/admin.ts
CodeQL Analysis	Perform CodeQL Analysis	2025-12-13T19:18:54.6160112Z [2025-12-13 19:18:54] [build-stdout] Done extracting /home/runner/work/Baci/Baci/src/lib/supabase/admin.ts (2 ms)
CodeQL Analysis	Perform CodeQL Analysis	2025-12-13T19:18:54.6161762Z [2025-12-13 19:18:54] [build-stdout] Extracting /home/runner/work/Baci/Baci/src/lib/supabase/client.ts
CodeQL Analysis	Perform CodeQL Analysis	2025-12-13T19:18:54.6182634Z [2025-12-13 19:18:54] [build-stdout] Done extracting /home/runner/work/Baci/Baci/src/lib/supabase/client.ts (1 ms)
CodeQL Analysis	Perform CodeQL Analysis	2025-12-13T19:18:54.6184394Z [2025-12-13 19:18:54] [build-stdout] Extracting /home/runner/work/Baci/Baci/src/lib/supabase/middleware.ts
CodeQL Analysis	Perform CodeQL Analysis	2025-12-13T19:18:54.6300865Z [2025-12-13 19:18:54] [build-stdout] Done extracting /home/runner/work/Baci/Baci/src/lib/supabase/middleware.ts (12 ms)
CodeQL Analysis	Perform CodeQL Analysis	2025-12-13T19:18:54.6302645Z [2025-12-13 19:18:54] [build-stdout] Extracting /home/runner/work/Baci/Baci/src/lib/supabase/server.ts
CodeQL Analysis	Perform CodeQL Analysis	2025-12-13T19:18:54.6350604Z [2025-12-13 19:18:54] [build-stdout] Done extracting /home/runner/work/Baci/Baci/src/lib/supabase/server.ts (5 ms)
CodeQL Analysis	Perform CodeQL Analysis	2025-12-13T19:18:54.6352352Z [2025-12-13 19:18:54] [build-stdout] Extracting /home/runner/work/Baci/Baci/src/lib/supabase/service.ts
CodeQL Analysis	Perform CodeQL Analysis	2025-12-13T19:18:54.6398735Z [2025-12-13 19:18:54] [build-stdout] Done extracting /home/runner/work/Baci/Baci/src/lib/supabase/service.ts (4 ms)
CodeQL Analysis	Perform CodeQL Analysis	2025-12-13T19:18:54.6400818Z [2025-12-13 19:18:54] [build-stdout] Extracting /home/runner/work/Baci/Baci/supabase/functions/process-scheduled-notifications/index.ts
CodeQL Analysis	Perform CodeQL Analysis	2025-12-13T19:18:54.6659536Z [2025-12-13 19:18:54] [build-stdout] Done extracting /home/runner/work/Baci/Baci/supabase/functions/process-scheduled-notifications/index.ts (26 ms)
CodeQL Analysis	Perform CodeQL Analysis	2025-12-13T19:18:54.6660845Z [2025-12-13 19:18:54] [build-stdout] Extracting /home/runner/work/Baci/Baci/supabase/functions/send-auth-email/index.ts
CodeQL Analysis	Perform CodeQL Analysis	2025-12-13T19:18:54.6846756Z [2025-12-13 19:18:54] [build-stdout] Done extracting /home/runner/work/Baci/Baci/supabase/functions/send-auth-email/index.ts (18 ms)
CodeQL Analysis	Perform CodeQL Analysis	2025-12-13T19:18:54.6848142Z [2025-12-13 19:18:54] [build-stdout] Extracting /home/runner/work/Baci/Baci/supabase/functions/sync-gaming-prices/index.ts
CodeQL Analysis	Perform CodeQL Analysis	2025-12-13T19:18:54.7106733Z [2025-12-13 19:18:54] [build-stdout] Done extracting /home/runner/work/Baci/Baci/supabase/functions/sync-gaming-prices/index.ts (25 ms)
CodeQL Analysis	Perform CodeQL Analysis	2025-12-13T19:18:54.7108562Z [2025-12-13 19:18:54] [build-stdout] Extracting /home/runner/work/Baci/Baci/supabase/functions/validate-password/index.ts
CodeQL Analysis	Perform CodeQL Analysis	2025-12-13T19:18:54.7234466Z [2025-12-13 19:18:54] [build-stdout] Done extracting /home/runner/work/Baci/Baci/supabase/functions/validate-password/index.ts (13 ms)
CodeQL Analysis	Perform CodeQL Analysis	2025-12-13T19:18:54.7236204Z [2025-12-13 19:18:54] [build-stdout] Extracting /home/runner/work/Baci/Baci/src/ai/provider.ts
CodeQL Analysis	Perform CodeQL Analysis	2025-12-13T19:18:54.7429754Z [2025-12-13 19:18:54] [build-stdout] Done extracting /home/runner/work/Baci/Baci/src/ai/provider.ts (19 ms)
CodeQL Analysis	Perform CodeQL Analysis	2025-12-13T19:18:54.7430637Z [2025-12-13 19:18:54] [build-stdout] Extracting /home/runner/work/Baci/Baci/src/app/actions.ts
CodeQL Analysis	Perform CodeQL Analysis	2025-12-13T19:18:54.7551621Z [2025-12-13 19:18:54] [build-stdout] Done extracting /home/runner/work/Baci/Baci/src/app/actions.ts (12 ms)
CodeQL Analysis	Perform CodeQL Analysis	2025-12-13T19:18:54.7553339Z [2025-12-13 19:18:54] [build-stdout] Extracting /home/runner/work/Baci/Baci/src/app/layout.tsx
CodeQL Analysis	Perform CodeQL Analysis	2025-12-13T19:18:54.7730838Z [2025-12-13 19:18:54] [build-stdout] Done extracting /home/runner/work/Baci/Baci/src/app/layout.tsx (17 ms)
CodeQL Analysis	Perform CodeQL Analysis	2025-12-13T19:18:54.7731957Z [2025-12-13 19:18:54] [build-stdout] Extracting /home/runner/work/Baci/Baci/src/app/manifest.ts
CodeQL Analysis	Perform CodeQL Analysis	2025-12-13T19:18:54.7763038Z [2025-12-13 19:18:54] [build-stdout] Done extracting /home/runner/work/Baci/Baci/src/app/manifest.ts (2 ms)
CodeQL Analysis	Perform CodeQL Analysis	2025-12-13T19:18:54.7764927Z [2025-12-13 19:18:54] [build-stdout] Extracting /home/runner/work/Baci/Baci/src/app/not-found.tsx
CodeQL Analysis	Perform CodeQL Analysis	2025-12-13T19:18:54.7901508Z [2025-12-13 19:18:54] [build-stdout] Done extracting /home/runner/work/Baci/Baci/src/app/not-found.tsx (13 ms)
CodeQL Analysis	Perform CodeQL Analysis	2025-12-13T19:18:54.7920774Z [2025-12-13 19:18:54] [build-stdout] Extracting /home/runner/work/Baci/Baci/src/app/page.tsx
CodeQL Analysis	Perform CodeQL Analysis	2025-12-13T19:18:54.8510558Z [2025-12-13 19:18:54] [build-stdout] Done extracting /home/runner/work/Baci/Baci/src/app/page.tsx (61 ms)
CodeQL Analysis	Perform CodeQL Analysis	2025-12-13T19:18:54.8511687Z [2025-12-13 19:18:54] [build-stdout] Extracting /home/runner/work/Baci/Baci/src/app/robots.ts
CodeQL Analysis	Perform CodeQL Analysis	2025-12-13T19:18:54.8549619Z [2025-12-13 19:18:54] [build-stdout] Done extracting /home/runner/work/Baci/Baci/src/app/robots.ts (3 ms)
CodeQL Analysis	Perform CodeQL Analysis	2025-12-13T19:18:54.8550708Z [2025-12-13 19:18:54] [build-stdout] Extracting /home/runner/work/Baci/Baci/src/app/sitemap.ts
CodeQL Analysis	Perform CodeQL Analysis	2025-12-13T19:18:54.8726517Z [2025-12-13 19:18:54] [build-stdout] Done extracting /home/runner/work/Baci/Baci/src/app/sitemap.ts (18 ms)
CodeQL Analysis	Perform CodeQL Analysis	2025-12-13T19:18:54.8728278Z [2025-12-13 19:18:54] [build-stdout] Extracting /home/runner/work/Baci/Baci/src/components/address-autocomplete.tsx
CodeQL Analysis	Perform CodeQL Analysis	2025-12-13T19:18:54.9047310Z [2025-12-13 19:18:54] [build-stdout] Done extracting /home/runner/work/Baci/Baci/src/components/address-autocomplete.tsx (32 ms)
CodeQL Analysis	Perform CodeQL Analysis	2025-12-13T19:18:54.9048327Z [2025-12-13 19:18:54] [build-stdout] Extracting /home/runner/work/Baci/Baci/src/components/app-body.tsx
CodeQL Analysis	Perform CodeQL Analysis	2025-12-13T19:18:54.9167999Z [2025-12-13 19:18:54] [build-stdout] Done extracting /home/runner/work/Baci/Baci/src/components/app-body.tsx (11 ms)
CodeQL Analysis	Perform CodeQL Analysis	2025-12-13T19:18:54.9171884Z [2025-12-13 19:18:54] [build-stdout] Extracting /home/runner/work/Baci/Baci/src/components/bag-icon.tsx
CodeQL Analysis	Perform CodeQL Analysis	2025-12-13T19:18:54.9219417Z [2025-12-13 19:18:54] [build-stdout] Done extracting /home/runner/work/Baci/Baci/src/components/bag-icon.tsx (5 ms)
CodeQL Analysis	Perform CodeQL Analysis	2025-12-13T19:18:54.9220630Z [2025-12-13 19:18:54] [build-stdout] Extracting /home/runner/work/Baci/Baci/src/components/business-name-generator-modal.tsx
CodeQL Analysis	Perform CodeQL Analysis	2025-12-13T19:18:54.9470135Z [2025-12-13 19:18:54] [build-stdout] Done extracting /home/runner/work/Baci/Baci/src/components/business-name-generator-modal.tsx (25 ms)
CodeQL Analysis	Perform CodeQL Analysis	2025-12-13T19:18:54.9472015Z [2025-12-13 19:18:54] [build-stdout] Extracting /home/runner/work/Baci/Baci/src/components/cart.tsx
CodeQL Analysis	Perform CodeQL Analysis	2025-12-13T19:18:54.9642013Z [2025-12-13 19:18:54] [build-stdout] Done extracting /home/runner/work/Baci/Baci/src/components/cart.tsx (17 ms)
CodeQL Analysis	Perform CodeQL Analysis	2025-12-13T19:18:54.9644123Z [2025-12-13 19:18:54] [build-stdout] Extracting /home/runner/work/Baci/Baci/src/components/checkout-theme-provider.tsx
CodeQL Analysis	Perform CodeQL Analysis	2025-12-13T19:18:54.9838452Z [2025-12-13 19:18:54] [build-stdout] Done extracting /home/runner/work/Baci/Baci/src/components/checkout-theme-provider.tsx (19 ms)
CodeQL Analysis	Perform CodeQL Analysis	2025-12-13T19:18:54.9841955Z [2025-12-13 19:18:54] [build-stdout] Extracting /home/runner/work/Baci/Baci/src/components/color-picker.tsx
CodeQL Analysis	Perform CodeQL Analysis	2025-12-13T19:18:55.0167599Z [2025-12-13 19:18:55] [build-stdout] Done extracting /home/runner/work/Baci/Baci/src/components/color-picker.tsx (32 ms)
CodeQL Analysis	Perform CodeQL Analysis	2025-12-13T19:18:55.0169593Z [2025-12-13 19:18:55] [build-stdout] Extracting /home/runner/work/Baci/Baci/src/components/csrf-initializer.tsx
CodeQL Analysis	Perform CodeQL Analysis	2025-12-13T19:18:55.0205909Z [2025-12-13 19:18:55] [build-stdout] Done extracting /home/runner/work/Baci/Baci/src/components/csrf-initializer.tsx (3 ms)
CodeQL Analysis	Perform CodeQL Analysis	2025-12-13T19:18:55.0207701Z [2025-12-13 19:18:55] [build-stdout] Extracting /home/runner/work/Baci/Baci/src/components/login-form.tsx
CodeQL Analysis	Perform CodeQL Analysis	2025-12-13T19:18:55.0750943Z [2025-12-13 19:18:55] [build-stdout] Done extracting /home/runner/work/Baci/Baci/src/components/login-form.tsx (54 ms)
CodeQL Analysis	Perform CodeQL Analysis	2025-12-13T19:18:55.0752756Z [2025-12-13 19:18:55] [build-stdout] Extracting /home/runner/work/Baci/Baci/src/components/logo-generator-modal.tsx
CodeQL Analysis	Perform CodeQL Analysis	2025-12-13T19:18:55.0856761Z [2025-12-13 19:18:55] [build-stdout] Done extracting /home/runner/work/Baci/Baci/src/components/logo-generator-modal.tsx (10 ms)
CodeQL Analysis	Perform CodeQL Analysis	2025-12-13T19:18:55.0865807Z [2025-12-13 19:18:55] [build-stdout] Extracting /home/runner/work/Baci/Baci/src/components/logo.tsx
CodeQL Analysis	Perform CodeQL Analysis	2025-12-13T19:18:55.0935361Z [2025-12-13 19:18:55] [build-stdout] Done extracting /home/runner/work/Baci/Baci/src/components/logo.tsx (7 ms)
CodeQL Analysis	Perform CodeQL Analysis	2025-12-13T19:18:55.0946218Z [2025-12-13 19:18:55] [build-stdout] Extracting /home/runner/work/Baci/Baci/src/components/merchant-bank-form.tsx
CodeQL Analysis	Perform CodeQL Analysis	2025-12-13T19:18:55.1495609Z [2025-12-13 19:18:55] [build-stdout] Done extracting /home/runner/work/Baci/Baci/src/components/merchant-bank-form.tsx (55 ms)
CodeQL Analysis	Perform CodeQL Analysis	2025-12-13T19:18:55.1499922Z [2025-12-13 19:18:55] [build-stdout] Extracting /home/runner/work/Baci/Baci/src/components/onboarding-client.tsx
CodeQL Analysis	Perform CodeQL Analysis	2025-12-13T19:18:55.1625238Z [2025-12-13 19:18:55] [build-stdout] Done extracting /home/runner/work/Baci/Baci/src/components/onboarding-client.tsx (7 ms)
CodeQL Analysis	Perform CodeQL Analysis	2025-12-13T19:18:55.1670218Z [2025-12-13 19:18:55] [build-stdout] Extracting /home/runner/work/Baci/Baci/src/components/onboarding-form.tsx
CodeQL Analysis	Perform CodeQL Analysis	2025-12-13T19:18:55.2462877Z [2025-12-13 19:18:55] [build-stdout] Done extracting /home/runner/work/Baci/Baci/src/components/onboarding-form.tsx (88 ms)
CodeQL Analysis	Perform CodeQL Analysis	2025-12-13T19:18:55.2464273Z [2025-12-13 19:18:55] [build-stdout] Extracting /home/runner/work/Baci/Baci/src/components/onboarding-puck-preview.tsx
CodeQL Analysis	Perform CodeQL Analysis	2025-12-13T19:18:55.3234982Z [2025-12-13 19:18:55] [build-stdout] Done extracting /home/runner/work/Baci/Baci/src/components/onboarding-puck-preview.tsx (77 ms)
CodeQL Analysis	Perform CodeQL Analysis	2025-12-13T19:18:55.3262471Z [2025-12-13 19:18:55] [build-stdout] Extracting /home/runner/work/Baci/Baci/src/components/onboarding-template-editor.tsx
CodeQL Analysis	Perform CodeQL Analysis	2025-12-13T19:18:55.3701961Z [2025-12-13 19:18:55] [build-stdout] Done extracting /home/runner/work/Baci/Baci/src/components/onboarding-template-editor.tsx (46 ms)
CodeQL Analysis	Perform CodeQL Analysis	2025-12-13T19:18:55.3703454Z [2025-12-13 19:18:55] [build-stdout] Extracting /home/runner/work/Baci/Baci/src/components/optimized-image.tsx
CodeQL Analysis	Perform CodeQL Analysis	2025-12-13T19:18:55.3958052Z [2025-12-13 19:18:55] [build-stdout] Done extracting /home/runner/work/Baci/Baci/src/components/optimized-image.tsx (24 ms)
CodeQL Analysis	Perform CodeQL Analysis	2025-12-13T19:18:55.3962266Z [2025-12-13 19:18:55] [build-stdout] Extracting /home/runner/work/Baci/Baci/src/components/order-summary.tsx
CodeQL Analysis	Perform CodeQL Analysis	2025-12-13T19:18:55.4128823Z [2025-12-13 19:18:55] [build-stdout] Done extracting /home/runner/work/Baci/Baci/src/components/order-summary.tsx (17 ms)
CodeQL Analysis	Perform CodeQL Analysis	2025-12-13T19:18:55.4132418Z [2025-12-13 19:18:55] [build-stdout] Extracting /home/runner/work/Baci/Baci/src/components/password-strength-indicator.tsx
CodeQL Analysis	Perform CodeQL Analysis	2025-12-13T19:18:55.4293794Z [2025-12-13 19:18:55] [build-stdout] Done extracting /home/runner/work/Baci/Baci/src/components/password-strength-indicator.tsx (13 ms)
CodeQL Analysis	Perform CodeQL Analysis	2025-12-13T19:18:55.4296177Z [2025-12-13 19:18:55] [build-stdout] Extracting /home/runner/work/Baci/Baci/src/config/business-types.ts
CodeQL Analysis	Perform CodeQL Analysis	2025-12-13T19:18:55.4590515Z [2025-12-13 19:18:55] [build-stdout] Done extracting /home/runner/work/Baci/Baci/src/config/business-types.ts (32 ms)
CodeQL Analysis	Perform CodeQL Analysis	2025-12-13T19:18:55.4640313Z [2025-12-13 19:18:55] [build-stdout] Extracting /home/runner/work/Baci/Baci/src/config/category-seo-defaults.ts
CodeQL Analysis	Perform CodeQL Analysis	2025-12-13T19:18:55.4733066Z [2025-12-13 19:18:55] [build-stdout] Done extracting /home/runner/work/Baci/Baci/src/config/category-seo-defaults.ts (14 ms)
CodeQL Analysis	Perform CodeQL Analysis	2025-12-13T19:18:55.4737233Z [2025-12-13 19:18:55] [build-stdout] Extracting /home/runner/work/Baci/Baci/src/config/domain-pricing.ts
CodeQL Analysis	Perform CodeQL Analysis	2025-12-13T19:18:55.4934257Z [2025-12-13 19:18:55] [build-stdout] Done extracting /home/runner/work/Baci/Baci/src/config/domain-pricing.ts (19 ms)
CodeQL Analysis	Perform CodeQL Analysis	2025-12-13T19:18:55.4935172Z [2025-12-13 19:18:55] [build-stdout] Extracting /home/runner/work/Baci/Baci/src/config/platform.ts
CodeQL Analysis	Perform CodeQL Analysis	2025-12-13T19:18:55.5024314Z [2025-12-13 19:18:55] [build-stdout] Done extracting /home/runner/work/Baci/Baci/src/config/platform.ts (8 ms)
CodeQL Analysis	Perform CodeQL Analysis	2025-12-13T19:18:55.5025468Z [2025-12-13 19:18:55] [build-stdout] Extracting /home/runner/work/Baci/Baci/src/config/templates.ts
CodeQL Analysis	Perform CodeQL Analysis	2025-12-13T19:18:55.5357125Z [2025-12-13 19:18:55] [build-stdout] Done extracting /home/runner/work/Baci/Baci/src/config/templates.ts (33 ms)
CodeQL Analysis	Perform CodeQL Analysis	2025-12-13T19:18:55.5358084Z [2025-12-13 19:18:55] [build-stdout] Extracting /home/runner/work/Baci/Baci/src/contexts/auth-context.tsx
CodeQL Analysis	Perform CodeQL Analysis	2025-12-13T19:18:55.5463233Z [2025-12-13 19:18:55] [build-stdout] Done extracting /home/runner/work/Baci/Baci/src/contexts/auth-context.tsx (9 ms)
CodeQL Analysis	Perform CodeQL Analysis	2025-12-13T19:18:55.5464452Z [2025-12-13 19:18:55] [build-stdout] Extracting /home/runner/work/Baci/Baci/src/contexts/customer-auth-context.tsx
CodeQL Analysis	Perform CodeQL Analysis	2025-12-13T19:18:55.5749731Z [2025-12-13 19:18:55] [build-stdout] Done extracting /home/runner/work/Baci/Baci/src/contexts/customer-auth-context.tsx (29 ms)
CodeQL Analysis	Perform CodeQL Analysis	2025-12-13T19:18:55.5751043Z [2025-12-13 19:18:55] [build-stdout] Extracting /home/runner/work/Baci/Baci/src/contexts/preview-providers.tsx
CodeQL Analysis	Perform CodeQL Analysis	2025-12-13T19:18:55.5794151Z [2025-12-13 19:18:55] [build-stdout] Done extracting /home/runner/work/Baci/Baci/src/contexts/preview-providers.tsx (2 ms)
CodeQL Analysis	Perform CodeQL Analysis	2025-12-13T19:18:55.5795462Z [2025-12-13 19:18:55] [build-stdout] Extracting /home/runner/work/Baci/Baci/src/contexts/product-context.tsx
CodeQL Analysis	Perform CodeQL Analysis	2025-12-13T19:18:55.6264425Z [2025-12-13 19:18:55] [build-stdout] Done extracting /home/runner/work/Baci/Baci/src/contexts/product-context.tsx (48 ms)
CodeQL Analysis	Perform CodeQL Analysis	2025-12-13T19:18:55.6265401Z [2025-12-13 19:18:55] [build-stdout] Extracting /home/runner/work/Baci/Baci/src/contexts/providers.tsx
CodeQL Analysis	Perform CodeQL Analysis	2025-12-13T19:18:55.6333609Z [2025-12-13 19:18:55] [build-stdout] Done extracting /home/runner/work/Baci/Baci/src/contexts/providers.tsx (5 ms)
CodeQL Analysis	Perform CodeQL Analysis	2025-12-13T19:18:55.6334891Z [2025-12-13 19:18:55] [build-stdout] Extracting /home/runner/work/Baci/Baci/src/contexts/storefront-context.tsx
CodeQL Analysis	Perform CodeQL Analysis	2025-12-13T19:18:55.6422076Z [2025-12-13 19:18:55] [build-stdout] Done extracting /home/runner/work/Baci/Baci/src/contexts/storefront-context.tsx (9 ms)
CodeQL Analysis	Perform CodeQL Analysis	2025-12-13T19:18:55.6423509Z [2025-12-13 19:18:55] [build-stdout] Extracting /home/runner/work/Baci/Baci/src/hooks/use-ad-tracking.ts
CodeQL Analysis	Perform CodeQL Analysis	2025-12-13T19:18:55.6670627Z [2025-12-13 19:18:55] [build-stdout] Done extracting /home/runner/work/Baci/Baci/src/hooks/use-ad-tracking.ts (24 ms)
CodeQL Analysis	Perform CodeQL Analysis	2025-12-13T19:18:55.6672002Z [2025-12-13 19:18:55] [build-stdout] Extracting /home/runner/work/Baci/Baci/src/hooks/use-cart.tsx
CodeQL Analysis	Perform CodeQL Analysis	2025-12-13T19:18:55.7279968Z [2025-12-13 19:18:55] [build-stdout] Done extracting /home/runner/work/Baci/Baci/src/hooks/use-cart.tsx (60 ms)
CodeQL Analysis	Perform CodeQL Analysis	2025-12-13T19:18:55.7280924Z [2025-12-13 19:18:55] [build-stdout] Extracting /home/runner/work/Baci/Baci/src/hooks/use-comparison.tsx
CodeQL Analysis	Perform CodeQL Analysis	2025-12-13T19:18:55.7369989Z [2025-12-13 19:18:55] [build-stdout] Done extracting /home/runner/work/Baci/Baci/src/hooks/use-comparison.tsx (9 ms)
CodeQL Analysis	Perform CodeQL Analysis	2025-12-13T19:18:55.7467116Z [2025-12-13 19:18:55] [build-stdout] Extracting /home/runner/work/Baci/Baci/src/hooks/use-currency.ts
CodeQL Analysis	Perform CodeQL Analysis	2025-12-13T19:18:55.7489958Z [2025-12-13 19:18:55] [build-stdout] Done extracting /home/runner/work/Baci/Baci/src/hooks/use-currency.ts (9 ms)
CodeQL Analysis	Perform CodeQL Analysis	2025-12-13T19:18:55.7491078Z [2025-12-13 19:18:55] [build-stdout] Extracting /home/runner/work/Baci/Baci/src/hooks/use-debounce.ts
CodeQL Analysis	Perform CodeQL Analysis	2025-12-13T19:18:55.7515356Z [2025-12-13 19:18:55] [build-stdout] Done extracting /home/runner/work/Baci/Baci/src/hooks/use-debounce.ts (4 ms)
CodeQL Analysis	Perform CodeQL Analysis	2025-12-13T19:18:55.7517160Z [2025-12-13 19:18:55] [build-stdout] Extracting /home/runner/work/Baci/Baci/src/hooks/use-industry-theme.ts
CodeQL Analysis	Perform CodeQL Analysis	2025-12-13T19:18:55.7684037Z [2025-12-13 19:18:55] [build-stdout] Done extracting /home/runner/work/Baci/Baci/src/hooks/use-industry-theme.ts (16 ms)
CodeQL Analysis	Perform CodeQL Analysis	2025-12-13T19:18:55.7685217Z [2025-12-13 19:18:55] [build-stdout] Extracting /home/runner/work/Baci/Baci/src/hooks/use-integration-settings.ts
CodeQL Analysis	Perform CodeQL Analysis	2025-12-13T19:18:55.7891326Z [2025-12-13 19:18:55] [build-stdout] Done extracting /home/runner/work/Baci/Baci/src/hooks/use-integration-settings.ts (20 ms)
CodeQL Analysis	Perform CodeQL Analysis	2025-12-13T19:18:55.7893338Z [2025-12-13 19:18:55] [build-stdout] Extracting /home/runner/work/Baci/Baci/src/hooks/use-loyalty.ts
CodeQL Analysis	Perform CodeQL Analysis	2025-12-13T19:18:55.8227359Z [2025-12-13 19:18:55] [build-stdout] Done extracting /home/runner/work/Baci/Baci/src/hooks/use-loyalty.ts (33 ms)
CodeQL Analysis	Perform CodeQL Analysis	2025-12-13T19:18:55.8229782Z [2025-12-13 19:18:55] [build-stdout] Extracting /home/runner/work/Baci/Baci/src/hooks/use-merchant-features.ts
CodeQL Analysis	Perform CodeQL Analysis	2025-12-13T19:18:55.8582406Z [2025-12-13 19:18:55] [build-stdout] Done extracting /home/runner/work/Baci/Baci/src/hooks/use-merchant-features.ts (35 ms)
CodeQL Analysis	Perform CodeQL Analysis	2025-12-13T19:18:55.8590713Z [2025-12-13 19:18:55] [build-stdout] Extracting /home/runner/work/Baci/Baci/src/hooks/use-merchant-features.tsx
CodeQL Analysis	Perform CodeQL Analysis	2025-12-13T19:18:55.8960408Z [2025-12-13 19:18:55] [build-stdout] Done extracting /home/runner/work/Baci/Baci/src/hooks/use-merchant-features.tsx (34 ms)
CodeQL Analysis	Perform CodeQL Analysis	2025-12-13T19:18:55.8962046Z [2025-12-13 19:18:55] [build-stdout] Extracting /home/runner/work/Baci/Baci/src/hooks/use-merchant.tsx
CodeQL Analysis	Perform CodeQL Analysis	2025-12-13T19:18:55.9841031Z [2025-12-13 19:18:55] [build-stdout] Done extracting /home/runner/work/Baci/Baci/src/hooks/use-merchant.tsx (90 ms)
CodeQL Analysis	Perform CodeQL Analysis	2025-12-13T19:18:55.9860291Z [2025-12-13 19:18:55] [build-stdout] Extracting /home/runner/work/Baci/Baci/src/hooks/use-notifications.ts
CodeQL Analysis	Perform CodeQL Analysis	2025-12-13T19:18:56.0496969Z [2025-12-13 19:18:56] [build-stdout] Done extracting /home/runner/work/Baci/Baci/src/hooks/use-notifications.ts (65 ms)
CodeQL Analysis	Perform CodeQL Analysis	2025-12-13T19:18:56.0511596Z [2025-12-13 19:18:56] [build-stdout] Extracting /home/runner/work/Baci/Baci/src/hooks/use-recently-viewed.ts
CodeQL Analysis	Perform CodeQL Analysis	2025-12-13T19:18:56.0824317Z [2025-12-13 19:18:56] [build-stdout] Done extracting /home/runner/work/Baci/Baci/src/hooks/use-recently-viewed.ts (28 ms)
CodeQL Analysis	Perform CodeQL Analysis	2025-12-13T19:18:56.0825588Z [2025-12-13 19:18:56] [build-stdout] Extracting /home/runner/work/Baci/Baci/src/hooks/use-saved.tsx
CodeQL Analysis	Perform CodeQL Analysis	2025-12-13T19:18:56.0936406Z [2025-12-13 19:18:56] [build-stdout] Done extracting /home/runner/work/Baci/Baci/src/hooks/use-saved.tsx (14 ms)
CodeQL Analysis	Perform CodeQL Analysis	2025-12-13T19:18:56.0941472Z [2025-12-13 19:18:56] [build-stdout] Extracting /home/runner/work/Baci/Baci/src/hooks/use-storefront-products.ts
CodeQL Analysis	Perform CodeQL Analysis	2025-12-13T19:18:56.1158190Z [2025-12-13 19:18:56] [build-stdout] Done extracting /home/runner/work/Baci/Baci/src/hooks/use-storefront-products.ts (20 ms)
CodeQL Analysis	Perform CodeQL Analysis	2025-12-13T19:18:56.1169582Z [2025-12-13 19:18:56] [build-stdout] Extracting /home/runner/work/Baci/Baci/src/hooks/use-toast.ts
CodeQL Analysis	Perform CodeQL Analysis	2025-12-13T19:18:56.1504503Z [2025-12-13 19:18:56] [build-stdout] Done extracting /home/runner/work/Baci/Baci/src/hooks/use-toast.ts (33 ms)
CodeQL Analysis	Perform CodeQL Analysis	2025-12-13T19:18:56.1515599Z [2025-12-13 19:18:56] [build-stdout] Extracting /home/runner/work/Baci/Baci/src/hooks/use-user-timing.ts
CodeQL Analysis	Perform CodeQL Analysis	2025-12-13T19:18:56.1617947Z [2025-12-13 19:18:56] [build-stdout] Done extracting /home/runner/work/Baci/Baci/src/hooks/use-user-timing.ts (9 ms)
CodeQL Analysis	Perform CodeQL Analysis	2025-12-13T19:18:56.1620020Z [2025-12-13 19:18:56] [build-stdout] Extracting /home/runner/work/Baci/Baci/src/lib/ad-tracking-cookies.ts
CodeQL Analysis	Perform CodeQL Analysis	2025-12-13T19:18:56.2051463Z [2025-12-13 19:18:56] [build-stdout] Done extracting /home/runner/work/Baci/Baci/src/lib/ad-tracking-cookies.ts (43 ms)
CodeQL Analysis	Perform CodeQL Analysis	2025-12-13T19:18:56.2065060Z [2025-12-13 19:18:56] [build-stdout] Extracting /home/runner/work/Baci/Baci/src/lib/analytics-export.ts
CodeQL Analysis	Perform CodeQL Analysis	2025-12-13T19:18:56.2682257Z [2025-12-13 19:18:56] [build-stdout] Done extracting /home/runner/work/Baci/Baci/src/lib/analytics-export.ts (60 ms)
CodeQL Analysis	Perform CodeQL Analysis	2025-12-13T19:18:56.2683427Z [2025-12-13 19:18:56] [build-stdout] Extracting /home/runner/work/Baci/Baci/src/lib/analytics.ts
CodeQL Analysis	Perform CodeQL Analysis	2025-12-13T19:18:56.3339434Z [2025-12-13 19:18:56] [build-stdout] Done extracting /home/runner/work/Baci/Baci/src/lib/analytics.ts (66 ms)
CodeQL Analysis	Perform CodeQL Analysis	2025-12-13T19:18:56.3343371Z [2025-12-13 19:18:56] [build-stdout] Extracting /home/runner/work/Baci/Baci/src/lib/api-client.ts
CodeQL Analysis	Perform CodeQL Analysis	2025-12-13T19:18:56.3580164Z [2025-12-13 19:18:56] [build-stdout] Done extracting /home/runner/work/Baci/Baci/src/lib/api-client.ts (23 ms)
CodeQL Analysis	Perform CodeQL Analysis	2025-12-13T19:18:56.3581570Z [2025-12-13 19:18:56] [build-stdout] Extracting /home/runner/work/Baci/Baci/src/lib/audit-logger.ts
CodeQL Analysis	Perform CodeQL Analysis	2025-12-13T19:18:56.3660403Z [2025-12-13 19:18:56] [build-stdout] Done extracting /home/runner/work/Baci/Baci/src/lib/audit-logger.ts (6 ms)
CodeQL Analysis	Perform CodeQL Analysis	2025-12-13T19:18:56.3661409Z [2025-12-13 19:18:56] [build-stdout] Extracting /home/runner/work/Baci/Baci/src/lib/builder-defaults.ts
CodeQL Analysis	Perform CodeQL Analysis	2025-12-13T19:18:56.3737511Z [2025-12-13 19:18:56] [build-stdout] Done extracting /home/runner/work/Baci/Baci/src/lib/builder-defaults.ts (8 ms)
CodeQL Analysis	Perform CodeQL Analysis	2025-12-13T19:18:56.3742827Z [2025-12-13 19:18:56] [build-stdout] Extracting /home/runner/work/Baci/Baci/src/lib/cache-headers.ts
CodeQL Analysis	Perform CodeQL Analysis	2025-12-13T19:18:56.3930361Z [2025-12-13 19:18:56] [build-stdout] Done extracting /home/runner/work/Baci/Baci/src/lib/cache-headers.ts (15 ms)
CodeQL Analysis	Perform CodeQL Analysis	2025-12-13T19:18:56.3931520Z [2025-12-13 19:18:56] [build-stdout] Extracting /home/runner/work/Baci/Baci/src/lib/cache.ts
CodeQL Analysis	Perform CodeQL Analysis	2025-12-13T19:18:56.4224460Z [2025-12-13 19:18:56] [build-stdout] Done extracting /home/runner/work/Baci/Baci/src/lib/cache.ts (31 ms)
CodeQL Analysis	Perform CodeQL Analysis	2025-12-13T19:18:56.4225563Z [2025-12-13 19:18:56] [build-stdout] Extracting /home/runner/work/Baci/Baci/src/lib/cached-data.ts
CodeQL Analysis	Perform CodeQL Analysis	2025-12-13T19:18:56.4967255Z [2025-12-13 19:18:56] [build-stdout] Done extracting /home/runner/work/Baci/Baci/src/lib/cached-data.ts (73 ms)
CodeQL Analysis	Perform CodeQL Analysis	2025-12-13T19:18:56.4968364Z [2025-12-13 19:18:56] [build-stdout] Extracting /home/runner/work/Baci/Baci/src/lib/category-configs.ts
CodeQL Analysis	Perform CodeQL Analysis	2025-12-13T19:18:56.5674345Z [2025-12-13 19:18:56] [build-stdout] Done extracting /home/runner/work/Baci/Baci/src/lib/category-configs.ts (72 ms)
CodeQL Analysis	Perform CodeQL Analysis	2025-12-13T19:18:56.5680296Z [2025-12-13 19:18:56] [build-stdout] Extracting /home/runner/work/Baci/Baci/src/lib/color-utils.ts
CodeQL Analysis	Perform CodeQL Analysis	2025-12-13T19:18:56.6040833Z [2025-12-13 19:18:56] [build-stdout] Done extracting /home/runner/work/Baci/Baci/src/lib/color-utils.ts (34 ms)
CodeQL Analysis	Perform CodeQL Analysis	2025-12-13T19:18:56.6041875Z [2025-12-13 19:18:56] [build-stdout] Extracting /home/runner/work/Baci/Baci/src/lib/consent-mode.ts
CodeQL Analysis	Perform CodeQL Analysis	2025-12-13T19:18:56.6233099Z [2025-12-13 19:18:56] [build-stdout] Done extracting /home/runner/work/Baci/Baci/src/lib/consent-mode.ts (19 ms)
CodeQL Analysis	Perform CodeQL Analysis	2025-12-13T19:18:56.6237037Z [2025-12-13 19:18:56] [build-stdout] Extracting /home/runner/work/Baci/Baci/src/lib/countries.ts
CodeQL Analysis	Perform CodeQL Analysis	2025-12-13T19:18:56.6551228Z [2025-12-13 19:18:56] [build-stdout] Done extracting /home/runner/work/Baci/Baci/src/lib/countries.ts (30 ms)
CodeQL Analysis	Perform CodeQL Analysis	2025-12-13T19:18:56.6561531Z [2025-12-13 19:18:56] [build-stdout] Extracting /home/runner/work/Baci/Baci/src/lib/credit-direct.ts
CodeQL Analysis	Perform CodeQL Analysis	2025-12-13T19:18:56.6887615Z [2025-12-13 19:18:56] [build-stdout] Done extracting /home/runner/work/Baci/Baci/src/lib/credit-direct.ts (32 ms)
CodeQL Analysis	Perform CodeQL Analysis	2025-12-13T19:18:56.6896473Z [2025-12-13 19:18:56] [build-stdout] Extracting /home/runner/work/Baci/Baci/src/lib/credpal.ts
CodeQL Analysis	Perform CodeQL Analysis	2025-12-13T19:18:56.7158157Z [2025-12-13 19:18:56] [build-stdout] Done extracting /home/runner/work/Baci/Baci/src/lib/credpal.ts (26 ms)
CodeQL Analysis	Perform CodeQL Analysis	2025-12-13T19:18:56.7169663Z [2025-12-13 19:18:56] [build-stdout] Extracting /home/runner/work/Baci/Baci/src/lib/csrf.ts
CodeQL Analysis	Perform CodeQL Analysis	2025-12-13T19:18:56.7465784Z [2025-12-13 19:18:56] [build-stdout] Done extracting /home/runner/work/Baci/Baci/src/lib/csrf.ts (30 ms)
CodeQL Analysis	Perform CodeQL Analysis	2025-12-13T19:18:56.7481049Z [2025-12-13 19:18:56] [build-stdout] Extracting /home/runner/work/Baci/Baci/src/lib/currency-utils.ts
CodeQL Analysis	Perform CodeQL Analysis	2025-12-13T19:18:56.7770568Z [2025-12-13 19:18:56] [build-stdout] Done extracting /home/runner/work/Baci/Baci/src/lib/currency-utils.ts (27 ms)
CodeQL Analysis	Perform CodeQL Analysis	2025-12-13T19:18:56.7810250Z [2025-12-13 19:18:56] [build-stdout] Extracting /home/runner/work/Baci/Baci/src/lib/currency.ts
CodeQL Analysis	Perform CodeQL Analysis	2025-12-13T19:18:56.7898478Z [2025-12-13 19:18:56] [build-stdout] Done extracting /home/runner/work/Baci/Baci/src/lib/currency.ts (14 ms)
CodeQL Analysis	Perform CodeQL Analysis	2025-12-13T19:18:56.7899600Z [2025-12-13 19:18:56] [build-stdout] Extracting /home/runner/work/Baci/Baci/src/lib/customers.ts
CodeQL Analysis	Perform CodeQL Analysis	2025-12-13T19:18:56.8060645Z [2025-12-13 19:18:56] [build-stdout] Done extracting /home/runner/work/Baci/Baci/src/lib/customers.ts (10 ms)
CodeQL Analysis	Perform CodeQL Analysis	2025-12-13T19:18:56.8061782Z [2025-12-13 19:18:56] [build-stdout] Extracting /home/runner/work/Baci/Baci/src/lib/dns-validator.ts
CodeQL Analysis	Perform CodeQL Analysis	2025-12-13T19:18:56.8490580Z [2025-12-13 19:18:56] [build-stdout] Done extracting /home/runner/work/Baci/Baci/src/lib/dns-validator.ts (45 ms)
CodeQL Analysis	Perform CodeQL Analysis	2025-12-13T19:18:56.8492477Z [2025-12-13 19:18:56] [build-stdout] Extracting /home/runner/work/Baci/Baci/src/lib/email-templates.ts
CodeQL Analysis	Perform CodeQL Analysis	2025-12-13T19:18:56.8782654Z [2025-12-13 19:18:56] [build-stdout] Done extracting /home/runner/work/Baci/Baci/src/lib/email-templates.ts (27 ms)
CodeQL Analysis	Perform CodeQL Analysis	2025-12-13T19:18:56.8850455Z [2025-12-13 19:18:56] [build-stdout] Extracting /home/runner/work/Baci/Baci/src/lib/email.ts
CodeQL Analysis	Perform CodeQL Analysis	2025-12-13T19:18:56.9060516Z [2025-12-13 19:18:56] [build-stdout] Done extracting /home/runner/work/Baci/Baci/src/lib/email.ts (23 ms)
CodeQL Analysis	Perform CodeQL Analysis	2025-12-13T19:18:56.9091451Z [2025-12-13 19:18:56] [build-stdout] Extracting /home/runner/work/Baci/Baci/src/lib/event-tracking.ts
CodeQL Analysis	Perform CodeQL Analysis	2025-12-13T19:18:56.9806020Z [2025-12-13 19:18:56] [build-stdout] Done extracting /home/runner/work/Baci/Baci/src/lib/event-tracking.ts (76 ms)
CodeQL Analysis	Perform CodeQL Analysis	2025-12-13T19:18:56.9807971Z [2025-12-13 19:18:56] [build-stdout] Extracting /home/runner/work/Baci/Baci/src/lib/facebook-capi.ts
CodeQL Analysis	Perform CodeQL Analysis	2025-12-13T19:18:57.0850727Z [2025-12-13 19:18:57] [build-stdout] Done extracting /home/runner/work/Baci/Baci/src/lib/facebook-capi.ts (100 ms)
CodeQL Analysis	Perform CodeQL Analysis	2025-12-13T19:18:57.0852356Z [2025-12-13 19:18:57] [build-stdout] Extracting /home/runner/work/Baci/Baci/src/lib/favicon-processor.ts
CodeQL Analysis	Perform CodeQL Analysis	2025-12-13T19:18:57.1037920Z [2025-12-13 19:18:57] [build-stdout] Done extracting /home/runner/work/Baci/Baci/src/lib/favicon-processor.ts (22 ms)
CodeQL Analysis	Perform CodeQL Analysis	2025-12-13T19:18:57.1045553Z [2025-12-13 19:18:57] [build-stdout] Extracting /home/runner/work/Baci/Baci/src/lib/feature-flags.ts
CodeQL Analysis	Perform CodeQL Analysis	2025-12-13T19:18:57.1315977Z [2025-12-13 19:18:57] [build-stdout] Done extracting /home/runner/work/Baci/Baci/src/lib/feature-flags.ts (26 ms)
CodeQL Analysis	Perform CodeQL Analysis	2025-12-13T19:18:57.1319747Z [2025-12-13 19:18:57] [build-stdout] Extracting /home/runner/work/Baci/Baci/src/lib/ga4-measurement-protocol.ts
CodeQL Analysis	Perform CodeQL Analysis	2025-12-13T19:18:57.1582133Z [2025-12-13 19:18:57] [build-stdout] Done extracting /home/runner/work/Baci/Baci/src/lib/ga4-measurement-protocol.ts (27 ms)
CodeQL Analysis	Perform CodeQL Analysis	2025-12-13T19:18:57.1583387Z [2025-12-13 19:18:57] [build-stdout] Extracting /home/runner/work/Baci/Baci/src/lib/geo-privacy.ts
CodeQL Analysis	Perform CodeQL Analysis	2025-12-13T19:18:57.1711952Z [2025-12-13 19:18:57] [build-stdout] Done extracting /home/runner/work/Baci/Baci/src/lib/geo-privacy.ts (12 ms)
CodeQL Analysis	Perform CodeQL Analysis	2025-12-13T19:18:57.1712861Z [2025-12-13 19:18:57] [build-stdout] Extracting /home/runner/work/Baci/Baci/src/lib/gigl.ts
CodeQL Analysis	Perform CodeQL Analysis	2025-12-13T19:18:57.1901256Z [2025-12-13 19:18:57] [build-stdout] Done extracting /home/runner/work/Baci/Baci/src/lib/gigl.ts (18 ms)
CodeQL Analysis	Perform CodeQL Analysis	2025-12-13T19:18:57.1902308Z [2025-12-13 19:18:57] [build-stdout] Extracting /home/runner/work/Baci/Baci/src/lib/go54.ts
CodeQL Analysis	Perform CodeQL Analysis	2025-12-13T19:18:57.2710314Z [2025-12-13 19:18:57] [build-stdout] Done extracting /home/runner/work/Baci/Baci/src/lib/go54.ts (79 ms)
CodeQL Analysis	Perform CodeQL Analysis	2025-12-13T19:18:57.2740443Z [2025-12-13 19:18:57] [build-stdout] Extracting /home/runner/work/Baci/Baci/src/lib/google-places.ts
CodeQL Analysis	Perform CodeQL Analysis	2025-12-13T19:18:57.2882557Z [2025-12-13 19:18:57] [build-stdout] Done extracting /home/runner/work/Baci/Baci/src/lib/google-places.ts (18 ms)
CodeQL Analysis	Perform CodeQL Analysis	2025-12-13T19:18:57.2884412Z [2025-12-13 19:18:57] [build-stdout] Extracting /home/runner/work/Baci/Baci/src/lib/image-utils.ts
CodeQL Analysis	Perform CodeQL Analysis	2025-12-13T19:18:57.3202467Z [2025-12-13 19:18:57] [build-stdout] Done extracting /home/runner/work/Baci/Baci/src/lib/image-utils.ts (30 ms)
CodeQL Analysis	Perform CodeQL Analysis	2025-12-13T19:18:57.3203733Z [2025-12-13 19:18:57] [build-stdout] Extracting /home/runner/work/Baci/Baci/src/lib/initial-template-generator.ts
CodeQL Analysis	Perform CodeQL Analysis	2025-12-13T19:18:57.3876926Z [2025-12-13 19:18:57] [build-stdout] Done extracting /home/runner/work/Baci/Baci/src/lib/initial-template-generator.ts (68 ms)
CodeQL Analysis	Perform CodeQL Analysis	2025-12-13T19:18:57.3882480Z [2025-12-13 19:18:57] [build-stdout] Extracting /home/runner/work/Baci/Baci/src/lib/invoice-generator.ts
CodeQL Analysis	Perform CodeQL Analysis	2025-12-13T19:18:57.4660698Z [2025-12-13 19:18:57] [build-stdout] Done extracting /home/runner/work/Baci/Baci/src/lib/invoice-generator.ts (78 ms)
CodeQL Analysis	Perform CodeQL Analysis	2025-12-13T19:18:57.4667695Z [2025-12-13 19:18:57] [build-stdout] Extracting /home/runner/work/Baci/Baci/src/lib/korapay.ts
CodeQL Analysis	Perform CodeQL Analysis	2025-12-13T19:18:57.5272393Z [2025-12-13 19:18:57] [build-stdout] Done extracting /home/runner/work/Baci/Baci/src/lib/korapay.ts (60 ms)
CodeQL Analysis	Perform CodeQL Analysis	2025-12-13T19:18:57.5273686Z [2025-12-13 19:18:57] [build-stdout] Extracting /home/runner/work/Baci/Baci/src/lib/kuda.ts
CodeQL Analysis	Perform CodeQL Analysis	2025-12-13T19:18:57.6173980Z [2025-12-13 19:18:57] [build-stdout] Done extracting /home/runner/work/Baci/Baci/src/lib/kuda.ts (90 ms)
CodeQL Analysis	Perform CodeQL Analysis	2025-12-13T19:18:57.6182497Z [2025-12-13 19:18:57] [build-stdout] Extracting /home/runner/work/Baci/Baci/src/lib/logger.ts
CodeQL Analysis	Perform CodeQL Analysis	2025-12-13T19:18:57.6456852Z [2025-12-13 19:18:57] [build-stdout] Done extracting /home/runner/work/Baci/Baci/src/lib/logger.ts (27 ms)
CodeQL Analysis	Perform CodeQL Analysis	2025-12-13T19:18:57.6468944Z [2025-12-13 19:18:57] [build-stdout] Extracting /home/runner/work/Baci/Baci/src/lib/merchant-server.ts
CodeQL Analysis	Perform CodeQL Analysis	2025-12-13T19:18:57.6720599Z [2025-12-13 19:18:57] [build-stdout] Done extracting /home/runner/work/Baci/Baci/src/lib/merchant-server.ts (25 ms)
CodeQL Analysis	Perform CodeQL Analysis	2025-12-13T19:18:57.6722524Z [2025-12-13 19:18:57] [build-stdout] Extracting /home/runner/work/Baci/Baci/src/lib/mycover.ts
CodeQL Analysis	Perform CodeQL Analysis	2025-12-13T19:18:57.7082709Z [2025-12-13 19:18:57] [build-stdout] Done extracting /home/runner/work/Baci/Baci/src/lib/mycover.ts (36 ms)
CodeQL Analysis	Perform CodeQL Analysis	2025-12-13T19:18:57.7122803Z [2025-12-13 19:18:57] [build-stdout] Extracting /home/runner/work/Baci/Baci/src/lib/namecheap.ts
CodeQL Analysis	Perform CodeQL Analysis	2025-12-13T19:18:57.7351467Z [2025-12-13 19:18:57] [build-stdout] Done extracting /home/runner/work/Baci/Baci/src/lib/namecheap.ts (25 ms)
CodeQL Analysis	Perform CodeQL Analysis	2025-12-13T19:18:57.7352817Z [2025-12-13 19:18:57] [build-stdout] Extracting /home/runner/work/Baci/Baci/src/lib/offline-conversions.ts
CodeQL Analysis	Perform CodeQL Analysis	2025-12-13T19:18:57.7734533Z [2025-12-13 19:18:57] [build-stdout] Done extracting /home/runner/work/Baci/Baci/src/lib/offline-conversions.ts (39 ms)
CodeQL Analysis	Perform CodeQL Analysis	2025-12-13T19:18:57.7736403Z [2025-12-13 19:18:57] [build-stdout] Extracting /home/runner/work/Baci/Baci/src/lib/password-breach.ts
CodeQL Analysis	Perform CodeQL Analysis	2025-12-13T19:18:57.7842574Z [2025-12-13 19:18:57] [build-stdout] Done extracting /home/runner/work/Baci/Baci/src/lib/password-breach.ts (10 ms)
CodeQL Analysis	Perform CodeQL Analysis	2025-12-13T19:18:57.7845031Z [2025-12-13 19:18:57] [build-stdout] Extracting /home/runner/work/Baci/Baci/src/lib/paystack.ts
CodeQL Analysis	Perform CodeQL Analysis	2025-12-13T19:18:57.8083294Z [2025-12-13 19:18:57] [build-stdout] Done extracting /home/runner/work/Baci/Baci/src/lib/paystack.ts (24 ms)
CodeQL Analysis	Perform CodeQL Analysis	2025-12-13T19:18:57.8084226Z [2025-12-13 19:18:57] [build-stdout] Extracting /home/runner/work/Baci/Baci/src/lib/placeholder-images.ts
CodeQL Analysis	Perform CodeQL Analysis	2025-12-13T19:18:57.8120471Z [2025-12-13 19:18:57] [build-stdout] Done extracting /home/runner/work/Baci/Baci/src/lib/placeholder-images.ts (2 ms)
CodeQL Analysis	Perform CodeQL Analysis	2025-12-13T19:18:57.8122300Z [2025-12-13 19:18:57] [build-stdout] Extracting /home/runner/work/Baci/Baci/src/lib/products-server.ts
CodeQL Analysis	Perform CodeQL Analysis	2025-12-13T19:18:57.8570836Z [2025-12-13 19:18:57] [build-stdout] Done extracting /home/runner/work/Baci/Baci/src/lib/products-server.ts (46 ms)
CodeQL Analysis	Perform CodeQL Analysis	2025-12-13T19:18:57.8573625Z [2025-12-13 19:18:57] [build-stdout] Extracting /home/runner/work/Baci/Baci/src/lib/products.ts
CodeQL Analysis	Perform CodeQL Analysis	2025-12-13T19:18:57.8850622Z [2025-12-13 19:18:57] [build-stdout] Done extracting /home/runner/work/Baci/Baci/src/lib/products.ts (27 ms)
CodeQL Analysis	Perform CodeQL Analysis	2025-12-13T19:18:57.8851681Z [2025-12-13 19:18:57] [build-stdout] Extracting /home/runner/work/Baci/Baci/src/lib/rate-limit.ts
CodeQL Analysis	Perform CodeQL Analysis	2025-12-13T19:18:57.9083788Z [2025-12-13 19:18:57] [build-stdout] Done extracting /home/runner/work/Baci/Baci/src/lib/rate-limit.ts (23 ms)
CodeQL Analysis	Perform CodeQL Analysis	2025-12-13T19:18:57.9084837Z [2025-12-13 19:18:57] [build-stdout] Extracting /home/runner/work/Baci/Baci/src/lib/rate-limiter.ts
CodeQL Analysis	Perform CodeQL Analysis	2025-12-13T19:18:57.9146859Z [2025-12-13 19:18:57] [build-stdout] Done extracting /home/runner/work/Baci/Baci/src/lib/rate-limiter.ts (5 ms)
CodeQL Analysis	Perform CodeQL Analysis	2025-12-13T19:18:57.9149451Z [2025-12-13 19:18:57] [build-stdout] Extracting /home/runner/work/Baci/Baci/src/lib/routes.ts
CodeQL Analysis	Perform CodeQL Analysis	2025-12-13T19:18:57.9361089Z [2025-12-13 19:18:57] [build-stdout] Done extracting /home/runner/work/Baci/Baci/src/lib/routes.ts (19 ms)
CodeQL Analysis	Perform CodeQL Analysis	2025-12-13T19:18:57.9362124Z [2025-12-13 19:18:57] [build-stdout] Extracting /home/runner/work/Baci/Baci/src/lib/sanitize-core.ts
CodeQL Analysis	Perform CodeQL Analysis	2025-12-13T19:18:57.9887351Z [2025-12-13 19:18:57] [build-stdout] Done extracting /home/runner/work/Baci/Baci/src/lib/sanitize-core.ts (54 ms)
CodeQL Analysis	Perform CodeQL Analysis	2025-12-13T19:18:57.9888419Z [2025-12-13 19:18:57] [build-stdout] Extracting /home/runner/work/Baci/Baci/src/lib/sanitize.ts
CodeQL Analysis	Perform CodeQL Analysis	2025-12-13T19:18:57.9978802Z [2025-12-13 19:18:57] [build-stdout] Done extracting /home/runner/work/Baci/Baci/src/lib/sanitize.ts (9 ms)
CodeQL Analysis	Perform CodeQL Analysis	2025-12-13T19:18:57.9980002Z [2025-12-13 19:18:57] [build-stdout] Extracting /home/runner/work/Baci/Baci/src/lib/seo-utils.test.ts
CodeQL Analysis	Perform CodeQL Analysis	2025-12-13T19:18:58.0147208Z [2025-12-13 19:18:58] [build-stdout] Done extracting /home/runner/work/Baci/Baci/src/lib/seo-utils.test.ts (13 ms)
CodeQL Analysis	Perform CodeQL Analysis	2025-12-13T19:18:58.0149206Z [2025-12-13 19:18:58] [build-stdout] Extracting /home/runner/work/Baci/Baci/src/lib/seo-utils.ts
CodeQL Analysis	Perform CodeQL Analysis	2025-12-13T19:18:58.1574220Z [2025-12-13 19:18:58] [build-stdout] Done extracting /home/runner/work/Baci/Baci/src/lib/seo-utils.ts (145 ms)
CodeQL Analysis	Perform CodeQL Analysis	2025-12-13T19:18:58.1577557Z [2025-12-13 19:18:58] [build-stdout] Extracting /home/runner/work/Baci/Baci/src/lib/server-side-analytics.ts
CodeQL Analysis	Perform CodeQL Analysis	2025-12-13T19:18:58.1826484Z [2025-12-13 19:18:58] [build-stdout] Done extracting /home/runner/work/Baci/Baci/src/lib/server-side-analytics.ts (25 ms)
CodeQL Analysis	Perform CodeQL Analysis	2025-12-13T19:18:58.1829826Z [2025-12-13 19:18:58] [build-stdout] Extracting /home/runner/work/Baci/Baci/src/lib/snapchat-capi.ts
CodeQL Analysis	Perform CodeQL Analysis	2025-12-13T19:18:58.2033948Z [2025-12-13 19:18:58] [build-stdout] Done extracting /home/runner/work/Baci/Baci/src/lib/snapchat-capi.ts (20 ms)
CodeQL Analysis	Perform CodeQL Analysis	2025-12-13T19:18:58.2035715Z [2025-12-13 19:18:58] [build-stdout] Extracting /home/runner/work/Baci/Baci/src/lib/social.ts
CodeQL Analysis	Perform CodeQL Analysis	2025-12-13T19:18:58.2093885Z [2025-12-13 19:18:58] [build-stdout] Done extracting /home/runner/work/Baci/Baci/src/lib/social.ts (5 ms)
CodeQL Analysis	Perform CodeQL Analysis	2025-12-13T19:18:58.2094680Z [2025-12-13 19:18:58] [build-stdout] Extracting /home/runner/work/Baci/Baci/src/lib/storage.ts
CodeQL Analysis	Perform CodeQL Analysis	2025-12-13T19:18:58.2213975Z [2025-12-13 19:18:58] [build-stdout] Done extracting /home/runner/work/Baci/Baci/src/lib/storage.ts (12 ms)
CodeQL Analysis	Perform CodeQL Analysis	2025-12-13T19:18:58.2216183Z [2025-12-13 19:18:58] [build-stdout] Extracting /home/runner/work/Baci/Baci/src/lib/theme-config.ts
CodeQL Analysis	Perform CodeQL Analysis	2025-12-13T19:18:58.2539409Z [2025-12-13 19:18:58] [build-stdout] Done extracting /home/runner/work/Baci/Baci/src/lib/theme-config.ts (32 ms)
CodeQL Analysis	Perform CodeQL Analysis	2025-12-13T19:18:58.2542515Z [2025-12-13 19:18:58] [build-stdout] Extracting /home/runner/work/Baci/Baci/src/lib/theme-manager.ts
CodeQL Analysis	Perform CodeQL Analysis	2025-12-13T19:18:58.2936932Z [2025-12-13 19:18:58] [build-stdout] Done extracting /home/runner/work/Baci/Baci/src/lib/theme-manager.ts (39 ms)
CodeQL Analysis	Perform CodeQL Analysis	2025-12-13T19:18:58.2937775Z [2025-12-13 19:18:58] [build-stdout] Extracting /home/runner/work/Baci/Baci/src/lib/tiktok-events-api.ts
CodeQL Analysis	Perform CodeQL Analysis	2025-12-13T19:18:58.3139356Z [2025-12-13 19:18:58] [build-stdout] Done extracting /home/runner/work/Baci/Baci/src/lib/tiktok-events-api.ts (20 ms)
CodeQL Analysis	Perform CodeQL Analysis	2025-12-13T19:18:58.3140694Z [2025-12-13 19:18:58] [build-stdout] Extracting /home/runner/work/Baci/Baci/src/lib/utils.ts
CodeQL Analysis	Perform CodeQL Analysis	2025-12-13T19:18:58.3363590Z [2025-12-13 19:18:58] [build-stdout] Done extracting /home/runner/work/Baci/Baci/src/lib/utils.ts (22 ms)
CodeQL Analysis	Perform CodeQL Analysis	2025-12-13T19:18:58.3369912Z [2025-12-13 19:18:58] [build-stdout] Extracting /home/runner/work/Baci/Baci/src/lib/validate-slug.ts
CodeQL Analysis	Perform CodeQL Analysis	2025-12-13T19:18:58.3449536Z [2025-12-13 19:18:58] [build-stdout] Done extracting /home/runner/work/Baci/Baci/src/lib/validate-slug.ts (7 ms)
CodeQL Analysis	Perform CodeQL Analysis	2025-12-13T19:18:58.3450843Z [2025-12-13 19:18:58] [build-stdout] Extracting /home/runner/work/Baci/Baci/src/lib/vercel.ts
CodeQL Analysis	Perform CodeQL Analysis	2025-12-13T19:18:58.3734760Z [2025-12-13 19:18:58] [build-stdout] Done extracting /home/runner/work/Baci/Baci/src/lib/vercel.ts (27 ms)
CodeQL Analysis	Perform CodeQL Analysis	2025-12-13T19:18:58.3761690Z [2025-12-13 19:18:58] [build-stdout] Extracting /home/runner/work/Baci/Baci/src/lib/zeptomail.ts
CodeQL Analysis	Perform CodeQL Analysis	2025-12-13T19:18:58.4145339Z [2025-12-13 19:18:58] [build-stdout] Done extracting /home/runner/work/Baci/Baci/src/lib/zeptomail.ts (40 ms)
CodeQL Analysis	Perform CodeQL Analysis	2025-12-13T19:18:58.4150065Z [2025-12-13 19:18:58] [build-stdout] Extracting /home/runner/work/Baci/Baci/src/schemas/onboarding.ts
CodeQL Analysis	Perform CodeQL Analysis	2025-12-13T19:18:58.4305222Z [2025-12-13 19:18:58] [build-stdout] Done extracting /home/runner/work/Baci/Baci/src/schemas/onboarding.ts (16 ms)
CodeQL Analysis	Perform CodeQL Analysis	2025-12-13T19:18:58.4306488Z [2025-12-13 19:18:58] [build-stdout] Extracting /home/runner/work/Baci/Baci/src/services/gemini-service-mock.ts
CodeQL Analysis	Perform CodeQL Analysis	2025-12-13T19:18:58.4381349Z [2025-12-13 19:18:58] [build-stdout] Done extracting /home/runner/work/Baci/Baci/src/services/gemini-service-mock.ts (6 ms)
CodeQL Analysis	Perform CodeQL Analysis	2025-12-13T19:18:58.4383087Z [2025-12-13 19:18:58] [build-stdout] Extracting /home/runner/work/Baci/Baci/src/services/hero-image-generator.ts
CodeQL Analysis	Perform CodeQL Analysis	2025-12-13T19:18:58.4897853Z [2025-12-13 19:18:58] [build-stdout] Done extracting /home/runner/work/Baci/Baci/src/services/hero-image-generator.ts (52 ms)
CodeQL Analysis	Perform CodeQL Analysis	2025-12-13T19:18:58.4898878Z [2025-12-13 19:18:58] [build-stdout] Extracting /home/runner/work/Baci/Baci/src/services/insurance.ts
CodeQL Analysis	Perform CodeQL Analysis	2025-12-13T19:18:58.5116061Z [2025-12-13 19:18:58] [build-stdout] Done extracting /home/runner/work/Baci/Baci/src/services/insurance.ts (21 ms)
CodeQL Analysis	Perform CodeQL Analysis	2025-12-13T19:18:58.5142955Z [2025-12-13 19:18:58] [build-stdout] Extracting /home/runner/work/Baci/Baci/src/store/onboarding-ui-store.ts
CodeQL Analysis	Perform CodeQL Analysis	2025-12-13T19:18:58.5164372Z [2025-12-13 19:18:58] [build-stdout] Done extracting /home/runner/work/Baci/Baci/src/store/onboarding-ui-store.ts (5 ms)
CodeQL Analysis	Perform CodeQL Analysis	2025-12-13T19:18:58.5168975Z [2025-12-13 19:18:58] [build-stdout] Extracting /home/runner/work/Baci/Baci/src/templates/artisan.tsx
CodeQL Analysis	Perform CodeQL Analysis	2025-12-13T19:18:58.6111977Z [2025-12-13 19:18:58] [build-stdout] Done extracting /home/runner/work/Baci/Baci/src/templates/artisan.tsx (93 ms)
CodeQL Analysis	Perform CodeQL Analysis	2025-12-13T19:18:58.6116026Z [2025-12-13 19:18:58] [build-stdout] Extracting /home/runner/work/Baci/Baci/src/templates/beauty.tsx
CodeQL Analysis	Perform CodeQL Analysis	2025-12-13T19:18:58.6645292Z [2025-12-13 19:18:58] [build-stdout] Done extracting /home/runner/work/Baci/Baci/src/templates/beauty.tsx (53 ms)
CodeQL Analysis	Perform CodeQL Analysis	2025-12-13T19:18:58.6648933Z [2025-12-13 19:18:58] [build-stdout] Extracting /home/runner/work/Baci/Baci/src/templates/food-beverage.tsx
CodeQL Analysis	Perform CodeQL Analysis	2025-12-13T19:18:58.7230958Z [2025-12-13 19:18:58] [build-stdout] Done extracting /home/runner/work/Baci/Baci/src/templates/food-beverage.tsx (58 ms)
CodeQL Analysis	Perform CodeQL Analysis	2025-12-13T19:18:58.7233021Z [2025-12-13 19:18:58] [build-stdout] Extracting /home/runner/work/Baci/Baci/src/templates/hair-extensions.tsx
CodeQL Analysis	Perform CodeQL Analysis	2025-12-13T19:18:58.7840073Z [2025-12-13 19:18:58] [build-stdout] Done extracting /home/runner/work/Baci/Baci/src/templates/hair-extensions.tsx (60 ms)
CodeQL Analysis	Perform CodeQL Analysis	2025-12-13T19:18:58.7841910Z [2025-12-13 19:18:58] [build-stdout] Extracting /home/runner/work/Baci/Baci/src/templates/home-goods.tsx
CodeQL Analysis	Perform CodeQL Analysis	2025-12-13T19:18:58.8136635Z [2025-12-13 19:18:58] [build-stdout] Done extracting /home/runner/work/Baci/Baci/src/templates/home-goods.tsx (29 ms)
CodeQL Analysis	Perform CodeQL Analysis	2025-12-13T19:18:58.8138565Z [2025-12-13 19:18:58] [build-stdout] Extracting /home/runner/work/Baci/Baci/src/templates/modern.tsx
CodeQL Analysis	Perform CodeQL Analysis	2025-12-13T19:18:58.8160606Z [2025-12-13 19:18:58] [build-stdout] Done extracting /home/runner/work/Baci/Baci/src/templates/modern.tsx (1 ms)
CodeQL Analysis	Perform CodeQL Analysis	2025-12-13T19:18:58.8162588Z [2025-12-13 19:18:58] [build-stdout] Extracting /home/runner/work/Baci/Baci/src/templates/pharmaceutical.tsx
CodeQL Analysis	Perform CodeQL Analysis	2025-12-13T19:18:58.8821100Z [2025-12-13 19:18:58] [build-stdout] Done extracting /home/runner/work/Baci/Baci/src/templates/pharmaceutical.tsx (66 ms)
CodeQL Analysis	Perform CodeQL Analysis	2025-12-13T19:18:58.8822724Z [2025-12-13 19:18:58] [build-stdout] Extracting /home/runner/work/Baci/Baci/src/templates/registry.tsx
CodeQL Analysis	Perform CodeQL Analysis	2025-12-13T19:18:58.9401497Z [2025-12-13 19:18:58] [build-stdout] Done extracting /home/runner/work/Baci/Baci/src/templates/registry.tsx (57 ms)
CodeQL Analysis	Perform CodeQL Analysis	2025-12-13T19:18:58.9402392Z [2025-12-13 19:18:58] [build-stdout] Extracting /home/runner/work/Baci/Baci/src/types/about-page.ts
CodeQL Analysis	Perform CodeQL Analysis	2025-12-13T19:18:58.9598850Z [2025-12-13 19:18:58] [build-stdout] Done extracting /home/runner/work/Baci/Baci/src/types/about-page.ts (19 ms)
CodeQL Analysis	Perform CodeQL Analysis	2025-12-13T19:18:58.9601223Z [2025-12-13 19:18:58] [build-stdout] Extracting /home/runner/work/Baci/Baci/src/types/analytics.ts
CodeQL Analysis	Perform CodeQL Analysis	2025-12-13T19:18:58.9639641Z [2025-12-13 19:18:58] [build-stdout] Done extracting /home/runner/work/Baci/Baci/src/types/analytics.ts (4 ms)
CodeQL Analysis	Perform CodeQL Analysis	2025-12-13T19:18:58.9643374Z [2025-12-13 19:18:58] [build-stdout] Extracting /home/runner/work/Baci/Baci/src/types/css-modules.d.ts
CodeQL Analysis	Perform CodeQL Analysis	2025-12-13T19:18:58.9689731Z [2025-12-13 19:18:58] [build-stdout] Done extracting /home/runner/work/Baci/Baci/src/types/css-modules.d.ts (3 ms)
CodeQL Analysis	Perform CodeQL Analysis	2025-12-13T19:18:58.9709829Z [2025-12-13 19:18:58] [build-stdout] Extracting /home/runner/work/Baci/Baci/src/types/faq.ts
CodeQL Analysis	Perform CodeQL Analysis	2025-12-13T19:18:58.9905268Z [2025-12-13 19:18:58] [build-stdout] Done extracting /home/runner/work/Baci/Baci/src/types/faq.ts (18 ms)
CodeQL Analysis	Perform CodeQL Analysis	2025-12-13T19:18:58.9906692Z [2025-12-13 19:18:58] [build-stdout] Extracting /home/runner/work/Baci/Baci/src/types/index.ts
CodeQL Analysis	Perform CodeQL Analysis	2025-12-13T19:18:58.9907948Z [2025-12-13 19:18:58] [build-stdout] Done extracting /home/runner/work/Baci/Baci/src/types/index.ts (3 ms)
CodeQL Analysis	Perform CodeQL Analysis	2025-12-13T19:18:58.9914217Z [2025-12-13 19:18:58] [build-stdout] Extracting /home/runner/work/Baci/Baci/src/types/notifications.ts
CodeQL Analysis	Perform CodeQL Analysis	2025-12-13T19:18:59.0242946Z [2025-12-13 19:18:59] [build-stdout] Done extracting /home/runner/work/Baci/Baci/src/types/notifications.ts (32 ms)
CodeQL Analysis	Perform CodeQL Analysis	2025-12-13T19:18:59.0245335Z [2025-12-13 19:18:59] [build-stdout] Extracting /home/runner/work/Baci/Baci/src/types/staff.ts
CodeQL Analysis	Perform CodeQL Analysis	2025-12-13T19:18:59.0276836Z [2025-12-13 19:18:59] [build-stdout] Done extracting /home/runner/work/Baci/Baci/src/types/staff.ts (3 ms)
CodeQL Analysis	Perform CodeQL Analysis	2025-12-13T19:18:59.0278575Z [2025-12-13 19:18:59] [build-stdout] Extracting /home/runner/work/Baci/Baci/src/types/whois-json.d.ts
CodeQL Analysis	Perform CodeQL Analysis	2025-12-13T19:18:59.0315623Z [2025-12-13 19:18:59] [build-stdout] Done extracting /home/runner/work/Baci/Baci/src/types/whois-json.d.ts (3 ms)
CodeQL Analysis	Perform CodeQL Analysis	2025-12-13T19:18:59.0316832Z [2025-12-13 19:18:59] [build-stdout] Extracting /home/runner/work/Baci/Baci/src/types/zeptomail.d.ts
CodeQL Analysis	Perform CodeQL Analysis	2025-12-13T19:18:59.0481134Z [2025-12-13 19:18:59] [build-stdout] Done extracting /home/runner/work/Baci/Baci/src/types/zeptomail.d.ts (15 ms)
CodeQL Analysis	Perform CodeQL Analysis	2025-12-13T19:18:59.0485659Z [2025-12-13 19:18:59] [build-stdout] Extracting /home/runner/work/Baci/Baci/scripts/1-extract.ts
CodeQL Analysis	Perform CodeQL Analysis	2025-12-13T19:18:59.1094553Z [2025-12-13 19:18:59] [build-stdout] Done extracting /home/runner/work/Baci/Baci/scripts/1-extract.ts (60 ms)
CodeQL Analysis	Perform CodeQL Analysis	2025-12-13T19:18:59.1098207Z [2025-12-13 19:18:59] [build-stdout] Extracting /home/runner/work/Baci/Baci/scripts/2-clean-audit.ts
CodeQL Analysis	Perform CodeQL Analysis	2025-12-13T19:18:59.1780963Z [2025-12-13 19:18:59] [build-stdout] Done extracting /home/runner/work/Baci/Baci/scripts/2-clean-audit.ts (64 ms)
CodeQL Analysis	Perform CodeQL Analysis	2025-12-13T19:18:59.1783685Z [2025-12-13 19:18:59] [build-stdout] Extracting /home/runner/work/Baci/Baci/scripts/3-import.ts
CodeQL Analysis	Perform CodeQL Analysis	2025-12-13T19:18:59.2236671Z [2025-12-13 19:18:59] [build-stdout] Done extracting /home/runner/work/Baci/Baci/scripts/3-import.ts (49 ms)
CodeQL Analysis	Perform CodeQL Analysis	2025-12-13T19:18:59.2241405Z [2025-12-13 19:18:59] [build-stdout] Extracting /home/runner/work/Baci/Baci/scripts/add-audio-color-variants.ts
CodeQL Analysis	Perform CodeQL Analysis	2025-12-13T19:18:59.2556824Z [2025-12-13 19:18:59] [build-stdout] Done extracting /home/runner/work/Baci/Baci/scripts/add-audio-color-variants.ts (31 ms)
CodeQL Analysis	Perform CodeQL Analysis	2025-12-13T19:18:59.2580448Z [2025-12-13 19:18:59] [build-stdout] Extracting /home/runner/work/Baci/Baci/scripts/add-smartphone-color-variants.ts
CodeQL Analysis	Perform CodeQL Analysis	2025-12-13T19:18:59.2961204Z [2025-12-13 19:18:59] [build-stdout] Done extracting /home/runner/work/Baci/Baci/scripts/add-smartphone-color-variants.ts (39 ms)
CodeQL Analysis	Perform CodeQL Analysis	2025-12-13T19:18:59.2962464Z [2025-12-13 19:18:59] [build-stdout] Extracting /home/runner/work/Baci/Baci/scripts/apply-red-ring.ts
CodeQL Analysis	Perform CodeQL Analysis	2025-12-13T19:18:59.3159648Z [2025-12-13 19:18:59] [build-stdout] Done extracting /home/runner/work/Baci/Baci/scripts/apply-red-ring.ts (19 ms)
CodeQL Analysis	Perform CodeQL Analysis	2025-12-13T19:18:59.3160548Z [2025-12-13 19:18:59] [build-stdout] Extracting /home/runner/work/Baci/Baci/scripts/backfill-specs.ts
CodeQL Analysis	Perform CodeQL Analysis	2025-12-13T19:18:59.3349493Z [2025-12-13 19:18:59] [build-stdout] Done extracting /home/runner/work/Baci/Baci/scripts/backfill-specs.ts (18 ms)
CodeQL Analysis	Perform CodeQL Analysis	2025-12-13T19:18:59.3350435Z [2025-12-13 19:18:59] [build-stdout] Extracting /home/runner/work/Baci/Baci/scripts/check-categories-schema.ts
CodeQL Analysis	Perform CodeQL Analysis	2025-12-13T19:18:59.3384125Z [2025-12-13 19:18:59] [build-stdout] Done extracting /home/runner/work/Baci/Baci/scripts/check-categories-schema.ts (3 ms)
CodeQL Analysis	Perform CodeQL Analysis	2025-12-13T19:18:59.3388941Z [2025-12-13 19:18:59] [build-stdout] Extracting /home/runner/work/Baci/Baci/scripts/check-columns.ts
CodeQL Analysis	Perform CodeQL Analysis	2025-12-13T19:18:59.3421834Z [2025-12-13 19:18:59] [build-stdout] Done extracting /home/runner/work/Baci/Baci/scripts/check-columns.ts (3 ms)
CodeQL Analysis	Perform CodeQL Analysis	2025-12-13T19:18:59.3425514Z [2025-12-13 19:18:59] [build-stdout] Extracting /home/runner/work/Baci/Baci/scripts/check-gaming-status.ts
CodeQL Analysis	Perform CodeQL Analysis	2025-12-13T19:18:59.3538754Z [2025-12-13 19:18:59] [build-stdout] Done extracting /home/runner/work/Baci/Baci/scripts/check-gaming-status.ts (11 ms)
CodeQL Analysis	Perform CodeQL Analysis	2025-12-13T19:18:59.3542260Z [2025-12-13 19:18:59] [build-stdout] Extracting /home/runner/work/Baci/Baci/scripts/check-merchant-state.ts
CodeQL Analysis	Perform CodeQL Analysis	2025-12-13T19:18:59.3682524Z [2025-12-13 19:18:59] [build-stdout] Done extracting /home/runner/work/Baci/Baci/scripts/check-merchant-state.ts (14 ms)
CodeQL Analysis	Perform CodeQL Analysis	2025-12-13T19:18:59.3687076Z [2025-12-13 19:18:59] [build-stdout] Extracting /home/runner/work/Baci/Baci/scripts/check-products-schema.ts
CodeQL Analysis	Perform CodeQL Analysis	2025-12-13T19:18:59.3722938Z [2025-12-13 19:18:59] [build-stdout] Done extracting /home/runner/work/Baci/Baci/scripts/check-products-schema.ts (4 ms)
CodeQL Analysis	Perform CodeQL Analysis	2025-12-13T19:18:59.3725561Z [2025-12-13 19:18:59] [build-stdout] Extracting /home/runner/work/Baci/Baci/scripts/clean-matches.ts
CodeQL Analysis	Perform CodeQL Analysis	2025-12-13T19:18:59.3785407Z [2025-12-13 19:18:59] [build-stdout] Done extracting /home/runner/work/Baci/Baci/scripts/clean-matches.ts (5 ms)
CodeQL Analysis	Perform CodeQL Analysis	2025-12-13T19:18:59.3788588Z [2025-12-13 19:18:59] [build-stdout] Extracting /home/runner/work/Baci/Baci/scripts/correlate-timestamps.ts
CodeQL Analysis	Perform CodeQL Analysis	2025-12-13T19:18:59.3904233Z [2025-12-13 19:18:59] [build-stdout] Done extracting /home/runner/work/Baci/Baci/scripts/correlate-timestamps.ts (12 ms)
CodeQL Analysis	Perform CodeQL Analysis	2025-12-13T19:18:59.3905192Z [2025-12-13 19:18:59] [build-stdout] Extracting /home/runner/work/Baci/Baci/scripts/count-hp.ts
CodeQL Analysis	Perform CodeQL Analysis	2025-12-13T19:18:59.3984049Z [2025-12-13 19:18:59] [build-stdout] Done extracting /home/runner/work/Baci/Baci/scripts/count-hp.ts (8 ms)
CodeQL Analysis	Perform CodeQL Analysis	2025-12-13T19:18:59.3987086Z [2025-12-13 19:18:59] [build-stdout] Extracting /home/runner/work/Baci/Baci/scripts/debug-supabase-update.ts
CodeQL Analysis	Perform CodeQL Analysis	2025-12-13T19:18:59.4058471Z [2025-12-13 19:18:59] [build-stdout] Done extracting /home/runner/work/Baci/Baci/scripts/debug-supabase-update.ts (6 ms)
CodeQL Analysis	Perform CodeQL Analysis	2025-12-13T19:18:59.4084420Z [2025-12-13 19:18:59] [build-stdout] Extracting /home/runner/work/Baci/Baci/scripts/deploy-all-images.ts
CodeQL Analysis	Perform CodeQL Analysis	2025-12-13T19:18:59.4390567Z [2025-12-13 19:18:59] [build-stdout] Done extracting /home/runner/work/Baci/Baci/scripts/deploy-all-images.ts (33 ms)
CodeQL Analysis	Perform CodeQL Analysis	2025-12-13T19:18:59.4392055Z [2025-12-13 19:18:59] [build-stdout] Extracting /home/runner/work/Baci/Baci/scripts/deploy-db-update.ts
CodeQL Analysis	Perform CodeQL Analysis	2025-12-13T19:18:59.4590343Z [2025-12-13 19:18:59] [build-stdout] Done extracting /home/runner/work/Baci/Baci/scripts/deploy-db-update.ts (20 ms)
CodeQL Analysis	Perform CodeQL Analysis	2025-12-13T19:18:59.4591698Z [2025-12-13 19:18:59] [build-stdout] Extracting /home/runner/work/Baci/Baci/scripts/deploy-gaming-images.ts
CodeQL Analysis	Perform CodeQL Analysis	2025-12-13T19:18:59.4752620Z [2025-12-13 19:18:59] [build-stdout] Done extracting /home/runner/work/Baci/Baci/scripts/deploy-gaming-images.ts (16 ms)
CodeQL Analysis	Perform CodeQL Analysis	2025-12-13T19:18:59.4753918Z [2025-12-13 19:18:59] [build-stdout] Extracting /home/runner/work/Baci/Baci/scripts/deploy-hp-images.ts
CodeQL Analysis	Perform CodeQL Analysis	2025-12-13T19:18:59.4865901Z [2025-12-13 19:18:59] [build-stdout] Done extracting /home/runner/work/Baci/Baci/scripts/deploy-hp-images.ts (11 ms)
CodeQL Analysis	Perform CodeQL Analysis	2025-12-13T19:18:59.4867430Z [2025-12-13 19:18:59] [build-stdout] Extracting /home/runner/work/Baci/Baci/scripts/download-apple-images.ts
CodeQL Analysis	Perform CodeQL Analysis	2025-12-13T19:18:59.5010193Z [2025-12-13 19:18:59] [build-stdout] Done extracting /home/runner/work/Baci/Baci/scripts/download-apple-images.ts (14 ms)
CodeQL Analysis	Perform CodeQL Analysis	2025-12-13T19:18:59.5011352Z [2025-12-13 19:18:59] [build-stdout] Extracting /home/runner/work/Baci/Baci/scripts/download-hp-images.ts
CodeQL Analysis	Perform CodeQL Analysis	2025-12-13T19:18:59.5088984Z [2025-12-13 19:18:59] [build-stdout] Done extracting /home/runner/work/Baci/Baci/scripts/download-hp-images.ts (7 ms)
CodeQL Analysis	Perform CodeQL Analysis	2025-12-13T19:18:59.5092469Z [2025-12-13 19:18:59] [build-stdout] Extracting /home/runner/work/Baci/Baci/scripts/download-orphans.ts
CodeQL Analysis	Perform CodeQL Analysis	2025-12-13T19:18:59.5192373Z [2025-12-13 19:18:59] [build-stdout] Done extracting /home/runner/work/Baci/Baci/scripts/download-orphans.ts (9 ms)
CodeQL Analysis	Perform CodeQL Analysis	2025-12-13T19:18:59.5195608Z [2025-12-13 19:18:59] [build-stdout] Extracting /home/runner/work/Baci/Baci/scripts/enable-blog.ts
CodeQL Analysis	Perform CodeQL Analysis	2025-12-13T19:18:59.5282597Z [2025-12-13 19:18:59] [build-stdout] Done extracting /home/runner/work/Baci/Baci/scripts/enable-blog.ts (8 ms)
CodeQL Analysis	Perform CodeQL Analysis	2025-12-13T19:18:59.5283588Z [2025-12-13 19:18:59] [build-stdout] Extracting /home/runner/work/Baci/Baci/scripts/execute-renames.ts
CodeQL Analysis	Perform CodeQL Analysis	2025-12-13T19:18:59.5374553Z [2025-12-13 19:18:59] [build-stdout] Done extracting /home/runner/work/Baci/Baci/scripts/execute-renames.ts (8 ms)
CodeQL Analysis	Perform CodeQL Analysis	2025-12-13T19:18:59.5375818Z [2025-12-13 19:18:59] [build-stdout] Extracting /home/runner/work/Baci/Baci/scripts/filter-laptops.ts
CodeQL Analysis	Perform CodeQL Analysis	2025-12-13T19:18:59.5440730Z [2025-12-13 19:18:59] [build-stdout] Done extracting /home/runner/work/Baci/Baci/scripts/filter-laptops.ts (7 ms)
CodeQL Analysis	Perform CodeQL Analysis	2025-12-13T19:18:59.5445581Z [2025-12-13 19:18:59] [build-stdout] Extracting /home/runner/work/Baci/Baci/scripts/fix-gaming-mismatches.ts
CodeQL Analysis	Perform CodeQL Analysis	2025-12-13T19:18:59.5572173Z [2025-12-13 19:18:59] [build-stdout] Done extracting /home/runner/work/Baci/Baci/scripts/fix-gaming-mismatches.ts (12 ms)
CodeQL Analysis	Perform CodeQL Analysis	2025-12-13T19:18:59.5576121Z [2025-12-13 19:18:59] [build-stdout] Extracting /home/runner/work/Baci/Baci/scripts/fix-hp-urls.ts
CodeQL Analysis	Perform CodeQL Analysis	2025-12-13T19:18:59.5647045Z [2025-12-13 19:18:59] [build-stdout] Done extracting /home/runner/work/Baci/Baci/scripts/fix-hp-urls.ts (6 ms)
CodeQL Analysis	Perform CodeQL Analysis	2025-12-13T19:18:59.5650830Z [2025-12-13 19:18:59] [build-stdout] Extracting /home/runner/work/Baci/Baci/scripts/fix-infinix-content.ts
CodeQL Analysis	Perform CodeQL Analysis	2025-12-13T19:18:59.6337062Z [2025-12-13 19:18:59] [build-stdout] Done extracting /home/runner/work/Baci/Baci/scripts/fix-infinix-content.ts (69 ms)
CodeQL Analysis	Perform CodeQL Analysis	2025-12-13T19:18:59.6340786Z [2025-12-13 19:18:59] [build-stdout] Extracting /home/runner/work/Baci/Baci/scripts/fix-iphone-air-name.ts
CodeQL Analysis	Perform CodeQL Analysis	2025-12-13T19:18:59.6398168Z [2025-12-13 19:18:59] [build-stdout] Done extracting /home/runner/work/Baci/Baci/scripts/fix-iphone-air-name.ts (5 ms)
CodeQL Analysis	Perform CodeQL Analysis	2025-12-13T19:18:59.6402488Z [2025-12-13 19:18:59] [build-stdout] Extracting /home/runner/work/Baci/Baci/scripts/fix-new-fashion.ts
CodeQL Analysis	Perform CodeQL Analysis	2025-12-13T19:18:59.6560291Z [2025-12-13 19:18:59] [build-stdout] Done extracting /home/runner/work/Baci/Baci/scripts/fix-new-fashion.ts (16 ms)
CodeQL Analysis	Perform CodeQL Analysis	2025-12-13T19:18:59.6561559Z [2025-12-13 19:18:59] [build-stdout] Extracting /home/runner/work/Baci/Baci/scripts/fix-pixel-pricing.ts
CodeQL Analysis	Perform CodeQL Analysis	2025-12-13T19:18:59.6664494Z [2025-12-13 19:18:59] [build-stdout] Done extracting /home/runner/work/Baci/Baci/scripts/fix-pixel-pricing.ts (10 ms)
CodeQL Analysis	Perform CodeQL Analysis	2025-12-13T19:18:59.6665533Z [2025-12-13 19:18:59] [build-stdout] Extracting /home/runner/work/Baci/Baci/scripts/generate-favicons.ts
CodeQL Analysis	Perform CodeQL Analysis	2025-12-13T19:18:59.6869740Z [2025-12-13 19:18:59] [build-stdout] Done extracting /home/runner/work/Baci/Baci/scripts/generate-favicons.ts (20 ms)
CodeQL Analysis	Perform CodeQL Analysis	2025-12-13T19:18:59.6871734Z [2025-12-13 19:18:59] [build-stdout] Extracting /home/runner/work/Baci/Baci/scripts/import-google-sheet-pixels.ts
CodeQL Analysis	Perform CodeQL Analysis	2025-12-13T19:18:59.7262493Z [2025-12-13 19:18:59] [build-stdout] Done extracting /home/runner/work/Baci/Baci/scripts/import-google-sheet-pixels.ts (39 ms)
CodeQL Analysis	Perform CodeQL Analysis	2025-12-13T19:18:59.7264977Z [2025-12-13 19:18:59] [build-stdout] Extracting /home/runner/work/Baci/Baci/scripts/list-apple.ts
CodeQL Analysis	Perform CodeQL Analysis	2025-12-13T19:18:59.7297304Z [2025-12-13 19:18:59] [build-stdout] Done extracting /home/runner/work/Baci/Baci/scripts/list-apple.ts (3 ms)
CodeQL Analysis	Perform CodeQL Analysis	2025-12-13T19:18:59.7298159Z [2025-12-13 19:18:59] [build-stdout] Extracting /home/runner/work/Baci/Baci/scripts/list-baci-products.ts
CodeQL Analysis	Perform CodeQL Analysis	2025-12-13T19:18:59.7335506Z [2025-12-13 19:18:59] [build-stdout] Done extracting /home/runner/work/Baci/Baci/scripts/list-baci-products.ts (3 ms)
CodeQL Analysis	Perform CodeQL Analysis	2025-12-13T19:18:59.7337109Z [2025-12-13 19:18:59] [build-stdout] Extracting /home/runner/work/Baci/Baci/scripts/list-elitebooks.ts
CodeQL Analysis	Perform CodeQL Analysis	2025-12-13T19:18:59.7370761Z [2025-12-13 19:18:59] [build-stdout] Done extracting /home/runner/work/Baci/Baci/scripts/list-elitebooks.ts (2 ms)
CodeQL Analysis	Perform CodeQL Analysis	2025-12-13T19:18:59.7372235Z [2025-12-13 19:18:59] [build-stdout] Extracting /home/runner/work/Baci/Baci/scripts/list-gaming-products.ts
CodeQL Analysis	Perform CodeQL Analysis	2025-12-13T19:18:59.7449842Z [2025-12-13 19:18:59] [build-stdout] Done extracting /home/runner/work/Baci/Baci/scripts/list-gaming-products.ts (8 ms)
CodeQL Analysis	Perform CodeQL Analysis	2025-12-13T19:18:59.7451810Z [2025-12-13 19:18:59] [build-stdout] Extracting /home/runner/work/Baci/Baci/scripts/list-mycover-products.ts
CodeQL Analysis	Perform CodeQL Analysis	2025-12-13T19:18:59.7513994Z [2025-12-13 19:18:59] [build-stdout] Done extracting /home/runner/work/Baci/Baci/scripts/list-mycover-products.ts (6 ms)
CodeQL Analysis	Perform CodeQL Analysis	2025-12-13T19:18:59.7517220Z [2025-12-13 19:18:59] [build-stdout] Extracting /home/runner/work/Baci/Baci/scripts/list_categories.ts
CodeQL Analysis	Perform CodeQL Analysis	2025-12-13T19:18:59.7607141Z [2025-12-13 19:18:59] [build-stdout] Done extracting /home/runner/work/Baci/Baci/scripts/list_categories.ts (8 ms)
CodeQL Analysis	Perform CodeQL Analysis	2025-12-13T19:18:59.7609417Z [2025-12-13 19:18:59] [build-stdout] Extracting /home/runner/work/Baci/Baci/scripts/match-hp-images.ts
CodeQL Analysis	Perform CodeQL Analysis	2025-12-13T19:18:59.7844252Z [2025-12-13 19:18:59] [build-stdout] Done extracting /home/runner/work/Baci/Baci/scripts/match-hp-images.ts (23 ms)
CodeQL Analysis	Perform CodeQL Analysis	2025-12-13T19:18:59.7846020Z [2025-12-13 19:18:59] [build-stdout] Extracting /home/runner/work/Baci/Baci/scripts/match-to-supabase.ts
CodeQL Analysis	Perform CodeQL Analysis	2025-12-13T19:18:59.7992997Z [2025-12-13 19:18:59] [build-stdout] Done extracting /home/runner/work/Baci/Baci/scripts/match-to-supabase.ts (14 ms)
CodeQL Analysis	Perform CodeQL Analysis	2025-12-13T19:18:59.7995038Z [2025-12-13 19:18:59] [build-stdout] Extracting /home/runner/work/Baci/Baci/scripts/migrate-images-vps.ts
CodeQL Analysis	Perform CodeQL Analysis	2025-12-13T19:18:59.8260795Z [2025-12-13 19:18:59] [build-stdout] Done extracting /home/runner/work/Baci/Baci/scripts/migrate-images-vps.ts (26 ms)
CodeQL Analysis	Perform CodeQL Analysis	2025-12-13T19:18:59.8266157Z [2025-12-13 19:18:59] [build-stdout] Extracting /home/runner/work/Baci/Baci/scripts/parse-hp-sitemap.ts
CodeQL Analysis	Perform CodeQL Analysis	2025-12-13T19:18:59.8379737Z [2025-12-13 19:18:59] [build-stdout] Done extracting /home/runner/work/Baci/Baci/scripts/parse-hp-sitemap.ts (11 ms)
CodeQL Analysis	Perform CodeQL Analysis	2025-12-13T19:18:59.8381706Z [2025-12-13 19:18:59] [build-stdout] Extracting /home/runner/work/Baci/Baci/scripts/prepare-upload.ts
CodeQL Analysis	Perform CodeQL Analysis	2025-12-13T19:18:59.8605453Z [2025-12-13 19:18:59] [build-stdout] Done extracting /home/runner/work/Baci/Baci/scripts/prepare-upload.ts (22 ms)
CodeQL Analysis	Perform CodeQL Analysis	2025-12-13T19:18:59.8606369Z [2025-12-13 19:18:59] [build-stdout] Extracting /home/runner/work/Baci/Baci/scripts/prepare-visual-review.ts
CodeQL Analysis	Perform CodeQL Analysis	2025-12-13T19:18:59.8668861Z [2025-12-13 19:18:59] [build-stdout] Done extracting /home/runner/work/Baci/Baci/scripts/prepare-visual-review.ts (6 ms)
CodeQL Analysis	Perform CodeQL Analysis	2025-12-13T19:18:59.8671466Z [2025-12-13 19:18:59] [build-stdout] Extracting /home/runner/work/Baci/Baci/scripts/probe-mycover-api.ts
CodeQL Analysis	Perform CodeQL Analysis	2025-12-13T19:18:59.8779919Z [2025-12-13 19:18:59] [build-stdout] Done extracting /home/runner/work/Baci/Baci/scripts/probe-mycover-api.ts (10 ms)
CodeQL Analysis	Perform CodeQL Analysis	2025-12-13T19:18:59.8780824Z [2025-12-13 19:18:59] [build-stdout] Extracting /home/runner/work/Baci/Baci/scripts/restore-merchant.ts
CodeQL Analysis	Perform CodeQL Analysis	2025-12-13T19:18:59.8896830Z [2025-12-13 19:18:59] [build-stdout] Done extracting /home/runner/work/Baci/Baci/scripts/restore-merchant.ts (11 ms)
CodeQL Analysis	Perform CodeQL Analysis	2025-12-13T19:18:59.8897968Z [2025-12-13 19:18:59] [build-stdout] Extracting /home/runner/work/Baci/Baci/scripts/schedule-sync-draft.ts
CodeQL Analysis	Perform CodeQL Analysis	2025-12-13T19:18:59.8959403Z [2025-12-13 19:18:59] [build-stdout] Done extracting /home/runner/work/Baci/Baci/scripts/schedule-sync-draft.ts (5 ms)
CodeQL Analysis	Perform CodeQL Analysis	2025-12-13T19:18:59.8961070Z [2025-12-13 19:18:59] [build-stdout] Extracting /home/runner/work/Baci/Baci/scripts/seed-apple-accessories.ts
CodeQL Analysis	Perform CodeQL Analysis	2025-12-13T19:18:59.9720904Z [2025-12-13 19:18:59] [build-stdout] Done extracting /home/runner/work/Baci/Baci/scripts/seed-apple-accessories.ts (76 ms)
CodeQL Analysis	Perform CodeQL Analysis	2025-12-13T19:18:59.9721958Z [2025-12-13 19:18:59] [build-stdout] Extracting /home/runner/work/Baci/Baci/scripts/seed-apple-legacy.ts
CodeQL Analysis	Perform CodeQL Analysis	2025-12-13T19:19:00.0120974Z [2025-12-13 19:19:00] [build-stdout] Done extracting /home/runner/work/Baci/Baci/scripts/seed-apple-legacy.ts (40 ms)
CodeQL Analysis	Perform CodeQL Analysis	2025-12-13T19:19:00.0123994Z [2025-12-13 19:19:00] [build-stdout] Extracting /home/runner/work/Baci/Baci/scripts/seed-apple.ts
CodeQL Analysis	Perform CodeQL Analysis	2025-12-13T19:19:00.0731099Z [2025-12-13 19:19:00] [build-stdout] Done extracting /home/runner/work/Baci/Baci/scripts/seed-apple.ts (58 ms)
CodeQL Analysis	Perform CodeQL Analysis	2025-12-13T19:19:00.0732808Z [2025-12-13 19:19:00] [build-stdout] Extracting /home/runner/work/Baci/Baci/scripts/seed-audio-products.ts
CodeQL Analysis	Perform CodeQL Analysis	2025-12-13T19:19:00.1303164Z [2025-12-13 19:19:00] [build-stdout] Done extracting /home/runner/work/Baci/Baci/scripts/seed-audio-products.ts (59 ms)
CodeQL Analysis	Perform CodeQL Analysis	2025-12-13T19:19:00.1305214Z [2025-12-13 19:19:00] [build-stdout] Extracting /home/runner/work/Baci/Baci/scripts/seed-dell-laptops.ts
CodeQL Analysis	Perform CodeQL Analysis	2025-12-13T19:19:00.1999797Z [2025-12-13 19:19:00] [build-stdout] Done extracting /home/runner/work/Baci/Baci/scripts/seed-dell-laptops.ts (69 ms)
CodeQL Analysis	Perform CodeQL Analysis	2025-12-13T19:19:00.2020621Z [2025-12-13 19:19:00] [build-stdout] Extracting /home/runner/work/Baci/Baci/scripts/seed-gaming-batch2.ts
CodeQL Analysis	Perform CodeQL Analysis	2025-12-13T19:19:00.2149659Z [2025-12-13 19:19:00] [build-stdout] Done extracting /home/runner/work/Baci/Baci/scripts/seed-gaming-batch2.ts (15 ms)
CodeQL Analysis	Perform CodeQL Analysis	2025-12-13T19:19:00.2151326Z [2025-12-13 19:19:00] [build-stdout] Extracting /home/runner/work/Baci/Baci/scripts/seed-gaming-products.ts
CodeQL Analysis	Perform CodeQL Analysis	2025-12-13T19:19:00.2388809Z [2025-12-13 19:19:00] [build-stdout] Done extracting /home/runner/work/Baci/Baci/scripts/seed-gaming-products.ts (23 ms)
CodeQL Analysis	Perform CodeQL Analysis	2025-12-13T19:19:00.2392794Z [2025-12-13 19:19:00] [build-stdout] Extracting /home/runner/work/Baci/Baci/scripts/seed-hp-business-laptops.ts
CodeQL Analysis	Perform CodeQL Analysis	2025-12-13T19:19:00.3520482Z [2025-12-13 19:19:00] [build-stdout] Done extracting /home/runner/work/Baci/Baci/scripts/seed-hp-business-laptops.ts (111 ms)
CodeQL Analysis	Perform CodeQL Analysis	2025-12-13T19:19:00.3522309Z [2025-12-13 19:19:00] [build-stdout] Extracting /home/runner/work/Baci/Baci/scripts/seed-hp-desktops-monitors.ts
CodeQL Analysis	Perform CodeQL Analysis	2025-12-13T19:19:00.4296702Z [2025-12-13 19:19:00] [build-stdout] Done extracting /home/runner/work/Baci/Baci/scripts/seed-hp-desktops-monitors.ts (79 ms)
CodeQL Analysis	Perform CodeQL Analysis	2025-12-13T19:19:00.4297910Z [2025-12-13 19:19:00] [build-stdout] Extracting /home/runner/work/Baci/Baci/scripts/seed-hp-gaming-laptops.ts
CodeQL Analysis	Perform CodeQL Analysis	2025-12-13T19:19:00.5016899Z [2025-12-13 19:19:00] [build-stdout] Done extracting /home/runner/work/Baci/Baci/scripts/seed-hp-gaming-laptops.ts (71 ms)
CodeQL Analysis	Perform CodeQL Analysis	2025-12-13T19:19:00.5017935Z [2025-12-13 19:19:00] [build-stdout] Extracting /home/runner/work/Baci/Baci/scripts/seed-hp-laptops-v2.ts
CodeQL Analysis	Perform CodeQL Analysis	2025-12-13T19:19:00.6133412Z [2025-12-13 19:19:00] [build-stdout] Done extracting /home/runner/work/Baci/Baci/scripts/seed-hp-laptops-v2.ts (111 ms)
CodeQL Analysis	Perform CodeQL Analysis	2025-12-13T19:19:00.6135521Z [2025-12-13 19:19:00] [build-stdout] Extracting /home/runner/work/Baci/Baci/scripts/seed-hp-printers.ts
CodeQL Analysis	Perform CodeQL Analysis	2025-12-13T19:19:00.6810646Z [2025-12-13 19:19:00] [build-stdout] Done extracting /home/runner/work/Baci/Baci/scripts/seed-hp-printers.ts (67 ms)
CodeQL Analysis	Perform CodeQL Analysis	2025-12-13T19:19:00.6812170Z [2025-12-13 19:19:00] [build-stdout] Extracting /home/runner/work/Baci/Baci/scripts/seed-ipads-missing.ts
CodeQL Analysis	Perform CodeQL Analysis	2025-12-13T19:19:00.7537042Z [2025-12-13 19:19:00] [build-stdout] Done extracting /home/runner/work/Baci/Baci/scripts/seed-ipads-missing.ts (73 ms)
CodeQL Analysis	Perform CodeQL Analysis	2025-12-13T19:19:00.7538492Z [2025-12-13 19:19:00] [build-stdout] Extracting /home/runner/work/Baci/Baci/scripts/seed-iphones-new.ts
CodeQL Analysis	Perform CodeQL Analysis	2025-12-13T19:19:00.8398046Z [2025-12-13 19:19:00] [build-stdout] Done extracting /home/runner/work/Baci/Baci/scripts/seed-iphones-new.ts (85 ms)
CodeQL Analysis	Perform CodeQL Analysis	2025-12-13T19:19:00.8399426Z [2025-12-13 19:19:00] [build-stdout] Extracting /home/runner/work/Baci/Baci/scripts/seed-itel.ts
CodeQL Analysis	Perform CodeQL Analysis	2025-12-13T19:19:00.8883296Z [2025-12-13 19:19:00] [build-stdout] Done extracting /home/runner/work/Baci/Baci/scripts/seed-itel.ts (48 ms)
CodeQL Analysis	Perform CodeQL Analysis	2025-12-13T19:19:00.8884260Z [2025-12-13 19:19:00] [build-stdout] Extracting /home/runner/work/Baci/Baci/scripts/seed-lenovo-laptops.ts
CodeQL Analysis	Perform CodeQL Analysis	2025-12-13T19:19:00.9546434Z [2025-12-13 19:19:00] [build-stdout] Done extracting /home/runner/work/Baci/Baci/scripts/seed-lenovo-laptops.ts (63 ms)
CodeQL Analysis	Perform CodeQL Analysis	2025-12-13T19:19:00.9548092Z [2025-12-13 19:19:00] [build-stdout] Extracting /home/runner/work/Baci/Baci/scripts/seed-macbooks-missing.ts
CodeQL Analysis	Perform CodeQL Analysis	2025-12-13T19:19:01.0113968Z [2025-12-13 19:19:01] [build-stdout] Done extracting /home/runner/work/Baci/Baci/scripts/seed-macbooks-missing.ts (58 ms)
CodeQL Analysis	Perform CodeQL Analysis	2025-12-13T19:19:01.0115077Z [2025-12-13 19:19:01] [build-stdout] Extracting /home/runner/work/Baci/Baci/scripts/seed-macbooks-used.ts
CodeQL Analysis	Perform CodeQL Analysis	2025-12-13T19:19:01.0764852Z [2025-12-13 19:19:01] [build-stdout] Done extracting /home/runner/work/Baci/Baci/scripts/seed-macbooks-used.ts (64 ms)
CodeQL Analysis	Perform CodeQL Analysis	2025-12-13T19:19:01.0768506Z [2025-12-13 19:19:01] [build-stdout] Extracting /home/runner/work/Baci/Baci/scripts/seed-macbooks.ts
CodeQL Analysis	Perform CodeQL Analysis	2025-12-13T19:19:01.1381645Z [2025-12-13 19:19:01] [build-stdout] Done extracting /home/runner/work/Baci/Baci/scripts/seed-macbooks.ts (61 ms)
CodeQL Analysis	Perform CodeQL Analysis	2025-12-13T19:19:01.1382695Z [2025-12-13 19:19:01] [build-stdout] Extracting /home/runner/work/Baci/Baci/scripts/seed-missing-watches-macs.ts
CodeQL Analysis	Perform CodeQL Analysis	2025-12-13T19:19:01.1960217Z [2025-12-13 19:19:01] [build-stdout] Done extracting /home/runner/work/Baci/Baci/scripts/seed-missing-watches-macs.ts (57 ms)
CodeQL Analysis	Perform CodeQL Analysis	2025-12-13T19:19:01.1962700Z [2025-12-13 19:19:01] [build-stdout] Extracting /home/runner/work/Baci/Baci/scripts/seed-msi-asus-gaming.ts
CodeQL Analysis	Perform CodeQL Analysis	2025-12-13T19:19:01.2553174Z [2025-12-13 19:19:01] [build-stdout] Done extracting /home/runner/work/Baci/Baci/scripts/seed-msi-asus-gaming.ts (59 ms)
CodeQL Analysis	Perform CodeQL Analysis	2025-12-13T19:19:01.2555143Z [2025-12-13 19:19:01] [build-stdout] Extracting /home/runner/work/Baci/Baci/scripts/seed-non-mac-laptops.ts
CodeQL Analysis	Perform CodeQL Analysis	2025-12-13T19:19:01.3232963Z [2025-12-13 19:19:01] [build-stdout] Done extracting /home/runner/work/Baci/Baci/scripts/seed-non-mac-laptops.ts (67 ms)
CodeQL Analysis	Perform CodeQL Analysis	2025-12-13T19:19:01.3234796Z [2025-12-13 19:19:01] [build-stdout] Extracting /home/runner/work/Baci/Baci/scripts/seed-oppo.ts
CodeQL Analysis	Perform CodeQL Analysis	2025-12-13T19:19:01.3608726Z [2025-12-13 19:19:01] [build-stdout] Done extracting /home/runner/work/Baci/Baci/scripts/seed-oppo.ts (37 ms)
CodeQL Analysis	Perform CodeQL Analysis	2025-12-13T19:19:01.3610154Z [2025-12-13 19:19:01] [build-stdout] Extracting /home/runner/work/Baci/Baci/scripts/seed-redmi.ts
CodeQL Analysis	Perform CodeQL Analysis	2025-12-13T19:19:01.4361311Z [2025-12-13 19:19:01] [build-stdout] Done extracting /home/runner/work/Baci/Baci/scripts/seed-redmi.ts (73 ms)
CodeQL Analysis	Perform CodeQL Analysis	2025-12-13T19:19:01.4362758Z [2025-12-13 19:19:01] [build-stdout] Extracting /home/runner/work/Baci/Baci/scripts/seed-samsung-extras.ts
CodeQL Analysis	Perform CodeQL Analysis	2025-12-13T19:19:01.5481470Z [2025-12-13 19:19:01] [build-stdout] Done extracting /home/runner/work/Baci/Baci/scripts/seed-samsung-extras.ts (112 ms)
CodeQL Analysis	Perform CodeQL Analysis	2025-12-13T19:19:01.5482993Z [2025-12-13 19:19:01] [build-stdout] Extracting /home/runner/work/Baci/Baci/scripts/seed-samsung-flagships.ts
CodeQL Analysis	Perform CodeQL Analysis	2025-12-13T19:19:01.6655738Z [2025-12-13 19:19:01] [build-stdout] Done extracting /home/runner/work/Baci/Baci/scripts/seed-samsung-flagships.ts (117 ms)
CodeQL Analysis	Perform CodeQL Analysis	2025-12-13T19:19:01.6658832Z [2025-12-13 19:19:01] [build-stdout] Extracting /home/runner/work/Baci/Baci/scripts/seed-samsung.ts
CodeQL Analysis	Perform CodeQL Analysis	2025-12-13T19:19:01.7507472Z [2025-12-13 19:19:01] [build-stdout] Done extracting /home/runner/work/Baci/Baci/scripts/seed-samsung.ts (85 ms)
CodeQL Analysis	Perform CodeQL Analysis	2025-12-13T19:19:01.7510584Z [2025-12-13 19:19:01] [build-stdout] Extracting /home/runner/work/Baci/Baci/scripts/seed-smartphone-colors-v2.ts
CodeQL Analysis	Perform CodeQL Analysis	2025-12-13T19:19:01.8192107Z [2025-12-13 19:19:01] [build-stdout] Done extracting /home/runner/work/Baci/Baci/scripts/seed-smartphone-colors-v2.ts (68 ms)
CodeQL Analysis	Perform CodeQL Analysis	2025-12-13T19:19:01.8193581Z [2025-12-13 19:19:01] [build-stdout] Extracting /home/runner/work/Baci/Baci/scripts/seed-tecno.ts
CodeQL Analysis	Perform CodeQL Analysis	2025-12-13T19:19:01.8733433Z [2025-12-13 19:19:01] [build-stdout] Done extracting /home/runner/work/Baci/Baci/scripts/seed-tecno.ts (54 ms)
CodeQL Analysis	Perform CodeQL Analysis	2025-12-13T19:19:01.8735037Z [2025-12-13 19:19:01] [build-stdout] Extracting /home/runner/work/Baci/Baci/scripts/seed-tvs-soundbars.ts
CodeQL Analysis	Perform CodeQL Analysis	2025-12-13T19:19:01.9506987Z [2025-12-13 19:19:01] [build-stdout] Done extracting /home/runner/work/Baci/Baci/scripts/seed-tvs-soundbars.ts (76 ms)
CodeQL Analysis	Perform CodeQL Analysis	2025-12-13T19:19:01.9509472Z [2025-12-13 19:19:01] [build-stdout] Extracting /home/runner/work/Baci/Baci/scripts/seed-vivo.ts
CodeQL Analysis	Perform CodeQL Analysis	2025-12-13T19:19:01.9944526Z [2025-12-13 19:19:01] [build-stdout] Done extracting /home/runner/work/Baci/Baci/scripts/seed-vivo.ts (43 ms)
CodeQL Analysis	Perform CodeQL Analysis	2025-12-13T19:19:01.9945687Z [2025-12-13 19:19:01] [build-stdout] Extracting /home/runner/work/Baci/Baci/scripts/source-gaming-batch2.ts
CodeQL Analysis	Perform CodeQL Analysis	2025-12-13T19:19:02.0068746Z [2025-12-13 19:19:02] [build-stdout] Done extracting /home/runner/work/Baci/Baci/scripts/source-gaming-batch2.ts (12 ms)
CodeQL Analysis	Perform CodeQL Analysis	2025-12-13T19:19:02.0070641Z [2025-12-13 19:19:02] [build-stdout] Extracting /home/runner/work/Baci/Baci/scripts/source-gaming-images.ts
CodeQL Analysis	Perform CodeQL Analysis	2025-12-13T19:19:02.0217885Z [2025-12-13 19:19:02] [build-stdout] Done extracting /home/runner/work/Baci/Baci/scripts/source-gaming-images.ts (14 ms)
CodeQL Analysis	Perform CodeQL Analysis	2025-12-13T19:19:02.0219826Z [2025-12-13 19:19:02] [build-stdout] Extracting /home/runner/work/Baci/Baci/scripts/source-manufacturer-images.ts
CodeQL Analysis	Perform CodeQL Analysis	2025-12-13T19:19:02.0300811Z [2025-12-13 19:19:02] [build-stdout] Done extracting /home/runner/work/Baci/Baci/scripts/source-manufacturer-images.ts (8 ms)
CodeQL Analysis	Perform CodeQL Analysis	2025-12-13T19:19:02.0302750Z [2025-12-13 19:19:02] [build-stdout] Extracting /home/runner/work/Baci/Baci/scripts/style-gaming-images.ts
CodeQL Analysis	Perform CodeQL Analysis	2025-12-13T19:19:02.0366680Z [2025-12-13 19:19:02] [build-stdout] Done extracting /home/runner/work/Baci/Baci/scripts/style-gaming-images.ts (6 ms)
CodeQL Analysis	Perform CodeQL Analysis	2025-12-13T19:19:02.0368696Z [2025-12-13 19:19:02] [build-stdout] Extracting /home/runner/work/Baci/Baci/scripts/test-2-5-flash.ts
CodeQL Analysis	Perform CodeQL Analysis	2025-12-13T19:19:02.0463619Z [2025-12-13 19:19:02] [build-stdout] Done extracting /home/runner/work/Baci/Baci/scripts/test-2-5-flash.ts (9 ms)
CodeQL Analysis	Perform CodeQL Analysis	2025-12-13T19:19:02.0465803Z [2025-12-13 19:19:02] [build-stdout] Extracting /home/runner/work/Baci/Baci/scripts/test-alternative-models.ts
CodeQL Analysis	Perform CodeQL Analysis	2025-12-13T19:19:02.0548592Z [2025-12-13 19:19:02] [build-stdout] Done extracting /home/runner/work/Baci/Baci/scripts/test-alternative-models.ts (8 ms)
CodeQL Analysis	Perform CodeQL Analysis	2025-12-13T19:19:02.0550692Z [2025-12-13 19:19:02] [build-stdout] Extracting /home/runner/work/Baci/Baci/scripts/test-claims-fetch.ts
CodeQL Analysis	Perform CodeQL Analysis	2025-12-13T19:19:02.0601557Z [2025-12-13 19:19:02] [build-stdout] Done extracting /home/runner/work/Baci/Baci/scripts/test-claims-fetch.ts (5 ms)
CodeQL Analysis	Perform CodeQL Analysis	2025-12-13T19:19:02.0619507Z [2025-12-13 19:19:02] [build-stdout] Extracting /home/runner/work/Baci/Baci/scripts/test-gemini-3.ts
CodeQL Analysis	Perform CodeQL Analysis	2025-12-13T19:19:02.0739861Z [2025-12-13 19:19:02] [build-stdout] Done extracting /home/runner/work/Baci/Baci/scripts/test-gemini-3.ts (13 ms)
CodeQL Analysis	Perform CodeQL Analysis	2025-12-13T19:19:02.0740804Z [2025-12-13 19:19:02] [build-stdout] Extracting /home/runner/work/Baci/Baci/scripts/test-gemini-quota.ts
CodeQL Analysis	Perform CodeQL Analysis	2025-12-13T19:19:02.0838598Z [2025-12-13 19:19:02] [build-stdout] Done extracting /home/runner/work/Baci/Baci/scripts/test-gemini-quota.ts (9 ms)
CodeQL Analysis	Perform CodeQL Analysis	2025-12-13T19:19:02.0842160Z [2025-12-13 19:19:02] [build-stdout] Extracting /home/runner/work/Baci/Baci/scripts/test-gemini-versions.ts
CodeQL Analysis	Perform CodeQL Analysis	2025-12-13T19:19:02.0931107Z [2025-12-13 19:19:02] [build-stdout] Done extracting /home/runner/work/Baci/Baci/scripts/test-gemini-versions.ts (9 ms)
CodeQL Analysis	Perform CodeQL Analysis	2025-12-13T19:19:02.0933638Z [2025-12-13 19:19:02] [build-stdout] Extracting /home/runner/work/Baci/Baci/scripts/test-go54-connection.ts
CodeQL Analysis	Perform CodeQL Analysis	2025-12-13T19:19:02.1016678Z [2025-12-13 19:19:02] [build-stdout] Done extracting /home/runner/work/Baci/Baci/scripts/test-go54-connection.ts (8 ms)
CodeQL Analysis	Perform CodeQL Analysis	2025-12-13T19:19:02.1019537Z [2025-12-13 19:19:02] [build-stdout] Extracting /home/runner/work/Baci/Baci/scripts/test-go54-simple.ts
CodeQL Analysis	Perform CodeQL Analysis	2025-12-13T19:19:02.1244898Z [2025-12-13 19:19:02] [build-stdout] Done extracting /home/runner/work/Baci/Baci/scripts/test-go54-simple.ts (22 ms)
CodeQL Analysis	Perform CodeQL Analysis	2025-12-13T19:19:02.1246241Z [2025-12-13 19:19:02] [build-stdout] Extracting /home/runner/work/Baci/Baci/scripts/test-go54.ts
CodeQL Analysis	Perform CodeQL Analysis	2025-12-13T19:19:02.1375639Z [2025-12-13 19:19:02] [build-stdout] Done extracting /home/runner/work/Baci/Baci/scripts/test-go54.ts (12 ms)
CodeQL Analysis	Perform CodeQL Analysis	2025-12-13T19:19:02.1376749Z [2025-12-13 19:19:02] [build-stdout] Extracting /home/runner/work/Baci/Baci/scripts/test-live-model.ts
CodeQL Analysis	Perform CodeQL Analysis	2025-12-13T19:19:02.1514647Z [2025-12-13 19:19:02] [build-stdout] Done extracting /home/runner/work/Baci/Baci/scripts/test-live-model.ts (12 ms)
CodeQL Analysis	Perform CodeQL Analysis	2025-12-13T19:19:02.1517331Z [2025-12-13 19:19:02] [build-stdout] Extracting /home/runner/work/Baci/Baci/scripts/test-logo-generation.ts
CodeQL Analysis	Perform CodeQL Analysis	2025-12-13T19:19:02.1652744Z [2025-12-13 19:19:02] [build-stdout] Done extracting /home/runner/work/Baci/Baci/scripts/test-logo-generation.ts (15 ms)
CodeQL Analysis	Perform CodeQL Analysis	2025-12-13T19:19:02.1657644Z [2025-12-13 19:19:02] [build-stdout] Extracting /home/runner/work/Baci/Baci/scripts/test-multi-logo.ts
CodeQL Analysis	Perform CodeQL Analysis	2025-12-13T19:19:02.1759448Z [2025-12-13 19:19:02] [build-stdout] Done extracting /home/runner/work/Baci/Baci/scripts/test-multi-logo.ts (10 ms)
CodeQL Analysis	Perform CodeQL Analysis	2025-12-13T19:19:02.1761706Z [2025-12-13 19:19:02] [build-stdout] Extracting /home/runner/work/Baci/Baci/scripts/test-mycover-gadget.ts
CodeQL Analysis	Perform CodeQL Analysis	2025-12-13T19:19:02.1953734Z [2025-12-13 19:19:02] [build-stdout] Done extracting /home/runner/work/Baci/Baci/scripts/test-mycover-gadget.ts (19 ms)
CodeQL Analysis	Perform CodeQL Analysis	2025-12-13T19:19:02.1955965Z [2025-12-13 19:19:02] [build-stdout] Extracting /home/runner/work/Baci/Baci/scripts/test-new-key.ts
CodeQL Analysis	Perform CodeQL Analysis	2025-12-13T19:19:02.2055067Z [2025-12-13 19:19:02] [build-stdout] Done extracting /home/runner/work/Baci/Baci/scripts/test-new-key.ts (10 ms)
CodeQL Analysis	Perform CodeQL Analysis	2025-12-13T19:19:02.2058471Z [2025-12-13 19:19:02] [build-stdout] Extracting /home/runner/work/Baci/Baci/scripts/test-zeptomail.ts
CodeQL Analysis	Perform CodeQL Analysis	2025-12-13T19:19:02.2129756Z [2025-12-13 19:19:02] [build-stdout] Done extracting /home/runner/work/Baci/Baci/scripts/test-zeptomail.ts (6 ms)
CodeQL Analysis	Perform CodeQL Analysis	2025-12-13T19:19:02.2132885Z [2025-12-13 19:19:02] [build-stdout] Extracting /home/runner/work/Baci/Baci/scripts/update-category-seo.ts
CodeQL Analysis	Perform CodeQL Analysis	2025-12-13T19:19:02.2531551Z [2025-12-13 19:19:02] [build-stdout] Done extracting /home/runner/work/Baci/Baci/scripts/update-category-seo.ts (39 ms)
CodeQL Analysis	Perform CodeQL Analysis	2025-12-13T19:19:02.2535674Z [2025-12-13 19:19:02] [build-stdout] Extracting /home/runner/work/Baci/Baci/scripts/update-descriptions.ts
CodeQL Analysis	Perform CodeQL Analysis	2025-12-13T19:19:02.2780828Z [2025-12-13 19:19:02] [build-stdout] Done extracting /home/runner/work/Baci/Baci/scripts/update-descriptions.ts (25 ms)
CodeQL Analysis	Perform CodeQL Analysis	2025-12-13T19:19:02.2785300Z [2025-12-13 19:19:02] [build-stdout] Extracting /home/runner/work/Baci/Baci/scripts/update-macbook-prices.ts
CodeQL Analysis	Perform CodeQL Analysis	2025-12-13T19:19:02.3211367Z [2025-12-13 19:19:02] [build-stdout] Done extracting /home/runner/work/Baci/Baci/scripts/update-macbook-prices.ts (42 ms)
CodeQL Analysis	Perform CodeQL Analysis	2025-12-13T19:19:02.3213332Z [2025-12-13 19:19:02] [build-stdout] Extracting /home/runner/work/Baci/Baci/scripts/update-supabase-urls.ts
CodeQL Analysis	Perform CodeQL Analysis	2025-12-13T19:19:02.3324960Z [2025-12-13 19:19:02] [build-stdout] Done extracting /home/runner/work/Baci/Baci/scripts/update-supabase-urls.ts (11 ms)
CodeQL Analysis	Perform CodeQL Analysis	2025-12-13T19:19:02.3326174Z [2025-12-13 19:19:02] [build-stdout] Extracting /home/runner/work/Baci/Baci/scripts/upload-logo.ts
CodeQL Analysis	Perform CodeQL Analysis	2025-12-13T19:19:02.3475868Z [2025-12-13 19:19:02] [build-stdout] Done extracting /home/runner/work/Baci/Baci/scripts/upload-logo.ts (14 ms)
CodeQL Analysis	Perform CodeQL Analysis	2025-12-13T19:19:02.3476931Z [2025-12-13 19:19:02] [build-stdout] Extracting /home/runner/work/Baci/Baci/scripts/validate-hp-matches.ts
CodeQL Analysis	Perform CodeQL Analysis	2025-12-13T19:19:02.3800754Z [2025-12-13 19:19:02] [build-stdout] Done extracting /home/runner/work/Baci/Baci/scripts/validate-hp-matches.ts (29 ms)
CodeQL Analysis	Perform CodeQL Analysis	2025-12-13T19:19:02.3850243Z [2025-12-13 19:19:02] [build-stdout] Extracting /home/runner/work/Baci/Baci/scripts/verify-import.ts
CodeQL Analysis	Perform CodeQL Analysis	2025-12-13T19:19:02.3909613Z [2025-12-13 19:19:02] [build-stdout] Done extracting /home/runner/work/Baci/Baci/scripts/verify-import.ts (13 ms)
CodeQL Analysis	Perform CodeQL Analysis	2025-12-13T19:19:02.3911948Z [2025-12-13 19:19:02] [build-stdout] Extracting /home/runner/work/Baci/Baci/src/env.ts
CodeQL Analysis	Perform CodeQL Analysis	2025-12-13T19:19:02.4197593Z [2025-12-13 19:19:02] [build-stdout] Done extracting /home/runner/work/Baci/Baci/src/env.ts (27 ms)
CodeQL Analysis	Perform CodeQL Analysis	2025-12-13T19:19:02.4198471Z [2025-12-13 19:19:02] [build-stdout] Extracting /home/runner/work/Baci/Baci/src/middleware.ts
CodeQL Analysis	Perform CodeQL Analysis	2025-12-13T19:19:02.4650521Z [2025-12-13 19:19:02] [build-stdout] Done extracting /home/runner/work/Baci/Baci/src/middleware.ts (43 ms)
CodeQL Analysis	Perform CodeQL Analysis	2025-12-13T19:19:02.4651748Z [2025-12-13 19:19:02] [build-stdout] Extracting /home/runner/work/Baci/Baci/types/colorthief.d.ts
CodeQL Analysis	Perform CodeQL Analysis	2025-12-13T19:19:02.4671455Z [2025-12-13 19:19:02] [build-stdout] Done extracting /home/runner/work/Baci/Baci/types/colorthief.d.ts (3 ms)
CodeQL Analysis	Perform CodeQL Analysis	2025-12-13T19:19:02.4672295Z [2025-12-13 19:19:02] [build-stdout] Extracting /home/runner/work/Baci/Baci/jest-dom.d.ts
CodeQL Analysis	Perform CodeQL Analysis	2025-12-13T19:19:02.4686964Z [2025-12-13 19:19:02] [build-stdout] Done extracting /home/runner/work/Baci/Baci/jest-dom.d.ts (0 ms)
CodeQL Analysis	Perform CodeQL Analysis	2025-12-13T19:19:02.4687834Z [2025-12-13 19:19:02] [build-stdout] Extracting /home/runner/work/Baci/Baci/next.config.ts
CodeQL Analysis	Perform CodeQL Analysis	2025-12-13T19:19:02.4829285Z [2025-12-13 19:19:02] [build-stdout] Done extracting /home/runner/work/Baci/Baci/next.config.ts (14 ms)
CodeQL Analysis	Perform CodeQL Analysis	2025-12-13T19:19:02.4833307Z [2025-12-13 19:19:02] [build-stdout] Extracting /home/runner/work/Baci/Baci/tailwind.config.ts
CodeQL Analysis	Perform CodeQL Analysis	2025-12-13T19:19:02.5100111Z [2025-12-13 19:19:02] [build-stdout] Done extracting /home/runner/work/Baci/Baci/tailwind.config.ts (26 ms)
CodeQL Analysis	Perform CodeQL Analysis	2025-12-13T19:19:02.5101291Z [2025-12-13 19:19:02] [build-stdout] Extracting /home/runner/work/Baci/Baci/vitest.config.ts
CodeQL Analysis	Perform CodeQL Analysis	2025-12-13T19:19:02.5138009Z [2025-12-13 19:19:02] [build-stdout] Done extracting /home/runner/work/Baci/Baci/vitest.config.ts (4 ms)
CodeQL Analysis	Perform CodeQL Analysis	2025-12-13T19:19:02.5145084Z [2025-12-13 19:19:02] [build-stdout] Extracting /home/runner/work/Baci/Baci/vitest.setup.ts
CodeQL Analysis	Perform CodeQL Analysis	2025-12-13T19:19:02.5153719Z [2025-12-13 19:19:02] [build-stdout] Done extracting /home/runner/work/Baci/Baci/vitest.setup.ts (1 ms)
CodeQL Analysis	Perform CodeQL Analysis	2025-12-13T19:19:02.5210182Z [2025-12-13 19:19:02] [build-stdout] Extracting /home/runner/work/Baci/Baci/.github/codeql/codeql-config.yml
CodeQL Analysis	Perform CodeQL Analysis	2025-12-13T19:19:02.5211437Z [2025-12-13 19:19:02] [build-stdout] Extracting /home/runner/work/Baci/Baci/.github/workflows/bundle-analysis.yml
CodeQL Analysis	Perform CodeQL Analysis	2025-12-13T19:19:02.5508644Z [2025-12-13 19:19:02] [build-stdout] Done extracting /home/runner/work/Baci/Baci/.github/codeql/codeql-config.yml (32 ms)
CodeQL Analysis	Perform CodeQL Analysis	2025-12-13T19:19:02.5511314Z [2025-12-13 19:19:02] [build-stdout] Extracting /home/runner/work/Baci/Baci/.github/workflows/ci.yml
CodeQL Analysis	Perform CodeQL Analysis	2025-12-13T19:19:02.5562709Z [2025-12-13 19:19:02] [build-stdout] Done extracting /home/runner/work/Baci/Baci/.github/workflows/bundle-analysis.yml (33 ms)
CodeQL Analysis	Perform CodeQL Analysis	2025-12-13T19:19:02.5563912Z [2025-12-13 19:19:02] [build-stdout] Extracting /home/runner/work/Baci/Baci/.github/workflows/codeql.yml
CodeQL Analysis	Perform CodeQL Analysis	2025-12-13T19:19:02.5677405Z [2025-12-13 19:19:02] [build-stdout] Done extracting /home/runner/work/Baci/Baci/.github/workflows/codeql.yml (12 ms)
CodeQL Analysis	Perform CodeQL Analysis	2025-12-13T19:19:02.5678706Z [2025-12-13 19:19:02] [build-stdout] Extracting /home/runner/work/Baci/Baci/.github/workflows/link-checker.yml
CodeQL Analysis	Perform CodeQL Analysis	2025-12-13T19:19:02.5685062Z [2025-12-13 19:19:02] [build-stdout] Done extracting /home/runner/work/Baci/Baci/.github/workflows/ci.yml (17 ms)
CodeQL Analysis	Perform CodeQL Analysis	2025-12-13T19:19:02.5686454Z [2025-12-13 19:19:02] [build-stdout] Extracting /home/runner/work/Baci/Baci/.github/workflows/security.yml
CodeQL Analysis	Perform CodeQL Analysis	2025-12-13T19:19:02.5800312Z [2025-12-13 19:19:02] [build-stdout] Done extracting /home/runner/work/Baci/Baci/.github/workflows/link-checker.yml (8 ms)
CodeQL Analysis	Perform CodeQL Analysis	2025-12-13T19:19:02.5801608Z [2025-12-13 19:19:02] [build-stdout] Extracting /home/runner/work/Baci/Baci/.github/workflows/semgrep.yml
CodeQL Analysis	Perform CodeQL Analysis	2025-12-13T19:19:02.5820242Z [2025-12-13 19:19:02] [build-stdout] Done extracting /home/runner/work/Baci/Baci/.github/workflows/security.yml (12 ms)
CodeQL Analysis	Perform CodeQL Analysis	2025-12-13T19:19:02.5834709Z [2025-12-13 19:19:02] [build-stdout] Extracting /home/runner/work/Baci/Baci/.github/dependabot.yml
CodeQL Analysis	Perform CodeQL Analysis	2025-12-13T19:19:02.5844761Z [2025-12-13 19:19:02] [build-stdout] Done extracting /home/runner/work/Baci/Baci/.github/dependabot.yml (1 ms)
CodeQL Analysis	Perform CodeQL Analysis	2025-12-13T19:19:02.5869858Z [2025-12-13 19:19:02] [build-stdout] Extracting /home/runner/work/Baci/Baci/public/color-worker.js
CodeQL Analysis	Perform CodeQL Analysis	2025-12-13T19:19:02.5871173Z [2025-12-13 19:19:02] [build-stdout] Done extracting /home/runner/work/Baci/Baci/.github/workflows/semgrep.yml (6 ms)
CodeQL Analysis	Perform CodeQL Analysis	2025-12-13T19:19:02.5872115Z [2025-12-13 19:19:02] [build-stdout] Extracting /home/runner/work/Baci/Baci/public/manifest.json
CodeQL Analysis	Perform CodeQL Analysis	2025-12-13T19:19:02.5950243Z [2025-12-13 19:19:02] [build-stdout] Done extracting /home/runner/work/Baci/Baci/public/manifest.json (7 ms)
CodeQL Analysis	Perform CodeQL Analysis	2025-12-13T19:19:02.5951401Z [2025-12-13 19:19:02] [build-stdout] Extracting /home/runner/work/Baci/Baci/scripts/apply-migration.js
CodeQL Analysis	Perform CodeQL Analysis	2025-12-13T19:19:02.6353265Z [2025-12-13 19:19:02] [build-stdout] Done extracting /home/runner/work/Baci/Baci/scripts/apply-migration.js (41 ms)
CodeQL Analysis	Perform CodeQL Analysis	2025-12-13T19:19:02.6356082Z [2025-12-13 19:19:02] [build-stdout] Extracting /home/runner/work/Baci/Baci/scripts/capture-template-screenshots.mjs
CodeQL Analysis	Perform CodeQL Analysis	2025-12-13T19:19:02.6580393Z [2025-12-13 19:19:02] [build-stdout] Done extracting /home/runner/work/Baci/Baci/public/color-worker.js (70 ms)
CodeQL Analysis	Perform CodeQL Analysis	2025-12-13T19:19:02.6581663Z [2025-12-13 19:19:02] [build-stdout] Extracting /home/runner/work/Baci/Baci/scripts/fetch-pr-comments.cjs
CodeQL Analysis	Perform CodeQL Analysis	2025-12-13T19:19:02.6902947Z [2025-12-13 19:19:02] [build-stdout] Done extracting /home/runner/work/Baci/Baci/scripts/capture-template-screenshots.mjs (53 ms)
CodeQL Analysis	Perform CodeQL Analysis	2025-12-13T19:19:02.6904022Z [2025-12-13 19:19:02] [build-stdout] Extracting /home/runner/work/Baci/Baci/scripts/fetch-security-alerts.cjs
CodeQL Analysis	Perform CodeQL Analysis	2025-12-13T19:19:02.7213643Z [2025-12-13 19:19:02] [build-stdout] Done extracting /home/runner/work/Baci/Baci/scripts/fetch-pr-comments.cjs (63 ms)
CodeQL Analysis	Perform CodeQL Analysis	2025-12-13T19:19:02.7214812Z [2025-12-13 19:19:02] [build-stdout] Extracting /home/runner/work/Baci/Baci/scripts/generate-critical-css.mjs
CodeQL Analysis	Perform CodeQL Analysis	2025-12-13T19:19:02.7216701Z [2025-12-13 19:19:02] [build-stdout] Done extracting /home/runner/work/Baci/Baci/scripts/fetch-security-alerts.cjs (32 ms)
CodeQL Analysis	Perform CodeQL Analysis	2025-12-13T19:19:02.7218126Z [2025-12-13 19:19:02] [build-stdout] Extracting /home/runner/work/Baci/Baci/scripts/post-pr-comment.cjs
CodeQL Analysis	Perform CodeQL Analysis	2025-12-13T19:19:02.7301760Z [2025-12-13 19:19:02] [build-stdout] Done extracting /home/runner/work/Baci/Baci/scripts/generate-critical-css.mjs (11 ms)
CodeQL Analysis	Perform CodeQL Analysis	2025-12-13T19:19:02.7303426Z [2025-12-13 19:19:02] [build-stdout] Extracting /home/runner/work/Baci/Baci/scripts/update-logo-script.js
CodeQL Analysis	Perform CodeQL Analysis	2025-12-13T19:19:02.7423634Z [2025-12-13 19:19:02] [build-stdout] Done extracting /home/runner/work/Baci/Baci/scripts/update-logo-script.js (8 ms)
CodeQL Analysis	Perform CodeQL Analysis	2025-12-13T19:19:02.7424680Z [2025-12-13 19:19:02] [build-stdout] Extracting /home/runner/work/Baci/Baci/apphosting.yaml
CodeQL Analysis	Perform CodeQL Analysis	2025-12-13T19:19:02.7425461Z [2025-12-13 19:19:02] [build-stdout] Done extracting /home/runner/work/Baci/Baci/apphosting.yaml (3 ms)
CodeQL Analysis	Perform CodeQL Analysis	2025-12-13T19:19:02.7426313Z [2025-12-13 19:19:02] [build-stdout] Extracting /home/runner/work/Baci/Baci/eslint.config.js
CodeQL Analysis	Perform CodeQL Analysis	2025-12-13T19:19:02.7553515Z [2025-12-13 19:19:02] [build-stdout] Done extracting /home/runner/work/Baci/Baci/scripts/post-pr-comment.cjs (31 ms)
CodeQL Analysis	Perform CodeQL Analysis	2025-12-13T19:19:02.7566320Z [2025-12-13 19:19:02] [build-stdout] Extracting /home/runner/work/Baci/Baci/jest.config.js
CodeQL Analysis	Perform CodeQL Analysis	2025-12-13T19:19:02.7603651Z [2025-12-13 19:19:02] [build-stdout] Done extracting /home/runner/work/Baci/Baci/jest.config.js (4 ms)
CodeQL Analysis	Perform CodeQL Analysis	2025-12-13T19:19:02.7604593Z [2025-12-13 19:19:02] [build-stdout] Extracting /home/runner/work/Baci/Baci/jest.setup.js
CodeQL Analysis	Perform CodeQL Analysis	2025-12-13T19:19:02.7605494Z [2025-12-13 19:19:02] [build-stdout] Done extracting /home/runner/work/Baci/Baci/jest.setup.js (0 ms)
CodeQL Analysis	Perform CodeQL Analysis	2025-12-13T19:19:02.7606470Z [2025-12-13 19:19:02] [build-stdout] Extracting /home/runner/work/Baci/Baci/lefthook.yml
CodeQL Analysis	Perform CodeQL Analysis	2025-12-13T19:19:02.7674006Z [2025-12-13 19:19:02] [build-stdout] Done extracting /home/runner/work/Baci/Baci/lefthook.yml (4 ms)
CodeQL Analysis	Perform CodeQL Analysis	2025-12-13T19:19:02.7675148Z [2025-12-13 19:19:02] [build-stdout] Extracting /home/runner/work/Baci/Baci/package.json
CodeQL Analysis	Perform CodeQL Analysis	2025-12-13T19:19:02.7721901Z [2025-12-13 19:19:02] [build-stdout] Done extracting /home/runner/work/Baci/Baci/eslint.config.js (27 ms)
CodeQL Analysis	Perform CodeQL Analysis	2025-12-13T19:19:02.7722931Z [2025-12-13 19:19:02] [build-stdout] Extracting /home/runner/work/Baci/Baci/postcss.config.mjs
CodeQL Analysis	Perform CodeQL Analysis	2025-12-13T19:19:02.7730825Z [2025-12-13 19:19:02] [build-stdout] Done extracting /home/runner/work/Baci/Baci/postcss.config.mjs (2 ms)
CodeQL Analysis	Perform CodeQL Analysis	2025-12-13T19:19:02.7731930Z [2025-12-13 19:19:02] [build-stdout] Extracting /home/runner/work/Baci/Baci/tsconfig.json
CodeQL Analysis	Perform CodeQL Analysis	2025-12-13T19:19:02.7786955Z [2025-12-13 19:19:02] [build-stdout] Done extracting /home/runner/work/Baci/Baci/tsconfig.json (3 ms)
CodeQL Analysis	Perform CodeQL Analysis	2025-12-13T19:19:02.7824630Z [2025-12-13 19:19:02] [build-stdout] Done extracting /home/runner/work/Baci/Baci/package.json (13 ms)
CodeQL Analysis	Perform CodeQL Analysis	2025-12-13T19:19:02.7825432Z [2025-12-13 19:19:02] [build-stderr] No externs trap cache found
CodeQL Analysis	Perform CodeQL Analysis	2025-12-13T19:19:02.7844782Z [2025-12-13 19:19:02] [build-stdout] Extracting /opt/hostedtoolcache/CodeQL/2.23.6/x64/codeql/javascript/tools/data/externs/nodejs/vm.js
CodeQL Analysis	Perform CodeQL Analysis	2025-12-13T19:19:02.7846275Z [2025-12-13 19:19:02] [build-stdout] Extracting /opt/hostedtoolcache/CodeQL/2.23.6/x64/codeql/javascript/tools/data/externs/nodejs/events.js
CodeQL Analysis	Perform CodeQL Analysis	2025-12-13T19:19:02.8087045Z [2025-12-13 19:19:02] [build-stdout] Done extracting /opt/hostedtoolcache/CodeQL/2.23.6/x64/codeql/javascript/tools/data/externs/nodejs/events.js (25 ms)
CodeQL Analysis	Perform CodeQL Analysis	2025-12-13T19:19:02.8124571Z [2025-12-13 19:19:02] [build-stdout] Extracting /opt/hostedtoolcache/CodeQL/2.23.6/x64/codeql/javascript/tools/data/externs/nodejs/v8.js
CodeQL Analysis	Perform CodeQL Analysis	2025-12-13T19:19:02.8126289Z [2025-12-13 19:19:02] [build-stdout] Done extracting /opt/hostedtoolcache/CodeQL/2.23.6/x64/codeql/javascript/tools/data/externs/nodejs/vm.js (29 ms)
CodeQL Analysis	Perform CodeQL Analysis	2025-12-13T19:19:02.8127952Z [2025-12-13 19:19:02] [build-stdout] Extracting /opt/hostedtoolcache/CodeQL/2.23.6/x64/codeql/javascript/tools/data/externs/nodejs/module.js
CodeQL Analysis	Perform CodeQL Analysis	2025-12-13T19:19:02.8276830Z [2025-12-13 19:19:02] [build-stdout] Done extracting /opt/hostedtoolcache/CodeQL/2.23.6/x64/codeql/javascript/tools/data/externs/nodejs/module.js (14 ms)
CodeQL Analysis	Perform CodeQL Analysis	2025-12-13T19:19:02.8278534Z [2025-12-13 19:19:02] [build-stdout] Extracting /opt/hostedtoolcache/CodeQL/2.23.6/x64/codeql/javascript/tools/data/externs/nodejs/process.js
CodeQL Analysis	Perform CodeQL Analysis	2025-12-13T19:19:02.8280161Z [2025-12-13 19:19:02] [build-stdout] Done extracting /opt/hostedtoolcache/CodeQL/2.23.6/x64/codeql/javascript/tools/data/externs/nodejs/v8.js (16 ms)
CodeQL Analysis	Perform CodeQL Analysis	2025-12-13T19:19:02.8281928Z [2025-12-13 19:19:02] [build-stdout] Extracting /opt/hostedtoolcache/CodeQL/2.23.6/x64/codeql/javascript/tools/data/externs/nodejs/globals.js
CodeQL Analysis	Perform CodeQL Analysis	2025-12-13T19:19:02.8294006Z [2025-12-13 19:19:02] [build-stdout] Done extracting /opt/hostedtoolcache/CodeQL/2.23.6/x64/codeql/javascript/tools/data/externs/nodejs/process.js (3 ms)
CodeQL Analysis	Perform CodeQL Analysis	2025-12-13T19:19:02.8295498Z [2025-12-13 19:19:02] [build-stdout] Extracting /opt/hostedtoolcache/CodeQL/2.23.6/x64/codeql/javascript/tools/data/externs/nodejs/dns.js
CodeQL Analysis	Perform CodeQL Analysis	2025-12-13T19:19:02.8790546Z [2025-12-13 19:19:02] [build-stdout] Done extracting /opt/hostedtoolcache/CodeQL/2.23.6/x64/codeql/javascript/tools/data/externs/nodejs/dns.js (48 ms)
CodeQL Analysis	Perform CodeQL Analysis	2025-12-13T19:19:02.8792314Z [2025-12-13 19:19:02] [build-stdout] Extracting /opt/hostedtoolcache/CodeQL/2.23.6/x64/codeql/javascript/tools/data/externs/nodejs/http.js
CodeQL Analysis	Perform CodeQL Analysis	2025-12-13T19:19:02.9783129Z [2025-12-13 19:19:02] [build-stdout] Done extracting /opt/hostedtoolcache/CodeQL/2.23.6/x64/codeql/javascript/tools/data/externs/nodejs/http.js (99 ms)
CodeQL Analysis	Perform CodeQL Analysis	2025-12-13T19:19:02.9784514Z [2025-12-13 19:19:02] [build-stdout] Extracting /opt/hostedtoolcache/CodeQL/2.23.6/x64/codeql/javascript/tools/data/externs/nodejs/https.js
CodeQL Analysis	Perform CodeQL Analysis	2025-12-13T19:19:03.0123794Z [2025-12-13 19:19:03] [build-stdout] Done extracting /opt/hostedtoolcache/CodeQL/2.23.6/x64/codeql/javascript/tools/data/externs/nodejs/https.js (33 ms)
CodeQL Analysis	Perform CodeQL Analysis	2025-12-13T19:19:03.0125290Z [2025-12-13 19:19:03] [build-stdout] Extracting /opt/hostedtoolcache/CodeQL/2.23.6/x64/codeql/javascript/tools/data/externs/nodejs/os.js
CodeQL Analysis	Perform CodeQL Analysis	2025-12-13T19:19:03.0540289Z [2025-12-13 19:19:03] [build-stdout] Done extracting /opt/hostedtoolcache/CodeQL/2.23.6/x64/codeql/javascript/tools/data/externs/nodejs/globals.js (221 ms)
CodeQL Analysis	Perform CodeQL Analysis	2025-12-13T19:19:03.0542117Z [2025-12-13 19:19:03] [build-stdout] Extracting /opt/hostedtoolcache/CodeQL/2.23.6/x64/codeql/javascript/tools/data/externs/nodejs/stream.js
CodeQL Analysis	Perform CodeQL Analysis	2025-12-13T19:19:03.0550803Z [2025-12-13 19:19:03] [build-stdout] Done extracting /opt/hostedtoolcache/CodeQL/2.23.6/x64/codeql/javascript/tools/data/externs/nodejs/os.js (43 ms)
CodeQL Analysis	Perform CodeQL Analysis	2025-12-13T19:19:03.0554533Z [2025-12-13 19:19:03] [build-stdout] Extracting /opt/hostedtoolcache/CodeQL/2.23.6/x64/codeql/javascript/tools/data/externs/nodejs/tty.js
CodeQL Analysis	Perform CodeQL Analysis	2025-12-13T19:19:03.0743566Z [2025-12-13 19:19:03] [build-stdout] Done extracting /opt/hostedtoolcache/CodeQL/2.23.6/x64/codeql/javascript/tools/data/externs/nodejs/tty.js (18 ms)
CodeQL Analysis	Perform CodeQL Analysis	2025-12-13T19:19:03.0763544Z [2025-12-13 19:19:03] [build-stdout] Extracting /opt/hostedtoolcache/CodeQL/2.23.6/x64/codeql/javascript/tools/data/externs/nodejs/dgram.js
CodeQL Analysis	Perform CodeQL Analysis	2025-12-13T19:19:03.1084123Z [2025-12-13 19:19:03] [build-stdout] Done extracting /opt/hostedtoolcache/CodeQL/2.23.6/x64/codeql/javascript/tools/data/externs/nodejs/dgram.js (33 ms)
CodeQL Analysis	Perform CodeQL Analysis	2025-12-13T19:19:03.1108425Z [2025-12-13 19:19:03] [build-stdout] Extracting /opt/hostedtoolcache/CodeQL/2.23.6/x64/codeql/javascript/tools/data/externs/nodejs/cluster.js
CodeQL Analysis	Perform CodeQL Analysis	2025-12-13T19:19:03.1923309Z [2025-12-13 19:19:03] [build-stdout] Done extracting /opt/hostedtoolcache/CodeQL/2.23.6/x64/codeql/javascript/tools/data/externs/nodejs/stream.js (143 ms)
CodeQL Analysis	Perform CodeQL Analysis	2025-12-13T19:19:03.1924856Z [2025-12-13 19:19:03] [build-stdout] Extracting /opt/hostedtoolcache/CodeQL/2.23.6/x64/codeql/javascript/tools/data/externs/nodejs/tls.js
CodeQL Analysis	Perform CodeQL Analysis	2025-12-13T19:19:03.2609574Z [2025-12-13 19:19:03] [build-stdout] Done extracting /opt/hostedtoolcache/CodeQL/2.23.6/x64/codeql/javascript/tools/data/externs/nodejs/tls.js (66 ms)
CodeQL Analysis	Perform CodeQL Analysis	2025-12-13T19:19:03.2611551Z [2025-12-13 19:19:03] [build-stdout] Extracting /opt/hostedtoolcache/CodeQL/2.23.6/x64/codeql/javascript/tools/data/externs/nodejs/punycode.js
CodeQL Analysis	Perform CodeQL Analysis	2025-12-13T19:19:03.2670940Z [2025-12-13 19:19:03] [build-stdout] Done extracting /opt/hostedtoolcache/CodeQL/2.23.6/x64/codeql/javascript/tools/data/externs/nodejs/punycode.js (7 ms)
CodeQL Analysis	Perform CodeQL Analysis	2025-12-13T19:19:03.2677631Z [2025-12-13 19:19:03] [build-stdout] Extracting /opt/hostedtoolcache/CodeQL/2.23.6/x64/codeql/javascript/tools/data/externs/nodejs/string_decoder.js
CodeQL Analysis	Perform CodeQL Analysis	2025-12-13T19:19:03.2738749Z [2025-12-13 19:19:03] [build-stdout] Done extracting /opt/hostedtoolcache/CodeQL/2.23.6/x64/codeql/javascript/tools/data/externs/nodejs/string_decoder.js (4 ms)
CodeQL Analysis	Perform CodeQL Analysis	2025-12-13T19:19:03.2745481Z [2025-12-13 19:19:03] [build-stdout] Extracting /opt/hostedtoolcache/CodeQL/2.23.6/x64/codeql/javascript/tools/data/externs/nodejs/child_process.js
CodeQL Analysis	Perform CodeQL Analysis	2025-12-13T19:19:03.2932356Z [2025-12-13 19:19:03] [build-stdout] Done extracting /opt/hostedtoolcache/CodeQL/2.23.6/x64/codeql/javascript/tools/data/externs/nodejs/cluster.js (178 ms)
CodeQL Analysis	Perform CodeQL Analysis	2025-12-13T19:19:03.2936559Z [2025-12-13 19:19:03] [build-stdout] Extracting /opt/hostedtoolcache/CodeQL/2.23.6/x64/codeql/javascript/tools/data/externs/nodejs/url.js
CodeQL Analysis	Perform CodeQL Analysis	2025-12-13T19:19:03.3031179Z [2025-12-13 19:19:03] [build-stdout] Done extracting /opt/hostedtoolcache/CodeQL/2.23.6/x64/codeql/javascript/tools/data/externs/nodejs/url.js (14 ms)
CodeQL Analysis	Perform CodeQL Analysis	2025-12-13T19:19:03.3035307Z [2025-12-13 19:19:03] [build-stdout] Extracting /opt/hostedtoolcache/CodeQL/2.23.6/x64/codeql/javascript/tools/data/externs/nodejs/util.js
CodeQL Analysis	Perform CodeQL Analysis	2025-12-13T19:19:03.3475422Z [2025-12-13 19:19:03] [build-stdout] Done extracting /opt/hostedtoolcache/CodeQL/2.23.6/x64/codeql/javascript/tools/data/externs/nodejs/child_process.js (72 ms)
CodeQL Analysis	Perform CodeQL Analysis	2025-12-13T19:19:03.3489693Z [2025-12-13 19:19:03] [build-stdout] Extracting /opt/hostedtoolcache/CodeQL/2.23.6/x64/codeql/javascript/tools/data/externs/nodejs/sys.js
CodeQL Analysis	Perform CodeQL Analysis	2025-12-13T19:19:03.3491480Z [2025-12-13 19:19:03] [build-stdout] Done extracting /opt/hostedtoolcache/CodeQL/2.23.6/x64/codeql/javascript/tools/data/externs/nodejs/util.js (44 ms)
CodeQL Analysis	Perform CodeQL Analysis	2025-12-13T19:19:03.3493077Z [2025-12-13 19:19:03] [build-stdout] Extracting /opt/hostedtoolcache/CodeQL/2.23.6/x64/codeql/javascript/tools/data/externs/nodejs/repl.js
CodeQL Analysis	Perform CodeQL Analysis	2025-12-13T19:19:03.3570729Z [2025-12-13 19:19:03] [build-stdout] Done extracting /opt/hostedtoolcache/CodeQL/2.23.6/x64/codeql/javascript/tools/data/externs/nodejs/sys.js (5 ms)
CodeQL Analysis	Perform CodeQL Analysis	2025-12-13T19:19:03.3573015Z [2025-12-13 19:19:03] [build-stdout] Extracting /opt/hostedtoolcache/CodeQL/2.23.6/x64/codeql/javascript/tools/data/externs/nodejs/readline.js
CodeQL Analysis	Perform CodeQL Analysis	2025-12-13T19:19:03.3693363Z [2025-12-13 19:19:03] [build-stdout] Done extracting /opt/hostedtoolcache/CodeQL/2.23.6/x64/codeql/javascript/tools/data/externs/nodejs/repl.js (20 ms)
CodeQL Analysis	Perform CodeQL Analysis	2025-12-13T19:19:03.3698962Z [2025-12-13 19:19:03] [build-stdout] Extracting /opt/hostedtoolcache/CodeQL/2.23.6/x64/codeql/javascript/tools/data/externs/nodejs/assert_legacy.js
CodeQL Analysis	Perform CodeQL Analysis	2025-12-13T19:19:03.3726394Z [2025-12-13 19:19:03] [build-stdout] Done extracting /opt/hostedtoolcache/CodeQL/2.23.6/x64/codeql/javascript/tools/data/externs/nodejs/assert_legacy.js (3 ms)
CodeQL Analysis	Perform CodeQL Analysis	2025-12-13T19:19:03.3730394Z [2025-12-13 19:19:03] [build-stdout] Extracting /opt/hostedtoolcache/CodeQL/2.23.6/x64/codeql/javascript/tools/data/externs/nodejs/constants.js
CodeQL Analysis	Perform CodeQL Analysis	2025-12-13T19:19:03.3810046Z [2025-12-13 19:19:03] [build-stdout] Done extracting /opt/hostedtoolcache/CodeQL/2.23.6/x64/codeql/javascript/tools/data/externs/nodejs/readline.js (25 ms)
CodeQL Analysis	Perform CodeQL Analysis	2025-12-13T19:19:03.3813148Z [2025-12-13 19:19:03] [build-stdout] Extracting /opt/hostedtoolcache/CodeQL/2.23.6/x64/codeql/javascript/tools/data/externs/nodejs/domain.js
CodeQL Analysis	Perform CodeQL Analysis	2025-12-13T19:19:03.3950147Z [2025-12-13 19:19:03] [build-stdout] Done extracting /opt/hostedtoolcache/CodeQL/2.23.6/x64/codeql/javascript/tools/data/externs/nodejs/domain.js (14 ms)
CodeQL Analysis	Perform CodeQL Analysis	2025-12-13T19:19:03.3952760Z [2025-12-13 19:19:03] [build-stdout] Extracting /opt/hostedtoolcache/CodeQL/2.23.6/x64/codeql/javascript/tools/data/externs/nodejs/net.js
CodeQL Analysis	Perform CodeQL Analysis	2025-12-13T19:19:03.4614560Z [2025-12-13 19:19:03] [build-stdout] Done extracting /opt/hostedtoolcache/CodeQL/2.23.6/x64/codeql/javascript/tools/data/externs/nodejs/net.js (61 ms)
CodeQL Analysis	Perform CodeQL Analysis	2025-12-13T19:19:03.4616550Z [2025-12-13 19:19:03] [build-stdout] Extracting /opt/hostedtoolcache/CodeQL/2.23.6/x64/codeql/javascript/tools/data/externs/nodejs/buffer.js
CodeQL Analysis	Perform CodeQL Analysis	2025-12-13T19:19:03.4704674Z [2025-12-13 19:19:03] [build-stdout] Done extracting /opt/hostedtoolcache/CodeQL/2.23.6/x64/codeql/javascript/tools/data/externs/nodejs/buffer.js (11 ms)
CodeQL Analysis	Perform CodeQL Analysis	2025-12-13T19:19:03.4706356Z [2025-12-13 19:19:03] [build-stdout] Extracting /opt/hostedtoolcache/CodeQL/2.23.6/x64/codeql/javascript/tools/data/externs/nodejs/zlib.js
CodeQL Analysis	Perform CodeQL Analysis	2025-12-13T19:19:03.5032102Z [2025-12-13 19:19:03] [build-stdout] Done extracting /opt/hostedtoolcache/CodeQL/2.23.6/x64/codeql/javascript/tools/data/externs/nodejs/zlib.js (34 ms)
CodeQL Analysis	Perform CodeQL Analysis	2025-12-13T19:19:03.5033813Z [2025-12-13 19:19:03] [build-stdout] Extracting /opt/hostedtoolcache/CodeQL/2.23.6/x64/codeql/javascript/tools/data/externs/nodejs/crypto.js
CodeQL Analysis	Perform CodeQL Analysis	2025-12-13T19:19:03.6013582Z [2025-12-13 19:19:03] [build-stdout] Done extracting /opt/hostedtoolcache/CodeQL/2.23.6/x64/codeql/javascript/tools/data/externs/nodejs/crypto.js (98 ms)
CodeQL Analysis	Perform CodeQL Analysis	2025-12-13T19:19:03.6015568Z [2025-12-13 19:19:03] [build-stdout] Extracting /opt/hostedtoolcache/CodeQL/2.23.6/x64/codeql/javascript/tools/data/externs/nodejs/timers.js
CodeQL Analysis	Perform CodeQL Analysis	2025-12-13T19:19:03.6207161Z [2025-12-13 19:19:03] [build-stdout] Done extracting /opt/hostedtoolcache/CodeQL/2.23.6/x64/codeql/javascript/tools/data/externs/nodejs/timers.js (19 ms)
CodeQL Analysis	Perform CodeQL Analysis	2025-12-13T19:19:03.6209531Z [2025-12-13 19:19:03] [build-stdout] Extracting /opt/hostedtoolcache/CodeQL/2.23.6/x64/codeql/javascript/tools/data/externs/nodejs/fs.js
CodeQL Analysis	Perform CodeQL Analysis	2025-12-13T19:19:03.6213106Z [2025-12-13 19:19:03] [build-stdout] Done extracting /opt/hostedtoolcache/CodeQL/2.23.6/x64/codeql/javascript/tools/data/externs/nodejs/constants.js (248 ms)
CodeQL Analysis	Perform CodeQL Analysis	2025-12-13T19:19:03.6216036Z [2025-12-13 19:19:03] [build-stdout] Extracting /opt/hostedtoolcache/CodeQL/2.23.6/x64/codeql/javascript/tools/data/externs/nodejs/path.js
CodeQL Analysis	Perform CodeQL Analysis	2025-12-13T19:19:03.6685676Z [2025-12-13 19:19:03] [build-stdout] Done extracting /opt/hostedtoolcache/CodeQL/2.23.6/x64/codeql/javascript/tools/data/externs/nodejs/path.js (46 ms)
CodeQL Analysis	Perform CodeQL Analysis	2025-12-13T19:19:03.6701352Z [2025-12-13 19:19:03] [build-stdout] Extracting /opt/hostedtoolcache/CodeQL/2.23.6/x64/codeql/javascript/tools/data/externs/nodejs/console.js
CodeQL Analysis	Perform CodeQL Analysis	2025-12-13T19:19:03.6763088Z [2025-12-13 19:19:03] [build-stdout] Done extracting /opt/hostedtoolcache/CodeQL/2.23.6/x64/codeql/javascript/tools/data/externs/nodejs/console.js (5 ms)
CodeQL Analysis	Perform CodeQL Analysis	2025-12-13T19:19:03.6765033Z [2025-12-13 19:19:03] [build-stdout] Extracting /opt/hostedtoolcache/CodeQL/2.23.6/x64/codeql/javascript/tools/data/externs/nodejs/querystring.js
CodeQL Analysis	Perform CodeQL Analysis	2025-12-13T19:19:03.6919276Z [2025-12-13 19:19:03] [build-stdout] Done extracting /opt/hostedtoolcache/CodeQL/2.23.6/x64/codeql/javascript/tools/data/externs/nodejs/querystring.js (17 ms)
CodeQL Analysis	Perform CodeQL Analysis	2025-12-13T19:19:03.6921192Z [2025-12-13 19:19:03] [build-stdout] Extracting /opt/hostedtoolcache/CodeQL/2.23.6/x64/codeql/javascript/tools/data/externs/nodejs/assert.js
CodeQL Analysis	Perform CodeQL Analysis	2025-12-13T19:19:03.7070641Z [2025-12-13 19:19:03] [build-stdout] Done extracting /opt/hostedtoolcache/CodeQL/2.23.6/x64/codeql/javascript/tools/data/externs/nodejs/assert.js (15 ms)
CodeQL Analysis	Perform CodeQL Analysis	2025-12-13T19:19:03.7075133Z [2025-12-13 19:19:03] [build-stdout] Extracting /opt/hostedtoolcache/CodeQL/2.23.6/x64/codeql/javascript/tools/data/externs/web/w3c_rtc.js
CodeQL Analysis	Perform CodeQL Analysis	2025-12-13T19:19:03.8228585Z [2025-12-13 19:19:03] [build-stdout] Done extracting /opt/hostedtoolcache/CodeQL/2.23.6/x64/codeql/javascript/tools/data/externs/nodejs/fs.js (200 ms)
CodeQL Analysis	Perform CodeQL Analysis	2025-12-13T19:19:03.8230824Z [2025-12-13 19:19:03] [build-stdout] Extracting /opt/hostedtoolcache/CodeQL/2.23.6/x64/codeql/javascript/tools/data/externs/web/html5.js
CodeQL Analysis	Perform CodeQL Analysis	2025-12-13T19:19:03.9109853Z [2025-12-13 19:19:03] [build-stdout] Done extracting /opt/hostedtoolcache/CodeQL/2.23.6/x64/codeql/javascript/tools/data/externs/web/w3c_rtc.js (203 ms)
CodeQL Analysis	Perform CodeQL Analysis	2025-12-13T19:19:03.9111926Z [2025-12-13 19:19:03] [build-stdout] Extracting /opt/hostedtoolcache/CodeQL/2.23.6/x64/codeql/javascript/tools/data/externs/web/gecko_ext.js
CodeQL Analysis	Perform CodeQL Analysis	2025-12-13T19:19:03.9148387Z [2025-12-13 19:19:03] [build-stdout] Done extracting /opt/hostedtoolcache/CodeQL/2.23.6/x64/codeql/javascript/tools/data/externs/web/gecko_ext.js (3 ms)
CodeQL Analysis	Perform CodeQL Analysis	2025-12-13T19:19:03.9192221Z [2025-12-13 19:19:03] [build-stdout] Extracting /opt/hostedtoolcache/CodeQL/2.23.6/x64/codeql/javascript/tools/data/externs/web/w3c_serviceworker.js
CodeQL Analysis	Perform CodeQL Analysis	2025-12-13T19:19:03.9601220Z [2025-12-13 19:19:03] [build-stdout] Done extracting /opt/hostedtoolcache/CodeQL/2.23.6/x64/codeql/javascript/tools/data/externs/web/w3c_serviceworker.js (41 ms)
CodeQL Analysis	Perform CodeQL Analysis	2025-12-13T19:19:03.9603437Z [2025-12-13 19:19:03] [build-stdout] Extracting /opt/hostedtoolcache/CodeQL/2.23.6/x64/codeql/javascript/tools/data/externs/web/w3c_elementtraversal.js
CodeQL Analysis	Perform CodeQL Analysis	2025-12-13T19:19:03.9651081Z [2025-12-13 19:19:03] [build-stdout] Done extracting /opt/hostedtoolcache/CodeQL/2.23.6/x64/codeql/javascript/tools/data/externs/web/w3c_elementtraversal.js (5 ms)
CodeQL Analysis	Perform CodeQL Analysis	2025-12-13T19:19:03.9653054Z [2025-12-13 19:19:03] [build-stdout] Extracting /opt/hostedtoolcache/CodeQL/2.23.6/x64/codeql/javascript/tools/data/externs/web/w3c_encoding.js
CodeQL Analysis	Perform CodeQL Analysis	2025-12-13T19:19:03.9673290Z [2025-12-13 19:19:03] [build-stdout] Done extracting /opt/hostedtoolcache/CodeQL/2.23.6/x64/codeql/javascript/tools/data/externs/web/w3c_encoding.js (3 ms)
CodeQL Analysis	Perform CodeQL Analysis	2025-12-13T19:19:03.9674874Z [2025-12-13 19:19:03] [build-stdout] Extracting /opt/hostedtoolcache/CodeQL/2.23.6/x64/codeql/javascript/tools/data/externs/web/page_visibility.js
CodeQL Analysis	Perform CodeQL Analysis	2025-12-13T19:19:03.9676747Z [2025-12-13 19:19:03] [build-stdout] Done extracting /opt/hostedtoolcache/CodeQL/2.23.6/x64/codeql/javascript/tools/data/externs/web/page_visibility.js (1 ms)
CodeQL Analysis	Perform CodeQL Analysis	2025-12-13T19:19:03.9678388Z [2025-12-13 19:19:03] [build-stdout] Extracting /opt/hostedtoolcache/CodeQL/2.23.6/x64/codeql/javascript/tools/data/externs/web/gecko_dom.js
CodeQL Analysis	Perform CodeQL Analysis	2025-12-13T19:19:04.0355189Z [2025-12-13 19:19:04] [build-stdout] Done extracting /opt/hostedtoolcache/CodeQL/2.23.6/x64/codeql/javascript/tools/data/externs/web/gecko_dom.js (68 ms)
CodeQL Analysis	Perform CodeQL Analysis	2025-12-13T19:19:04.0356723Z [2025-12-13 19:19:04] [build-stdout] Extracting /opt/hostedtoolcache/CodeQL/2.23.6/x64/codeql/javascript/tools/data/externs/web/w3c_permissions.js
CodeQL Analysis	Perform CodeQL Analysis	2025-12-13T19:19:04.0444122Z [2025-12-13 19:19:04] [build-stdout] Done extracting /opt/hostedtoolcache/CodeQL/2.23.6/x64/codeql/javascript/tools/data/externs/web/w3c_permissions.js (6 ms)
CodeQL Analysis	Perform CodeQL Analysis	2025-12-13T19:19:04.0446367Z [2025-12-13 19:19:04] [build-stdout] Extracting /opt/hostedtoolcache/CodeQL/2.23.6/x64/codeql/javascript/tools/data/externs/web/w3c_event3.js
CodeQL Analysis	Perform CodeQL Analysis	2025-12-13T19:19:04.0491659Z [2025-12-13 19:19:04] [build-stdout] Done extracting /opt/hostedtoolcache/CodeQL/2.23.6/x64/codeql/javascript/tools/data/externs/web/w3c_event3.js (4 ms)
CodeQL Analysis	Perform CodeQL Analysis	2025-12-13T19:19:04.0493843Z [2025-12-13 19:19:04] [build-stdout] Extracting /opt/hostedtoolcache/CodeQL/2.23.6/x64/codeql/javascript/tools/data/externs/web/w3c_dom4.js
CodeQL Analysis	Perform CodeQL Analysis	2025-12-13T19:19:04.0495704Z [2025-12-13 19:19:04] [build-stdout] Done extracting /opt/hostedtoolcache/CodeQL/2.23.6/x64/codeql/javascript/tools/data/externs/web/w3c_dom4.js (2 ms)
CodeQL Analysis	Perform CodeQL Analysis	2025-12-13T19:19:04.0497648Z [2025-12-13 19:19:04] [build-stdout] Extracting /opt/hostedtoolcache/CodeQL/2.23.6/x64/codeql/javascript/tools/data/externs/web/gecko_css.js
CodeQL Analysis	Perform CodeQL Analysis	2025-12-13T19:19:04.0652442Z [2025-12-13 19:19:04] [build-stdout] Done extracting /opt/hostedtoolcache/CodeQL/2.23.6/x64/codeql/javascript/tools/data/externs/web/gecko_css.js (15 ms)
CodeQL Analysis	Perform CodeQL Analysis	2025-12-13T19:19:04.0654317Z [2025-12-13 19:19:04] [build-stdout] Extracting /opt/hostedtoolcache/CodeQL/2.23.6/x64/codeql/javascript/tools/data/externs/web/whatwg_encoding.js
CodeQL Analysis	Perform CodeQL Analysis	2025-12-13T19:19:04.0700633Z [2025-12-13 19:19:04] [build-stdout] Done extracting /opt/hostedtoolcache/CodeQL/2.23.6/x64/codeql/javascript/tools/data/externs/web/whatwg_encoding.js (4 ms)
CodeQL Analysis	Perform CodeQL Analysis	2025-12-13T19:19:04.0702590Z [2025-12-13 19:19:04] [build-stdout] Extracting /opt/hostedtoolcache/CodeQL/2.23.6/x64/codeql/javascript/tools/data/externs/web/webgl.js
CodeQL Analysis	Perform CodeQL Analysis	2025-12-13T19:19:04.2029586Z [2025-12-13 19:19:04] [build-stdout] Done extracting /opt/hostedtoolcache/CodeQL/2.23.6/x64/codeql/javascript/tools/data/externs/web/html5.js (381 ms)
CodeQL Analysis	Perform CodeQL Analysis	2025-12-13T19:19:04.2031428Z [2025-12-13 19:19:04] [build-stdout] Extracting /opt/hostedtoolcache/CodeQL/2.23.6/x64/codeql/javascript/tools/data/externs/web/w3c_midi.js
CodeQL Analysis	Perform CodeQL Analysis	2025-12-13T19:19:04.2372224Z [2025-12-13 19:19:04] [build-stdout] Done extracting /opt/hostedtoolcache/CodeQL/2.23.6/x64/codeql/javascript/tools/data/externs/web/w3c_midi.js (29 ms)
CodeQL Analysis	Perform CodeQL Analysis	2025-12-13T19:19:04.2376256Z [2025-12-13 19:19:04] [build-stdout] Extracting /opt/hostedtoolcache/CodeQL/2.23.6/x64/codeql/javascript/tools/data/externs/web/w3c_xml.js
CodeQL Analysis	Perform CodeQL Analysis	2025-12-13T19:19:04.2778844Z [2025-12-13 19:19:04] [build-stdout] Done extracting /opt/hostedtoolcache/CodeQL/2.23.6/x64/codeql/javascript/tools/data/externs/web/w3c_xml.js (44 ms)
CodeQL Analysis	Perform CodeQL Analysis	2025-12-13T19:19:04.2783096Z [2025-12-13 19:19:04] [build-stdout] Extracting /opt/hostedtoolcache/CodeQL/2.23.6/x64/codeql/javascript/tools/data/externs/web/iphone.js
CodeQL Analysis	Perform CodeQL Analysis	2025-12-13T19:19:04.2821010Z [2025-12-13 19:19:04] [build-stdout] Done extracting /opt/hostedtoolcache/CodeQL/2.23.6/x64/codeql/javascript/tools/data/externs/web/webgl.js (213 ms)
CodeQL Analysis	Perform CodeQL Analysis	2025-12-13T19:19:04.2822835Z [2025-12-13 19:19:04] [build-stdout] Extracting /opt/hostedtoolcache/CodeQL/2.23.6/x64/codeql/javascript/tools/data/externs/web/webstorage.js
CodeQL Analysis	Perform CodeQL Analysis	2025-12-13T19:19:04.2905666Z [2025-12-13 19:19:04] [build-stdout] Done extracting /opt/hostedtoolcache/CodeQL/2.23.6/x64/codeql/javascript/tools/data/externs/web/webstorage.js (6 ms)
CodeQL Analysis	Perform CodeQL Analysis	2025-12-13T19:19:04.2909864Z [2025-12-13 19:19:04] [build-stdout] Extracting /opt/hostedtoolcache/CodeQL/2.23.6/x64/codeql/javascript/tools/data/externs/web/w3c_anim_timing.js
CodeQL Analysis	Perform CodeQL Analysis	2025-12-13T19:19:04.2990119Z [2025-12-13 19:19:04] [build-stdout] Done extracting /opt/hostedtoolcache/CodeQL/2.23.6/x64/codeql/javascript/tools/data/externs/web/iphone.js (21 ms)
CodeQL Analysis	Perform CodeQL Analysis	2025-12-13T19:19:04.2993992Z [2025-12-13 19:19:04] [build-stdout] Extracting /opt/hostedtoolcache/CodeQL/2.23.6/x64/codeql/javascript/tools/data/externs/web/w3c_device_sensor_event.js
CodeQL Analysis	Perform CodeQL Analysis	2025-12-13T19:19:04.3040920Z [2025-12-13 19:19:04] [build-stdout] Done extracting /opt/hostedtoolcache/CodeQL/2.23.6/x64/codeql/javascript/tools/data/externs/web/w3c_device_sensor_event.js (6 ms)
CodeQL Analysis	Perform CodeQL Analysis	2025-12-13T19:19:04.3047471Z [2025-12-13 19:19:04] [build-stdout] Done extracting /opt/hostedtoolcache/CodeQL/2.23.6/x64/codeql/javascript/tools/data/externs/web/w3c_anim_timing.js (15 ms)
CodeQL Analysis	Perform CodeQL Analysis	2025-12-13T19:19:04.3050252Z [2025-12-13 19:19:04] [build-stdout] Extracting /opt/hostedtoolcache/CodeQL/2.23.6/x64/codeql/javascript/tools/data/externs/web/w3c_indexeddb.js
CodeQL Analysis	Perform CodeQL Analysis	2025-12-13T19:19:04.3073628Z [2025-12-13 19:19:04] [build-stdout] Extracting /opt/hostedtoolcache/CodeQL/2.23.6/x64/codeql/javascript/tools/data/externs/web/w3c_event.js
CodeQL Analysis	Perform CodeQL Analysis	2025-12-13T19:19:04.3463671Z [2025-12-13 19:19:04] [build-stdout] Done extracting /opt/hostedtoolcache/CodeQL/2.23.6/x64/codeql/javascript/tools/data/externs/web/w3c_event.js (40 ms)
CodeQL Analysis	Perform CodeQL Analysis	2025-12-13T19:19:04.3513236Z [2025-12-13 19:19:04] [build-stdout] Extracting /opt/hostedtoolcache/CodeQL/2.23.6/x64/codeql/javascript/tools/data/externs/web/webkit_event.js
CodeQL Analysis	Perform CodeQL Analysis	2025-12-13T19:19:04.3526695Z [2025-12-13 19:19:04] [build-stdout] Done extracting /opt/hostedtoolcache/CodeQL/2.23.6/x64/codeql/javascript/tools/data/externs/web/webkit_event.js (3 ms)
CodeQL Analysis	Perform CodeQL Analysis	2025-12-13T19:19:04.3561155Z [2025-12-13 19:19:04] [build-stdout] Extracting /opt/hostedtoolcache/CodeQL/2.23.6/x64/codeql/javascript/tools/data/externs/web/gecko_event.js
CodeQL Analysis	Perform CodeQL Analysis	2025-12-13T19:19:04.3682077Z [2025-12-13 19:19:04] [build-stdout] Done extracting /opt/hostedtoolcache/CodeQL/2.23.6/x64/codeql/javascript/tools/data/externs/web/gecko_event.js (12 ms)
CodeQL Analysis	Perform CodeQL Analysis	2025-12-13T19:19:04.3720439Z [2025-12-13 19:19:04] [build-stdout] Extracting /opt/hostedtoolcache/CodeQL/2.23.6/x64/codeql/javascript/tools/data/externs/web/w3c_css3d.js
CodeQL Analysis	Perform CodeQL Analysis	2025-12-13T19:19:04.3944264Z [2025-12-13 19:19:04] [build-stdout] Done extracting /opt/hostedtoolcache/CodeQL/2.23.6/x64/codeql/javascript/tools/data/externs/web/w3c_css3d.js (20 ms)
CodeQL Analysis	Perform CodeQL Analysis	2025-12-13T19:19:04.3948251Z [2025-12-13 19:19:04] [build-stdout] Extracting /opt/hostedtoolcache/CodeQL/2.23.6/x64/codeql/javascript/tools/data/externs/web/streamsapi.js
CodeQL Analysis	Perform CodeQL Analysis	2025-12-13T19:19:04.4045601Z [2025-12-13 19:19:04] [build-stdout] Done extracting /opt/hostedtoolcache/CodeQL/2.23.6/x64/codeql/javascript/tools/data/externs/web/w3c_indexeddb.js (99 ms)
CodeQL Analysis	Perform CodeQL Analysis	2025-12-13T19:19:04.4120227Z [2025-12-13 19:19:04] [build-stdout] Extracting /opt/hostedtoolcache/CodeQL/2.23.6/x64/codeql/javascript/tools/data/externs/web/webkit_dom.js
CodeQL Analysis	Perform CodeQL Analysis	2025-12-13T19:19:04.4458073Z [2025-12-13 19:19:04] [build-stdout] Done extracting /opt/hostedtoolcache/CodeQL/2.23.6/x64/codeql/javascript/tools/data/externs/web/webkit_dom.js (38 ms)
CodeQL Analysis	Perform CodeQL Analysis	2025-12-13T19:19:04.4489601Z [2025-12-13 19:19:04] [build-stdout] Extracting /opt/hostedtoolcache/CodeQL/2.23.6/x64/codeql/javascript/tools/data/externs/web/url.js
CodeQL Analysis	Perform CodeQL Analysis	2025-12-13T19:19:04.4495600Z [2025-12-13 19:19:04] [build-stdout] Done extracting /opt/hostedtoolcache/CodeQL/2.23.6/x64/codeql/javascript/tools/data/externs/web/streamsapi.js (55 ms)
CodeQL Analysis	Perform CodeQL Analysis	2025-12-13T19:19:04.4501160Z [2025-12-13 19:19:04] [build-stdout] Extracting /opt/hostedtoolcache/CodeQL/2.23.6/x64/codeql/javascript/tools/data/externs/web/mediasource.js
CodeQL Analysis	Perform CodeQL Analysis	2025-12-13T19:19:04.4643772Z [2025-12-13 19:19:04] [build-stdout] Done extracting /opt/hostedtoolcache/CodeQL/2.23.6/x64/codeql/javascript/tools/data/externs/web/url.js (15 ms)
CodeQL Analysis	Perform CodeQL Analysis	2025-12-13T19:19:04.4655692Z [2025-12-13 19:19:04] [build-stdout] Extracting /opt/hostedtoolcache/CodeQL/2.23.6/x64/codeql/javascript/tools/data/externs/web/webkit_usercontent.js
CodeQL Analysis	Perform CodeQL Analysis	2025-12-13T19:19:04.4683493Z [2025-12-13 19:19:04] [build-stdout] Done extracting /opt/hostedtoolcache/CodeQL/2.23.6/x64/codeql/javascript/tools/data/externs/web/webkit_usercontent.js (3 ms)
CodeQL Analysis	Perform CodeQL Analysis	2025-12-13T19:19:04.4692192Z [2025-12-13 19:19:04] [build-stdout] Extracting /opt/hostedtoolcache/CodeQL/2.23.6/x64/codeql/javascript/tools/data/externs/web/webkit_css.js
CodeQL Analysis	Perform CodeQL Analysis	2025-12-13T19:19:04.4746590Z [2025-12-13 19:19:04] [build-stdout] Done extracting /opt/hostedtoolcache/CodeQL/2.23.6/x64/codeql/javascript/tools/data/externs/web/mediasource.js (23 ms)
CodeQL Analysis	Perform CodeQL Analysis	2025-12-13T19:19:04.4765822Z [2025-12-13 19:19:04] [build-stdout] Extracting /opt/hostedtoolcache/CodeQL/2.23.6/x64/codeql/javascript/tools/data/externs/web/w3c_screen_orientation.js
CodeQL Analysis	Perform CodeQL Analysis	2025-12-13T19:19:04.4813441Z [2025-12-13 19:19:04] [build-stdout] Done extracting /opt/hostedtoolcache/CodeQL/2.23.6/x64/codeql/javascript/tools/data/externs/web/w3c_screen_orientation.js (5 ms)
CodeQL Analysis	Perform CodeQL Analysis	2025-12-13T19:19:04.4815388Z [2025-12-13 19:19:04] [build-stdout] Extracting /opt/hostedtoolcache/CodeQL/2.23.6/x64/codeql/javascript/tools/data/externs/web/w3c_requestidlecallback.js
CodeQL Analysis	Perform CodeQL Analysis	2025-12-13T19:19:04.4882778Z [2025-12-13 19:19:04] [build-stdout] Done extracting /opt/hostedtoolcache/CodeQL/2.23.6/x64/codeql/javascript/tools/data/externs/web/w3c_requestidlecallback.js (7 ms)
CodeQL Analysis	Perform CodeQL Analysis	2025-12-13T19:19:04.4884709Z [2025-12-13 19:19:04] [build-stdout] Extracting /opt/hostedtoolcache/CodeQL/2.23.6/x64/codeql/javascript/tools/data/externs/web/ie_css.js
CodeQL Analysis	Perform CodeQL Analysis	2025-12-13T19:19:04.5173422Z [2025-12-13 19:19:04] [build-stdout] Done extracting /opt/hostedtoolcache/CodeQL/2.23.6/x64/codeql/javascript/tools/data/externs/web/ie_css.js (28 ms)
CodeQL Analysis	Perform CodeQL Analysis	2025-12-13T19:19:04.5175380Z [2025-12-13 19:19:04] [build-stdout] Extracting /opt/hostedtoolcache/CodeQL/2.23.6/x64/codeql/javascript/tools/data/externs/web/w3c_dom2.js
CodeQL Analysis	Perform CodeQL Analysis	2025-12-13T19:19:04.5530830Z [2025-12-13 19:19:04] [build-stdout] Done extracting /opt/hostedtoolcache/CodeQL/2.23.6/x64/codeql/javascript/tools/data/externs/web/webkit_css.js (83 ms)
CodeQL Analysis	Perform CodeQL Analysis	2025-12-13T19:19:04.5537577Z [2025-12-13 19:19:04] [build-stdout] Extracting /opt/hostedtoolcache/CodeQL/2.23.6/x64/codeql/javascript/tools/data/externs/web/w3c_selectors.js
CodeQL Analysis	Perform CodeQL Analysis	2025-12-13T19:19:04.5700534Z [2025-12-13 19:19:04] [build-stdout] Done extracting /opt/hostedtoolcache/CodeQL/2.23.6/x64/codeql/javascript/tools/data/externs/web/w3c_selectors.js (12 ms)
CodeQL Analysis	Perform CodeQL Analysis	2025-12-13T19:19:04.5704691Z [2025-12-13 19:19:04] [build-stdout] Extracting /opt/hostedtoolcache/CodeQL/2.23.6/x64/codeql/javascript/tools/data/externs/web/w3c_gamepad.js
CodeQL Analysis	Perform CodeQL Analysis	2025-12-13T19:19:04.5774029Z [2025-12-13 19:19:04] [build-stdout] Done extracting /opt/hostedtoolcache/CodeQL/2.23.6/x64/codeql/javascript/tools/data/externs/web/w3c_gamepad.js (8 ms)
CodeQL Analysis	Perform CodeQL Analysis	2025-12-13T19:19:04.5830880Z [2025-12-13 19:19:04] [build-stdout] Extracting /opt/hostedtoolcache/CodeQL/2.23.6/x64/codeql/javascript/tools/data/externs/web/window.js
CodeQL Analysis	Perform CodeQL Analysis	2025-12-13T19:19:04.5964251Z [2025-12-13 19:19:04] [build-stdout] Done extracting /opt/hostedtoolcache/CodeQL/2.23.6/x64/codeql/javascript/tools/data/externs/web/window.js (13 ms)
CodeQL Analysis	Perform CodeQL Analysis	2025-12-13T19:19:04.5988335Z [2025-12-13 19:19:04] [build-stdout] Extracting /opt/hostedtoolcache/CodeQL/2.23.6/x64/codeql/javascript/tools/data/externs/web/gecko_xml.js
CodeQL Analysis	Perform CodeQL Analysis	2025-12-13T19:19:04.6030976Z [2025-12-13 19:19:04] [build-stdout] Done extracting /opt/hostedtoolcache/CodeQL/2.23.6/x64/codeql/javascript/tools/data/externs/web/gecko_xml.js (5 ms)
CodeQL Analysis	Perform CodeQL Analysis	2025-12-13T19:19:04.6079640Z [2025-12-13 19:19:04] [build-stdout] Extracting /opt/hostedtoolcache/CodeQL/2.23.6/x64/codeql/javascript/tools/data/externs/web/flash.js
CodeQL Analysis	Perform CodeQL Analysis	2025-12-13T19:19:04.6364216Z [2025-12-13 19:19:04] [build-stdout] Done extracting /opt/hostedtoolcache/CodeQL/2.23.6/x64/codeql/javascript/tools/data/externs/web/flash.js (26 ms)
CodeQL Analysis	Perform CodeQL Analysis	2025-12-13T19:19:04.6368356Z [2025-12-13 19:19:04] [build-stdout] Extracting /opt/hostedtoolcache/CodeQL/2.23.6/x64/codeql/javascript/tools/data/externs/web/ie_event.js
CodeQL Analysis	Perform CodeQL Analysis	2025-12-13T19:19:04.6710552Z [2025-12-13 19:19:04] [build-stdout] Done extracting /opt/hostedtoolcache/CodeQL/2.23.6/x64/codeql/javascript/tools/data/externs/web/ie_event.js (37 ms)
CodeQL Analysis	Perform CodeQL Analysis	2025-12-13T19:19:04.6714993Z [2025-12-13 19:19:04] [build-stdout] Extracting /opt/hostedtoolcache/CodeQL/2.23.6/x64/codeql/javascript/tools/data/externs/web/w3c_navigation_timing.js
CodeQL Analysis	Perform CodeQL Analysis	2025-12-13T19:19:04.7084553Z [2025-12-13 19:19:04] [build-stdout] Done extracting /opt/hostedtoolcache/CodeQL/2.23.6/x64/codeql/javascript/tools/data/externs/web/w3c_navigation_timing.js (35 ms)
CodeQL Analysis	Perform CodeQL Analysis	2025-12-13T19:19:04.7096727Z [2025-12-13 19:19:04] [build-stdout] Extracting /opt/hostedtoolcache/CodeQL/2.23.6/x64/codeql/javascript/tools/data/externs/web/w3c_geolocation.js
CodeQL Analysis	Perform CodeQL Analysis	2025-12-13T19:19:04.7200510Z [2025-12-13 19:19:04] [build-stdout] Done extracting /opt/hostedtoolcache/CodeQL/2.23.6/x64/codeql/javascript/tools/data/externs/web/w3c_geolocation.js (10 ms)
CodeQL Analysis	Perform CodeQL Analysis	2025-12-13T19:19:04.7209803Z [2025-12-13 19:19:04] [build-stdout] Extracting /opt/hostedtoolcache/CodeQL/2.23.6/x64/codeql/javascript/tools/data/externs/web/ie_dom.js
CodeQL Analysis	Perform CodeQL Analysis	2025-12-13T19:19:04.7760879Z [2025-12-13 19:19:04] [build-stdout] Done extracting /opt/hostedtoolcache/CodeQL/2.23.6/x64/codeql/javascript/tools/data/externs/web/w3c_dom2.js (259 ms)
CodeQL Analysis	Perform CodeQL Analysis	2025-12-13T19:19:04.7766964Z [2025-12-13 19:19:04] [build-stdout] Extracting /opt/hostedtoolcache/CodeQL/2.23.6/x64/codeql/javascript/tools/data/externs/web/w3c_css.js
CodeQL Analysis	Perform CodeQL Analysis	2025-12-13T19:19:04.7974521Z [2025-12-13 19:19:04] [build-stdout] Done extracting /opt/hostedtoolcache/CodeQL/2.23.6/x64/codeql/javascript/tools/data/externs/web/ie_dom.js (73 ms)
CodeQL Analysis	Perform CodeQL Analysis	2025-12-13T19:19:04.7977526Z [2025-12-13 19:19:04] [build-stdout] Extracting /opt/hostedtoolcache/CodeQL/2.23.6/x64/codeql/javascript/tools/data/externs/web/w3c_pointer_events.js
CodeQL Analysis	Perform CodeQL Analysis	2025-12-13T19:19:04.8029443Z [2025-12-13 19:19:04] [build-stdout] Done extracting /opt/hostedtoolcache/CodeQL/2.23.6/x64/codeql/javascript/tools/data/externs/web/w3c_pointer_events.js (7 ms)
CodeQL Analysis	Perform CodeQL Analysis	2025-12-13T19:19:04.8051497Z [2025-12-13 19:19:04] [build-stdout] Extracting /opt/hostedtoolcache/CodeQL/2.23.6/x64/codeql/javascript/tools/data/externs/web/w3c_webcrypto.js
CodeQL Analysis	Perform CodeQL Analysis	2025-12-13T19:19:04.8277857Z [2025-12-13 19:19:04] [build-stdout] Done extracting /opt/hostedtoolcache/CodeQL/2.23.6/x64/codeql/javascript/tools/data/externs/web/w3c_webcrypto.js (22 ms)
CodeQL Analysis	Perform CodeQL Analysis	2025-12-13T19:19:04.8280205Z [2025-12-13 19:19:04] [build-stdout] Extracting /opt/hostedtoolcache/CodeQL/2.23.6/x64/codeql/javascript/tools/data/externs/web/w3c_range.js
CodeQL Analysis	Perform CodeQL Analysis	2025-12-13T19:19:04.8406415Z [2025-12-13 19:19:04] [build-stdout] Done extracting /opt/hostedtoolcache/CodeQL/2.23.6/x64/codeql/javascript/tools/data/externs/web/w3c_range.js (14 ms)
CodeQL Analysis	Perform CodeQL Analysis	2025-12-13T19:19:04.8420766Z [2025-12-13 19:19:04] [build-stdout] Extracting /opt/hostedtoolcache/CodeQL/2.23.6/x64/codeql/javascript/tools/data/externs/web/fetchapi.js
CodeQL Analysis	Perform CodeQL Analysis	2025-12-13T19:19:04.8874220Z [2025-12-13 19:19:04] [build-stdout] Done extracting /opt/hostedtoolcache/CodeQL/2.23.6/x64/codeql/javascript/tools/data/externs/web/fetchapi.js (41 ms)
CodeQL Analysis	Perform CodeQL Analysis	2025-12-13T19:19:04.8880410Z [2025-12-13 19:19:04] [build-stdout] Extracting /opt/hostedtoolcache/CodeQL/2.23.6/x64/codeql/javascript/tools/data/externs/web/ie_vml.js
CodeQL Analysis	Perform CodeQL Analysis	2025-12-13T19:19:04.8918312Z [2025-12-13 19:19:04] [build-stdout] Done extracting /opt/hostedtoolcache/CodeQL/2.23.6/x64/codeql/javascript/tools/data/externs/web/ie_vml.js (9 ms)
CodeQL Analysis	Perform CodeQL Analysis	2025-12-13T19:19:04.8960577Z [2025-12-13 19:19:04] [build-stdout] Extracting /opt/hostedtoolcache/CodeQL/2.23.6/x64/codeql/javascript/tools/data/externs/web/w3c_batterystatus.js
CodeQL Analysis	Perform CodeQL Analysis	2025-12-13T19:19:04.9007920Z [2025-12-13 19:19:04] [build-stdout] Done extracting /opt/hostedtoolcache/CodeQL/2.23.6/x64/codeql/javascript/tools/data/externs/web/w3c_batterystatus.js (5 ms)
CodeQL Analysis	Perform CodeQL Analysis	2025-12-13T19:19:04.9012165Z [2025-12-13 19:19:04] [build-stdout] Extracting /opt/hostedtoolcache/CodeQL/2.23.6/x64/codeql/javascript/tools/data/externs/web/intl.js
CodeQL Analysis	Perform CodeQL Analysis	2025-12-13T19:19:04.9264359Z [2025-12-13 19:19:04] [build-stdout] Done extracting /opt/hostedtoolcache/CodeQL/2.23.6/x64/codeql/javascript/tools/data/externs/web/intl.js (23 ms)
CodeQL Analysis	Perform CodeQL Analysis	2025-12-13T19:19:04.9285978Z [2025-12-13 19:19:04] [build-stdout] Extracting /opt/hostedtoolcache/CodeQL/2.23.6/x64/codeql/javascript/tools/data/externs/web/webkit_notifications.js
CodeQL Analysis	Perform CodeQL Analysis	2025-12-13T19:19:04.9336045Z [2025-12-13 19:19:04] [build-stdout] Done extracting /opt/hostedtoolcache/CodeQL/2.23.6/x64/codeql/javascript/tools/data/externs/web/w3c_css.js (157 ms)
CodeQL Analysis	Perform CodeQL Analysis	2025-12-13T19:19:04.9339306Z [2025-12-13 19:19:04] [build-stdout] Extracting /opt/hostedtoolcache/CodeQL/2.23.6/x64/codeql/javascript/tools/data/externs/web/w3c_dom3.js
CodeQL Analysis	Perform CodeQL Analysis	2025-12-13T19:19:04.9566502Z [2025-12-13 19:19:04] [build-stdout] Done extracting /opt/hostedtoolcache/CodeQL/2.23.6/x64/codeql/javascript/tools/data/externs/web/webkit_notifications.js (27 ms)
CodeQL Analysis	Perform CodeQL Analysis	2025-12-13T19:19:04.9590626Z [2025-12-13 19:19:04] [build-stdout] Extracting /opt/hostedtoolcache/CodeQL/2.23.6/x64/codeql/javascript/tools/data/externs/web/chrome.js
CodeQL Analysis	Perform CodeQL Analysis	2025-12-13T19:19:04.9773288Z [2025-12-13 19:19:04] [build-stdout] Done extracting /opt/hostedtoolcache/CodeQL/2.23.6/x64/codeql/javascript/tools/data/externs/web/w3c_dom3.js (41 ms)
CodeQL Analysis	Perform CodeQL Analysis	2025-12-13T19:19:04.9775564Z [2025-12-13 19:19:04] [build-stdout] Extracting /opt/hostedtoolcache/CodeQL/2.23.6/x64/codeql/javascript/tools/data/externs/web/w3c_dom1.js
CodeQL Analysis	Perform CodeQL Analysis	2025-12-13T19:19:05.0265302Z [2025-12-13 19:19:05] [build-stdout] Done extracting /opt/hostedtoolcache/CodeQL/2.23.6/x64/codeql/javascript/tools/data/externs/web/chrome.js (71 ms)
CodeQL Analysis	Perform CodeQL Analysis	2025-12-13T19:19:05.0267155Z [2025-12-13 19:19:05] [build-stdout] Extracting /opt/hostedtoolcache/CodeQL/2.23.6/x64/codeql/javascript/tools/data/externs/web/w3c_touch_event.js
CodeQL Analysis	Perform CodeQL Analysis	2025-12-13T19:19:05.0494808Z [2025-12-13 19:19:05] [build-stdout] Done extracting /opt/hostedtoolcache/CodeQL/2.23.6/x64/codeql/javascript/tools/data/externs/web/w3c_dom1.js (73 ms)
CodeQL Analysis	Perform CodeQL Analysis	2025-12-13T19:19:05.0496803Z [2025-12-13 19:19:05] [build-stdout] Extracting /opt/hostedtoolcache/CodeQL/2.23.6/x64/codeql/javascript/tools/data/externs/web/fileapi.js
CodeQL Analysis	Perform CodeQL Analysis	2025-12-13T19:19:05.0573310Z [2025-12-13 19:19:05] [build-stdout] Done extracting /opt/hostedtoolcache/CodeQL/2.23.6/x64/codeql/javascript/tools/data/externs/web/w3c_touch_event.js (28 ms)
CodeQL Analysis	Perform CodeQL Analysis	2025-12-13T19:19:05.0575074Z [2025-12-13 19:19:05] [build-stdout] Extracting /opt/hostedtoolcache/CodeQL/2.23.6/x64/codeql/javascript/tools/data/externs/lib/bdd.js
CodeQL Analysis	Perform CodeQL Analysis	2025-12-13T19:19:05.0686406Z [2025-12-13 19:19:05] [build-stdout] Done extracting /opt/hostedtoolcache/CodeQL/2.23.6/x64/codeql/javascript/tools/data/externs/lib/bdd.js (12 ms)
CodeQL Analysis	Perform CodeQL Analysis	2025-12-13T19:19:05.0688468Z [2025-12-13 19:19:05] [build-stdout] Extracting /opt/hostedtoolcache/CodeQL/2.23.6/x64/codeql/javascript/tools/data/externs/lib/jquery-3.2.js
CodeQL Analysis	Perform CodeQL Analysis	2025-12-13T19:19:05.1665755Z [2025-12-13 19:19:05] [build-stdout] Done extracting /opt/hostedtoolcache/CodeQL/2.23.6/x64/codeql/javascript/tools/data/externs/web/fileapi.js (117 ms)
CodeQL Analysis	Perform CodeQL Analysis	2025-12-13T19:19:05.1670010Z [2025-12-13 19:19:05] [build-stdout] Extracting /opt/hostedtoolcache/CodeQL/2.23.6/x64/codeql/javascript/tools/data/externs/lib/should.js
CodeQL Analysis	Perform CodeQL Analysis	2025-12-13T19:19:05.1939281Z [2025-12-13 19:19:05] [build-stdout] Done extracting /opt/hostedtoolcache/CodeQL/2.23.6/x64/codeql/javascript/tools/data/externs/lib/should.js (26 ms)
CodeQL Analysis	Perform CodeQL Analysis	2025-12-13T19:19:05.1945198Z [2025-12-13 19:19:05] [build-stdout] Extracting /opt/hostedtoolcache/CodeQL/2.23.6/x64/codeql/javascript/tools/data/externs/lib/vows.js
CodeQL Analysis	Perform CodeQL Analysis	2025-12-13T19:19:05.2199794Z [2025-12-13 19:19:05] [build-stdout] Done extracting /opt/hostedtoolcache/CodeQL/2.23.6/x64/codeql/javascript/tools/data/externs/lib/vows.js (26 ms)
CodeQL Analysis	Perform CodeQL Analysis	2025-12-13T19:19:05.2222621Z [2025-12-13 19:19:05] [build-stdout] Extracting /opt/hostedtoolcache/CodeQL/2.23.6/x64/codeql/javascript/tools/data/externs/es/es2017.js
CodeQL Analysis	Perform CodeQL Analysis	2025-12-13T19:19:05.2246827Z [2025-12-13 19:19:05] [build-stdout] Done extracting /opt/hostedtoolcache/CodeQL/2.23.6/x64/codeql/javascript/tools/data/externs/es/es2017.js (3 ms)
CodeQL Analysis	Perform CodeQL Analysis	2025-12-13T19:19:05.2252873Z [2025-12-13 19:19:05] [build-stdout] Extracting /opt/hostedtoolcache/CodeQL/2.23.6/x64/codeql/javascript/tools/data/externs/es/es5.js
CodeQL Analysis	Perform CodeQL Analysis	2025-12-13T19:19:05.2417623Z [2025-12-13 19:19:05] [build-stdout] Done extracting /opt/hostedtoolcache/CodeQL/2.23.6/x64/codeql/javascript/tools/data/externs/es/es5.js (13 ms)
CodeQL Analysis	Perform CodeQL Analysis	2025-12-13T19:19:05.2420119Z [2025-12-13 19:19:05] [build-stdout] Extracting /opt/hostedtoolcache/CodeQL/2.23.6/x64/codeql/javascript/tools/data/externs/es/es2016.js
CodeQL Analysis	Perform CodeQL Analysis	2025-12-13T19:19:05.2423553Z [2025-12-13 19:19:05] [build-stdout] Done extracting /opt/hostedtoolcache/CodeQL/2.23.6/x64/codeql/javascript/tools/data/externs/es/es2016.js (1 ms)
CodeQL Analysis	Perform CodeQL Analysis	2025-12-13T19:19:05.2425279Z [2025-12-13 19:19:05] [build-stdout] Extracting /opt/hostedtoolcache/CodeQL/2.23.6/x64/codeql/javascript/tools/data/externs/es/es3.js
CodeQL Analysis	Perform CodeQL Analysis	2025-12-13T19:19:05.4051721Z [2025-12-13 19:19:05] [build-stdout] Done extracting /opt/hostedtoolcache/CodeQL/2.23.6/x64/codeql/javascript/tools/data/externs/lib/jquery-3.2.js (335 ms)
CodeQL Analysis	Perform CodeQL Analysis	2025-12-13T19:19:05.4056060Z [2025-12-13 19:19:05] [build-stdout] Extracting /opt/hostedtoolcache/CodeQL/2.23.6/x64/codeql/javascript/tools/data/externs/es/proxy.js
CodeQL Analysis	Perform CodeQL Analysis	2025-12-13T19:19:05.4089561Z [2025-12-13 19:19:05] [build-stdout] Done extracting /opt/hostedtoolcache/CodeQL/2.23.6/x64/codeql/javascript/tools/data/externs/es/proxy.js (3 ms)
CodeQL Analysis	Perform CodeQL Analysis	2025-12-13T19:19:05.4140555Z [2025-12-13 19:19:05] [build-stdout] Extracting /opt/hostedtoolcache/CodeQL/2.23.6/x64/codeql/javascript/tools/data/externs/es/es6_collections.js
CodeQL Analysis	Perform CodeQL Analysis	2025-12-13T19:19:05.4300203Z [2025-12-13 19:19:05] [build-stdout] Done extracting /opt/hostedtoolcache/CodeQL/2.23.6/x64/codeql/javascript/tools/data/externs/es/es3.js (189 ms)
CodeQL Analysis	Perform CodeQL Analysis	2025-12-13T19:19:05.4333557Z [2025-12-13 19:19:05] [build-stdout] Extracting /opt/hostedtoolcache/CodeQL/2.23.6/x64/codeql/javascript/tools/data/externs/es/intl.js
CodeQL Analysis	Perform CodeQL Analysis	2025-12-13T19:19:05.4353127Z [2025-12-13 19:19:05] [build-stdout] Done extracting /opt/hostedtoolcache/CodeQL/2.23.6/x64/codeql/javascript/tools/data/externs/es/es6_collections.js (25 ms)
CodeQL Analysis	Perform CodeQL Analysis	2025-12-13T19:19:05.4358844Z [2025-12-13 19:19:05] [build-stdout] Extracting /opt/hostedtoolcache/CodeQL/2.23.6/x64/codeql/javascript/tools/data/externs/es/es6.js
CodeQL Analysis	Perform CodeQL Analysis	2025-12-13T19:19:05.4566767Z [2025-12-13 19:19:05] [build-stdout] Done extracting /opt/hostedtoolcache/CodeQL/2.23.6/x64/codeql/javascript/tools/data/externs/es/intl.js (24 ms)
CodeQL Analysis	Perform CodeQL Analysis	2025-12-13T19:19:05.4571154Z [2025-12-13 19:19:05] [build-stdout] Extracting /opt/hostedtoolcache/CodeQL/2.23.6/x64/codeql/javascript/tools/data/externs/vm/v8.js
CodeQL Analysis	Perform CodeQL Analysis	2025-12-13T19:19:05.4685269Z [2025-12-13 19:19:05] [build-stdout] Done extracting /opt/hostedtoolcache/CodeQL/2.23.6/x64/codeql/javascript/tools/data/externs/vm/v8.js (10 ms)
CodeQL Analysis	Perform CodeQL Analysis	2025-12-13T19:19:05.4688424Z [2025-12-13 19:19:05] [build-stdout] Extracting /opt/hostedtoolcache/CodeQL/2.23.6/x64/codeql/javascript/tools/data/externs/vm/spidermonkey.js
CodeQL Analysis	Perform CodeQL Analysis	2025-12-13T19:19:05.4707217Z [2025-12-13 19:19:05] [build-stdout] Done extracting /opt/hostedtoolcache/CodeQL/2.23.6/x64/codeql/javascript/tools/data/externs/vm/spidermonkey.js (3 ms)
CodeQL Analysis	Perform CodeQL Analysis	2025-12-13T19:19:05.4732792Z [2025-12-13 19:19:05] [build-stdout] Extracting /opt/hostedtoolcache/CodeQL/2.23.6/x64/codeql/javascript/tools/data/externs/vm/jsshell.js
CodeQL Analysis	Perform CodeQL Analysis	2025-12-13T19:19:05.5403053Z [2025-12-13 19:19:05] [build-stdout] Done extracting /opt/hostedtoolcache/CodeQL/2.23.6/x64/codeql/javascript/tools/data/externs/es/es6.js (103 ms)
CodeQL Analysis	Perform CodeQL Analysis	2025-12-13T19:19:05.5417656Z [2025-12-13 19:19:05] [build-stdout] Extracting /opt/hostedtoolcache/CodeQL/2.23.6/x64/codeql/javascript/tools/data/externs/vm/rhino.js
CodeQL Analysis	Perform CodeQL Analysis	2025-12-13T19:19:05.5463643Z [2025-12-13 19:19:05] [build-stdout] Done extracting /opt/hostedtoolcache/CodeQL/2.23.6/x64/codeql/javascript/tools/data/externs/vm/rhino.js (5 ms)
CodeQL Analysis	Perform CodeQL Analysis	2025-12-13T19:19:05.5490053Z [2025-12-13 19:19:05] [build-stdout] Done extracting /opt/hostedtoolcache/CodeQL/2.23.6/x64/codeql/javascript/tools/data/externs/vm/jsshell.js (75 ms)
CodeQL Analysis	Perform CodeQL Analysis	2025-12-13T19:19:05.5691049Z ##[endgroup]
CodeQL Analysis	Perform CodeQL Analysis	2025-12-13T19:19:05.5698370Z ##[group]Finalizing javascript
CodeQL Analysis	Perform CodeQL Analysis	2025-12-13T19:19:05.5700470Z [command]/opt/hostedtoolcache/CodeQL/2.23.6/x64/codeql/codeql database finalize --finalize-dataset --threads=2 --ram=6919 /home/runner/work/_temp/codeql_databases/javascript
CodeQL Analysis	Perform CodeQL Analysis	2025-12-13T19:19:06.5335955Z Running TRAP import for CodeQL database at /home/runner/work/_temp/codeql_databases/javascript...
CodeQL Analysis	Perform CodeQL Analysis	2025-12-13T19:19:07.5764012Z Importing TRAP files
CodeQL Analysis	Perform CodeQL Analysis	2025-12-13T19:19:17.3543851Z Merging relations
CodeQL Analysis	Perform CodeQL Analysis	2025-12-13T19:19:19.9503777Z Finished writing database (relations: 32.10 MiB; string pool: 14.03 MiB).
CodeQL Analysis	Perform CodeQL Analysis	2025-12-13T19:19:19.9782261Z TRAP import complete (13.4s).
CodeQL Analysis	Perform CodeQL Analysis	2025-12-13T19:19:20.6202228Z Finished zipping source archive (2.12 MiB).
CodeQL Analysis	Perform CodeQL Analysis	2025-12-13T19:19:20.6432406Z ##[endgroup]
CodeQL Analysis	Perform CodeQL Analysis	2025-12-13T19:19:21.7981111Z ##[group]Running queries for javascript
CodeQL Analysis	Perform CodeQL Analysis	2025-12-13T19:19:21.7986353Z [command]/opt/hostedtoolcache/CodeQL/2.23.6/x64/codeql/codeql database run-queries --ram=6919 --threads=2 --expect-discarded-cache /home/runner/work/_temp/codeql_databases/javascript --min-disk-free=1024 -v
CodeQL Analysis	Perform CodeQL Analysis	2025-12-13T19:19:22.7099540Z Writing logs to /home/runner/work/_temp/codeql_databases/javascript/log/database-run-queries-20251213.191922.706.log.
CodeQL Analysis	Perform CodeQL Analysis	2025-12-13T19:19:22.7765243Z Stringpool size measured as 14713274
CodeQL Analysis	Perform CodeQL Analysis	2025-12-13T19:19:23.4893456Z Writing logs to /home/runner/work/_temp/codeql_databases/javascript/log/execute-queries-20251213.191923.486.log.
CodeQL Analysis	Perform CodeQL Analysis	2025-12-13T19:19:23.9221044Z Recording pack reference codeql/javascript-queries at /opt/hostedtoolcache/CodeQL/2.23.6/x64/codeql/qlpacks/codeql/javascript-queries/2.2.0.
CodeQL Analysis	Perform CodeQL Analysis	2025-12-13T19:19:25.0900445Z Compiling in one thread due to RAM limits.
CodeQL Analysis	Perform CodeQL Analysis	2025-12-13T19:19:26.9258852Z [1/104] Loaded /opt/hostedtoolcache/CodeQL/2.23.6/x64/codeql/qlpacks/codeql/javascript-queries/2.2.0/Security/CWE-312/CleartextLogging.qlx.
CodeQL Analysis	Perform CodeQL Analysis	2025-12-13T19:19:27.1220772Z [2/104] Loaded /opt/hostedtoolcache/CodeQL/2.23.6/x64/codeql/qlpacks/codeql/javascript-queries/2.2.0/Security/CWE-312/CleartextStorage.qlx.
CodeQL Analysis	Perform CodeQL Analysis	2025-12-13T19:19:27.3038470Z [3/104] Loaded /opt/hostedtoolcache/CodeQL/2.23.6/x64/codeql/qlpacks/codeql/javascript-queries/2.2.0/Security/CWE-312/BuildArtifactLeak.qlx.
CodeQL Analysis	Perform CodeQL Analysis	2025-12-13T19:19:27.3362040Z [4/104] Loaded /opt/hostedtoolcache/CodeQL/2.23.6/x64/codeql/qlpacks/codeql/javascript-queries/2.2.0/Security/CWE-020/IncorrectSuffixCheck.qlx.
CodeQL Analysis	Perform CodeQL Analysis	2025-12-13T19:19:27.4277905Z [5/104] Loaded /opt/hostedtoolcache/CodeQL/2.23.6/x64/codeql/qlpacks/codeql/javascript-queries/2.2.0/Security/CWE-020/IncompleteUrlSubstringSanitization.qlx.
CodeQL Analysis	Perform CodeQL Analysis	2025-12-13T19:19:27.5848522Z [6/104] Loaded /opt/hostedtoolcache/CodeQL/2.23.6/x64/codeql/qlpacks/codeql/javascript-queries/2.2.0/Security/CWE-020/IncompleteHostnameRegExp.qlx.
CodeQL Analysis	Perform CodeQL Analysis	2025-12-13T19:19:27.6343826Z [7/104] Loaded /opt/hostedtoolcache/CodeQL/2.23.6/x64/codeql/qlpacks/codeql/javascript-queries/2.2.0/Security/CWE-020/IncompleteUrlSchemeCheck.qlx.
CodeQL Analysis	Perform CodeQL Analysis	2025-12-13T19:19:27.6952320Z [8/104] Loaded /opt/hostedtoolcache/CodeQL/2.23.6/x64/codeql/qlpacks/codeql/javascript-queries/2.2.0/Security/CWE-020/OverlyLargeRange.qlx.
CodeQL Analysis	Perform CodeQL Analysis	2025-12-13T19:19:27.7341560Z [9/104] Loaded /opt/hostedtoolcache/CodeQL/2.23.6/x64/codeql/qlpacks/codeql/javascript-queries/2.2.0/Security/CWE-020/UselessRegExpCharacterEscape.qlx.
CodeQL Analysis	Perform CodeQL Analysis	2025-12-13T19:19:27.9071572Z [10/104] Loaded /opt/hostedtoolcache/CodeQL/2.23.6/x64/codeql/qlpacks/codeql/javascript-queries/2.2.0/Security/CWE-770/ResourceExhaustion.qlx.
CodeQL Analysis	Perform CodeQL Analysis	2025-12-13T19:19:28.0597571Z [11/104] Loaded /opt/hostedtoolcache/CodeQL/2.23.6/x64/codeql/qlpacks/codeql/javascript-queries/2.2.0/Security/CWE-770/MissingRateLimiting.qlx.
CodeQL Analysis	Perform CodeQL Analysis	2025-12-13T19:19:28.2219999Z [12/104] Loaded /opt/hostedtoolcache/CodeQL/2.23.6/x64/codeql/qlpacks/codeql/javascript-queries/2.2.0/Security/CWE-776/XmlBomb.qlx.
CodeQL Analysis	Perform CodeQL Analysis	2025-12-13T19:19:28.3257149Z [13/104] Loaded /opt/hostedtoolcache/CodeQL/2.23.6/x64/codeql/qlpacks/codeql/javascript-queries/2.2.0/Security/CWE-201/PostMessageStar.qlx.
CodeQL Analysis	Perform CodeQL Analysis	2025-12-13T19:19:28.3577235Z [14/104] Loaded /opt/hostedtoolcache/CodeQL/2.23.6/x64/codeql/qlpacks/codeql/javascript-queries/2.2.0/Security/CWE-326/InsufficientKeySize.qlx.
CodeQL Analysis	Perform CodeQL Analysis	2025-12-13T19:19:28.5161631Z [15/104] Loaded /opt/hostedtoolcache/CodeQL/2.23.6/x64/codeql/qlpacks/codeql/javascript-queries/2.2.0/Security/CWE-916/InsufficientPasswordHash.qlx.
CodeQL Analysis	Perform CodeQL Analysis	2025-12-13T19:19:28.6092574Z [16/104] Loaded /opt/hostedtoolcache/CodeQL/2.23.6/x64/codeql/qlpacks/codeql/javascript-queries/2.2.0/Security/CWE-338/InsecureRandomness.qlx.
CodeQL Analysis	Perform CodeQL Analysis	2025-12-13T19:19:28.7324978Z [17/104] Loaded /opt/hostedtoolcache/CodeQL/2.23.6/x64/codeql/qlpacks/codeql/javascript-queries/2.2.0/Security/CWE-601/ServerSideUrlRedirect.qlx.
CodeQL Analysis	Perform CodeQL Analysis	2025-12-13T19:19:28.9807756Z [18/104] Loaded /opt/hostedtoolcache/CodeQL/2.23.6/x64/codeql/qlpacks/codeql/javascript-queries/2.2.0/Security/CWE-601/ClientSideUrlRedirect.qlx.
CodeQL Analysis	Perform CodeQL Analysis	2025-12-13T19:19:29.1218582Z [19/104] Loaded /opt/hostedtoolcache/CodeQL/2.23.6/x64/codeql/qlpacks/codeql/javascript-queries/2.2.0/Security/CWE-829/InsecureDownload.qlx.
CodeQL Analysis	Perform CodeQL Analysis	2025-12-13T19:19:29.2213476Z [20/104] Loaded /opt/hostedtoolcache/CodeQL/2.23.6/x64/codeql/qlpacks/codeql/javascript-queries/2.2.0/Security/CWE-078/ShellCommandInjectionFromEnvironment.qlx.
CodeQL Analysis	Perform CodeQL Analysis	2025-12-13T19:19:29.3456690Z [21/104] Loaded /opt/hostedtoolcache/CodeQL/2.23.6/x64/codeql/qlpacks/codeql/javascript-queries/2.2.0/Security/CWE-078/CommandInjection.qlx.
CodeQL Analysis	Perform CodeQL Analysis	2025-12-13T19:19:29.4416516Z [22/104] Loaded /opt/hostedtoolcache/CodeQL/2.23.6/x64/codeql/qlpacks/codeql/javascript-queries/2.2.0/Security/CWE-078/UnsafeShellCommandConstruction.qlx.
CodeQL Analysis	Perform CodeQL Analysis	2025-12-13T19:19:29.4754987Z [23/104] Loaded /opt/hostedtoolcache/CodeQL/2.23.6/x64/codeql/qlpacks/codeql/javascript-queries/2.2.0/Security/CWE-078/UselessUseOfCat.qlx.
CodeQL Analysis	Perform CodeQL Analysis	2025-12-13T19:19:29.6742623Z [24/104] Loaded /opt/hostedtoolcache/CodeQL/2.23.6/x64/codeql/qlpacks/codeql/javascript-queries/2.2.0/Security/CWE-078/SecondOrderCommandInjection.qlx.
CodeQL Analysis	Perform CodeQL Analysis	2025-12-13T19:19:29.6839839Z [25/104] Loaded /opt/hostedtoolcache/CodeQL/2.23.6/x64/codeql/qlpacks/codeql/javascript-queries/2.2.0/Security/CWE-300/InsecureDependencyResolution.qlx.
CodeQL Analysis	Perform CodeQL Analysis	2025-12-13T19:19:29.7537019Z [26/104] Loaded /opt/hostedtoolcache/CodeQL/2.23.6/x64/codeql/qlpacks/codeql/javascript-queries/2.2.0/Security/CWE-295/DisablingCertificateValidation.qlx.
CodeQL Analysis	Perform CodeQL Analysis	2025-12-13T19:19:29.8573173Z [27/104] Loaded /opt/hostedtoolcache/CodeQL/2.23.6/x64/codeql/qlpacks/codeql/javascript-queries/2.2.0/Security/CWE-643/XpathInjection.qlx.
CodeQL Analysis	Perform CodeQL Analysis	2025-12-13T19:19:29.9950927Z [28/104] Loaded /opt/hostedtoolcache/CodeQL/2.23.6/x64/codeql/qlpacks/codeql/javascript-queries/2.2.0/Security/CWE-079/UnsafeHtmlConstruction.qlx.
CodeQL Analysis	Perform CodeQL Analysis	2025-12-13T19:19:30.1120527Z [29/104] Loaded /opt/hostedtoolcache/CodeQL/2.23.6/x64/codeql/qlpacks/codeql/javascript-queries/2.2.0/Security/CWE-079/StoredXss.qlx.
CodeQL Analysis	Perform CodeQL Analysis	2025-12-13T19:19:30.3154337Z [30/104] Loaded /opt/hostedtoolcache/CodeQL/2.23.6/x64/codeql/qlpacks/codeql/javascript-queries/2.2.0/Security/CWE-079/ReflectedXss.qlx.
CodeQL Analysis	Perform CodeQL Analysis	2025-12-13T19:19:30.4334445Z [31/104] Loaded /opt/hostedtoolcache/CodeQL/2.23.6/x64/codeql/qlpacks/codeql/javascript-queries/2.2.0/Security/CWE-079/XssThroughDom.qlx.
CodeQL Analysis	Perform CodeQL Analysis	2025-12-13T19:19:30.5779453Z [32/104] Loaded /opt/hostedtoolcache/CodeQL/2.23.6/x64/codeql/qlpacks/codeql/javascript-queries/2.2.0/Security/CWE-079/ExceptionXss.qlx.
CodeQL Analysis	Perform CodeQL Analysis	2025-12-13T19:19:30.6681423Z [33/104] Loaded /opt/hostedtoolcache/CodeQL/2.23.6/x64/codeql/qlpacks/codeql/javascript-queries/2.2.0/Security/CWE-079/UnsafeJQueryPlugin.qlx.
CodeQL Analysis	Perform CodeQL Analysis	2025-12-13T19:19:30.8961835Z [34/104] Loaded /opt/hostedtoolcache/CodeQL/2.23.6/x64/codeql/qlpacks/codeql/javascript-queries/2.2.0/Security/CWE-079/Xss.qlx.
CodeQL Analysis	Perform CodeQL Analysis	2025-12-13T19:19:31.0581539Z [35/104] Loaded /opt/hostedtoolcache/CodeQL/2.23.6/x64/codeql/qlpacks/codeql/javascript-queries/2.2.0/Security/CWE-089/SqlInjection.qlx.
CodeQL Analysis	Perform CodeQL Analysis	2025-12-13T19:19:31.1429575Z [36/104] Loaded /opt/hostedtoolcache/CodeQL/2.23.6/x64/codeql/qlpacks/codeql/javascript-queries/2.2.0/Security/CWE-640/HostHeaderPoisoningInEmailGeneration.qlx.
CodeQL Analysis	Perform CodeQL Analysis	2025-12-13T19:19:31.2582201Z [37/104] Loaded /opt/hostedtoolcache/CodeQL/2.23.6/x64/codeql/qlpacks/codeql/javascript-queries/2.2.0/Security/CWE-073/TemplateObjectInjection.qlx.
CodeQL Analysis	Perform CodeQL Analysis	2025-12-13T19:19:31.3622059Z [38/104] Loaded /opt/hostedtoolcache/CodeQL/2.23.6/x64/codeql/qlpacks/codeql/javascript-queries/2.2.0/Security/CWE-022/ZipSlip.qlx.
CodeQL Analysis	Perform CodeQL Analysis	2025-12-13T19:19:31.6006268Z [39/104] Loaded /opt/hostedtoolcache/CodeQL/2.23.6/x64/codeql/qlpacks/codeql/javascript-queries/2.2.0/Security/CWE-022/TaintedPath.qlx.
CodeQL Analysis	Perform CodeQL Analysis	2025-12-13T19:19:31.6544450Z [40/104] Loaded /opt/hostedtoolcache/CodeQL/2.23.6/x64/codeql/qlpacks/codeql/javascript-queries/2.2.0/Security/CWE-614/ClearTextCookie.qlx.
CodeQL Analysis	Perform CodeQL Analysis	2025-12-13T19:19:31.6727118Z [41/104] Loaded /opt/hostedtoolcache/CodeQL/2.23.6/x64/codeql/qlpacks/codeql/javascript-queries/2.2.0/Security/CWE-347/MissingJWTKeyVerification.qlx.
CodeQL Analysis	Perform CodeQL Analysis	2025-12-13T19:19:31.7748440Z [42/104] Loaded /opt/hostedtoolcache/CodeQL/2.23.6/x64/codeql/qlpacks/codeql/javascript-queries/2.2.0/Security/CWE-843/TypeConfusionThroughParameterTampering.qlx.
CodeQL Analysis	Perform CodeQL Analysis	2025-12-13T19:19:31.8428056Z [43/104] Loaded /opt/hostedtoolcache/CodeQL/2.23.6/x64/codeql/qlpacks/codeql/javascript-queries/2.2.0/Security/CWE-178/CaseSensitiveMiddlewarePath.qlx.
CodeQL Analysis	Perform CodeQL Analysis	2025-12-13T19:19:31.8983760Z [44/104] Loaded /opt/hostedtoolcache/CodeQL/2.23.6/x64/codeql/qlpacks/codeql/javascript-queries/2.2.0/Security/CWE-1004/ClientExposedCookie.qlx.
CodeQL Analysis	Perform CodeQL Analysis	2025-12-13T19:19:32.0094716Z [45/104] Loaded /opt/hostedtoolcache/CodeQL/2.23.6/x64/codeql/qlpacks/codeql/javascript-queries/2.2.0/Security/CWE-834/LoopBoundInjection.qlx.
CodeQL Analysis	Perform CodeQL Analysis	2025-12-13T19:19:32.0447059Z [46/104] Loaded /opt/hostedtoolcache/CodeQL/2.23.6/x64/codeql/qlpacks/codeql/javascript-queries/2.2.0/Security/CWE-116/BadTagFilter.qlx.
CodeQL Analysis	Perform CodeQL Analysis	2025-12-13T19:19:32.0711525Z [47/104] Loaded /opt/hostedtoolcache/CodeQL/2.23.6/x64/codeql/qlpacks/codeql/javascript-queries/2.2.0/Security/CWE-116/DoubleEscaping.qlx.
CodeQL Analysis	Perform CodeQL Analysis	2025-12-13T19:19:32.0979243Z [48/104] Loaded /opt/hostedtoolcache/CodeQL/2.23.6/x64/codeql/qlpacks/codeql/javascript-queries/2.2.0/Security/CWE-116/IncompleteSanitization.qlx.
CodeQL Analysis	Perform CodeQL Analysis	2025-12-13T19:19:32.1212119Z [49/104] Loaded /opt/hostedtoolcache/CodeQL/2.23.6/x64/codeql/qlpacks/codeql/javascript-queries/2.2.0/Security/CWE-116/UnsafeHtmlExpansion.qlx.
CodeQL Analysis	Perform CodeQL Analysis	2025-12-13T19:19:32.2079672Z [50/104] Loaded /opt/hostedtoolcache/CodeQL/2.23.6/x64/codeql/qlpacks/codeql/javascript-queries/2.2.0/Security/CWE-116/IncompleteHtmlAttributeSanitization.qlx.
CodeQL Analysis	Perform CodeQL Analysis	2025-12-13T19:19:32.2386753Z [51/104] Loaded /opt/hostedtoolcache/CodeQL/2.23.6/x64/codeql/qlpacks/codeql/javascript-queries/2.2.0/Security/CWE-116/IncompleteMultiCharacterSanitization.qlx.
CodeQL Analysis	Perform CodeQL Analysis	2025-12-13T19:19:32.5353811Z [52/104] Loaded /opt/hostedtoolcache/CodeQL/2.23.6/x64/codeql/qlpacks/codeql/javascript-queries/2.2.0/Security/CWE-915/PrototypePollutingFunction.qlx.
CodeQL Analysis	Perform CodeQL Analysis	2025-12-13T19:19:32.7432901Z [53/104] Loaded /opt/hostedtoolcache/CodeQL/2.23.6/x64/codeql/qlpacks/codeql/javascript-queries/2.2.0/Security/CWE-915/PrototypePollutingAssignment.qlx.
CodeQL Analysis	Perform CodeQL Analysis	2025-12-13T19:19:32.9257528Z [54/104] Loaded /opt/hostedtoolcache/CodeQL/2.23.6/x64/codeql/qlpacks/codeql/javascript-queries/2.2.0/Security/CWE-915/PrototypePollutingMergeCall.qlx.
CodeQL Analysis	Perform CodeQL Analysis	2025-12-13T19:19:33.0570915Z [55/104] Loaded /opt/hostedtoolcache/CodeQL/2.23.6/x64/codeql/qlpacks/codeql/javascript-queries/2.2.0/Security/CWE-352/MissingCsrfMiddleware.qlx.
CodeQL Analysis	Perform CodeQL Analysis	2025-12-13T19:19:33.2123367Z [56/104] Loaded /opt/hostedtoolcache/CodeQL/2.23.6/x64/codeql/qlpacks/codeql/javascript-queries/2.2.0/Security/CWE-754/UnvalidatedDynamicMethodCall.qlx.
CodeQL Analysis	Perform CodeQL Analysis	2025-12-13T19:19:33.2568194Z [57/104] Loaded /opt/hostedtoolcache/CodeQL/2.23.6/x64/codeql/qlpacks/codeql/javascript-queries/2.2.0/Security/CWE-730/ServerCrash.qlx.
CodeQL Analysis	Perform CodeQL Analysis	2025-12-13T19:19:33.4188082Z [58/104] Loaded /opt/hostedtoolcache/CodeQL/2.23.6/x64/codeql/qlpacks/codeql/javascript-queries/2.2.0/Security/CWE-730/RegExpInjection.qlx.
CodeQL Analysis	Perform CodeQL Analysis	2025-12-13T19:19:33.6336237Z [59/104] Loaded /opt/hostedtoolcache/CodeQL/2.23.6/x64/codeql/qlpacks/codeql/javascript-queries/2.2.0/Security/CWE-942/CorsPermissiveConfiguration.qlx.
CodeQL Analysis	Perform CodeQL Analysis	2025-12-13T19:19:33.8116718Z [60/104] Loaded /opt/hostedtoolcache/CodeQL/2.23.6/x64/codeql/qlpacks/codeql/javascript-queries/2.2.0/Security/CWE-094/CodeInjection.qlx.
CodeQL Analysis	Perform CodeQL Analysis	2025-12-13T19:19:33.9312858Z [61/104] Loaded /opt/hostedtoolcache/CodeQL/2.23.6/x64/codeql/qlpacks/codeql/javascript-queries/2.2.0/Security/CWE-094/UnsafeDynamicMethodAccess.qlx.
CodeQL Analysis	Perform CodeQL Analysis	2025-12-13T19:19:34.0225209Z [62/104] Loaded /opt/hostedtoolcache/CodeQL/2.23.6/x64/codeql/qlpacks/codeql/javascript-queries/2.2.0/Security/CWE-094/ImproperCodeSanitization.qlx.
CodeQL Analysis	Perform CodeQL Analysis	2025-12-13T19:19:34.1180167Z [63/104] Loaded /opt/hostedtoolcache/CodeQL/2.23.6/x64/codeql/qlpacks/codeql/javascript-queries/2.2.0/Security/CWE-502/UnsafeDeserialization.qlx.
CodeQL Analysis	Perform CodeQL Analysis	2025-12-13T19:19:34.1501532Z [64/104] Loaded /opt/hostedtoolcache/CodeQL/2.23.6/x64/codeql/qlpacks/codeql/javascript-queries/2.2.0/Security/CWE-200/PrivateFileExposure.qlx.
CodeQL Analysis	Perform CodeQL Analysis	2025-12-13T19:19:34.1983196Z [65/104] Loaded /opt/hostedtoolcache/CodeQL/2.23.6/x64/codeql/qlpacks/codeql/javascript-queries/2.2.0/Security/CWE-598/SensitiveGetQuery.qlx.
CodeQL Analysis	Perform CodeQL Analysis	2025-12-13T19:19:34.2599833Z [66/104] Loaded /opt/hostedtoolcache/CodeQL/2.23.6/x64/codeql/qlpacks/codeql/javascript-queries/2.2.0/Security/CWE-134/TaintedFormatString.qlx.
CodeQL Analysis	Perform CodeQL Analysis	2025-12-13T19:19:34.5103317Z [67/104] Loaded /opt/hostedtoolcache/CodeQL/2.23.6/x64/codeql/qlpacks/codeql/javascript-queries/2.2.0/Security/CWE-346/CorsMisconfigurationForCredentials.qlx.
CodeQL Analysis	Perform CodeQL Analysis	2025-12-13T19:19:34.5685774Z [68/104] Loaded /opt/hostedtoolcache/CodeQL/2.23.6/x64/codeql/qlpacks/codeql/javascript-queries/2.2.0/Security/CWE-327/BrokenCryptoAlgorithm.qlx.
CodeQL Analysis	Perform CodeQL Analysis	2025-12-13T19:19:34.5905168Z [69/104] Loaded /opt/hostedtoolcache/CodeQL/2.23.6/x64/codeql/qlpacks/codeql/javascript-queries/2.2.0/Security/CWE-327/BadRandomness.qlx.
CodeQL Analysis	Perform CodeQL Analysis	2025-12-13T19:19:34.6933066Z [70/104] Loaded /opt/hostedtoolcache/CodeQL/2.23.6/x64/codeql/qlpacks/codeql/javascript-queries/2.2.0/Security/CWE-400/DeepObjectResourceExhaustion.qlx.
CodeQL Analysis	Perform CodeQL Analysis	2025-12-13T19:19:34.7876509Z [71/104] Loaded /opt/hostedtoolcache/CodeQL/2.23.6/x64/codeql/qlpacks/codeql/javascript-queries/2.2.0/Security/CWE-918/RequestForgery.qlx.
CodeQL Analysis	Perform CodeQL Analysis	2025-12-13T19:19:34.8103714Z [72/104] Loaded /opt/hostedtoolcache/CodeQL/2.23.6/x64/codeql/qlpacks/codeql/javascript-queries/2.2.0/Security/CWE-830/FunctionalityFromUntrustedSource.qlx.
CodeQL Analysis	Perform CodeQL Analysis	2025-12-13T19:19:34.8321013Z [73/104] Loaded /opt/hostedtoolcache/CodeQL/2.23.6/x64/codeql/qlpacks/codeql/javascript-queries/2.2.0/Security/CWE-830/FunctionalityFromUntrustedDomain.qlx.
CodeQL Analysis	Perform CodeQL Analysis	2025-12-13T19:19:34.9131673Z [74/104] Loaded /opt/hostedtoolcache/CodeQL/2.23.6/x64/codeql/qlpacks/codeql/javascript-queries/2.2.0/Security/CWE-209/StackTraceExposure.qlx.
CodeQL Analysis	Perform CodeQL Analysis	2025-12-13T19:19:34.9390579Z [75/104] Loaded /opt/hostedtoolcache/CodeQL/2.23.6/x64/codeql/qlpacks/codeql/javascript-queries/2.2.0/Security/CWE-693/InsecureHelmet.qlx.
CodeQL Analysis	Perform CodeQL Analysis	2025-12-13T19:19:35.0358168Z [76/104] Loaded /opt/hostedtoolcache/CodeQL/2.23.6/x64/codeql/qlpacks/codeql/javascript-queries/2.2.0/Security/CWE-611/Xxe.qlx.
CodeQL Analysis	Perform CodeQL Analysis	2025-12-13T19:19:35.0628517Z [77/104] Loaded /opt/hostedtoolcache/CodeQL/2.23.6/x64/codeql/qlpacks/codeql/javascript-queries/2.2.0/AngularJS/DisablingSce.qlx.
CodeQL Analysis	Perform CodeQL Analysis	2025-12-13T19:19:35.0869269Z [78/104] Loaded /opt/hostedtoolcache/CodeQL/2.23.6/x64/codeql/qlpacks/codeql/javascript-queries/2.2.0/AngularJS/DoubleCompilation.qlx.
CodeQL Analysis	Perform CodeQL Analysis	2025-12-13T19:19:35.1087123Z [79/104] Loaded /opt/hostedtoolcache/CodeQL/2.23.6/x64/codeql/qlpacks/codeql/javascript-queries/2.2.0/AngularJS/InsecureUrlWhitelist.qlx.
CodeQL Analysis	Perform CodeQL Analysis	2025-12-13T19:19:35.1422976Z [80/104] Loaded /opt/hostedtoolcache/CodeQL/2.23.6/x64/codeql/qlpacks/codeql/javascript-queries/2.2.0/Performance/ReDoS.qlx.
CodeQL Analysis	Perform CodeQL Analysis	2025-12-13T19:19:35.3329733Z [81/104] Loaded /opt/hostedtoolcache/CodeQL/2.23.6/x64/codeql/qlpacks/codeql/javascript-queries/2.2.0/Performance/PolynomialReDoS.qlx.
CodeQL Analysis	Perform CodeQL Analysis	2025-12-13T19:19:35.3523784Z [82/104] Loaded /opt/hostedtoolcache/CodeQL/2.23.6/x64/codeql/qlpacks/codeql/javascript-queries/2.2.0/RegExp/IdentityReplacement.qlx.
CodeQL Analysis	Perform CodeQL Analysis	2025-12-13T19:19:35.3740235Z [83/104] Loaded /opt/hostedtoolcache/CodeQL/2.23.6/x64/codeql/qlpacks/codeql/javascript-queries/2.2.0/Electron/AllowRunningInsecureContent.qlx.
CodeQL Analysis	Perform CodeQL Analysis	2025-12-13T19:19:35.3896745Z [84/104] Loaded /opt/hostedtoolcache/CodeQL/2.23.6/x64/codeql/qlpacks/codeql/javascript-queries/2.2.0/Electron/DisablingWebSecurity.qlx.
CodeQL Analysis	Perform CodeQL Analysis	2025-12-13T19:19:35.4154908Z [85/104] Loaded /opt/hostedtoolcache/CodeQL/2.23.6/x64/codeql/qlpacks/codeql/javascript-queries/2.2.0/Security/CWE-020/MissingRegExpAnchor.qlx.
CodeQL Analysis	Perform CodeQL Analysis	2025-12-13T19:19:35.4410002Z [86/104] Loaded /opt/hostedtoolcache/CodeQL/2.23.6/x64/codeql/qlpacks/codeql/javascript-queries/2.2.0/Security/CWE-020/MissingOriginCheck.qlx.
CodeQL Analysis	Perform CodeQL Analysis	2025-12-13T19:19:35.4832134Z [87/104] Loaded /opt/hostedtoolcache/CodeQL/2.23.6/x64/codeql/qlpacks/codeql/javascript-queries/2.2.0/Security/CWE-1275/SameSiteNoneCookie.qlx.
CodeQL Analysis	Perform CodeQL Analysis	2025-12-13T19:19:35.5213821Z [88/104] Loaded /opt/hostedtoolcache/CodeQL/2.23.6/x64/codeql/qlpacks/codeql/javascript-queries/2.2.0/Security/CWE-384/SessionFixation.qlx.
CodeQL Analysis	Perform CodeQL Analysis	2025-12-13T19:19:35.6070826Z [89/104] Loaded /opt/hostedtoolcache/CodeQL/2.23.6/x64/codeql/qlpacks/codeql/javascript-queries/2.2.0/Security/CWE-078/IndirectCommandInjection.qlx.
CodeQL Analysis	Perform CodeQL Analysis	2025-12-13T19:19:35.6764666Z [90/104] Loaded /opt/hostedtoolcache/CodeQL/2.23.6/x64/codeql/qlpacks/codeql/javascript-queries/2.2.0/Security/CWE-912/HttpToFileAccess.qlx.
CodeQL Analysis	Perform CodeQL Analysis	2025-12-13T19:19:35.7662516Z [91/104] Loaded /opt/hostedtoolcache/CodeQL/2.23.6/x64/codeql/qlpacks/codeql/javascript-queries/2.2.0/Security/CWE-506/HardcodedDataInterpretedAsCode.qlx.
CodeQL Analysis	Perform CodeQL Analysis	2025-12-13T19:19:35.8269725Z [92/104] Loaded /opt/hostedtoolcache/CodeQL/2.23.6/x64/codeql/qlpacks/codeql/javascript-queries/2.2.0/Security/CWE-377/InsecureTemporaryFile.qlx.
CodeQL Analysis	Perform CodeQL Analysis	2025-12-13T19:19:35.9134320Z [93/104] Loaded /opt/hostedtoolcache/CodeQL/2.23.6/x64/codeql/qlpacks/codeql/javascript-queries/2.2.0/Security/CWE-094/UnsafeCodeConstruction.qlx.
CodeQL Analysis	Perform CodeQL Analysis	2025-12-13T19:19:36.1056071Z [94/104] Loaded /opt/hostedtoolcache/CodeQL/2.23.6/x64/codeql/qlpacks/codeql/javascript-queries/2.2.0/Security/CWE-200/FileAccessToHttp.qlx.
CodeQL Analysis	Perform CodeQL Analysis	2025-12-13T19:19:36.1252091Z [95/104] Loaded /opt/hostedtoolcache/CodeQL/2.23.6/x64/codeql/qlpacks/codeql/javascript-queries/2.2.0/Security/CWE-367/FileSystemRace.qlx.
CodeQL Analysis	Perform CodeQL Analysis	2025-12-13T19:19:36.1389533Z [96/104] Loaded /opt/hostedtoolcache/CodeQL/2.23.6/x64/codeql/qlpacks/codeql/javascript-queries/2.2.0/Security/CWE-862/EmptyPasswordInConfigurationFile.qlx.
CodeQL Analysis	Perform CodeQL Analysis	2025-12-13T19:19:36.2322454Z [97/104] Loaded /opt/hostedtoolcache/CodeQL/2.23.6/x64/codeql/qlpacks/codeql/javascript-queries/2.2.0/Security/CWE-400/RemotePropertyInjection.qlx.
CodeQL Analysis	Perform CodeQL Analysis	2025-12-13T19:19:36.3211260Z [98/104] Loaded /opt/hostedtoolcache/CodeQL/2.23.6/x64/codeql/qlpacks/codeql/javascript-queries/2.2.0/Security/CWE-918/ClientSideRequestForgery.qlx.
CodeQL Analysis	Perform CodeQL Analysis	2025-12-13T19:19:36.4119765Z [99/104] Loaded /opt/hostedtoolcache/CodeQL/2.23.6/x64/codeql/qlpacks/codeql/javascript-queries/2.2.0/Security/CWE-807/ConditionalBypass.qlx.
CodeQL Analysis	Perform CodeQL Analysis	2025-12-13T19:19:36.4895118Z [100/104] Loaded /opt/hostedtoolcache/CodeQL/2.23.6/x64/codeql/qlpacks/codeql/javascript-queries/2.2.0/Security/CWE-117/LogInjection.qlx.
CodeQL Analysis	Perform CodeQL Analysis	2025-12-13T19:19:36.4972633Z [101/104] Loaded /opt/hostedtoolcache/CodeQL/2.23.6/x64/codeql/qlpacks/codeql/javascript-queries/2.2.0/Diagnostics/ExtractedFiles.qlx.
CodeQL Analysis	Perform CodeQL Analysis	2025-12-13T19:19:36.5027891Z [102/104] Loaded /opt/hostedtoolcache/CodeQL/2.23.6/x64/codeql/qlpacks/codeql/javascript-queries/2.2.0/Diagnostics/ExtractionErrors.qlx.
CodeQL Analysis	Perform CodeQL Analysis	2025-12-13T19:19:36.5313586Z [103/104] Loaded /opt/hostedtoolcache/CodeQL/2.23.6/x64/codeql/qlpacks/codeql/javascript-queries/2.2.0/Summary/LinesOfUserCode.qlx.
CodeQL Analysis	Perform CodeQL Analysis	2025-12-13T19:19:36.5399974Z [104/104] Loaded /opt/hostedtoolcache/CodeQL/2.23.6/x64/codeql/qlpacks/codeql/javascript-queries/2.2.0/Summary/LinesOfCode.qlx.
CodeQL Analysis	Perform CodeQL Analysis	2025-12-13T19:19:37.2709117Z Starting evaluation of codeql/javascript-queries/AngularJS/DisablingSce.ql.
CodeQL Analysis	Perform CodeQL Analysis	2025-12-13T19:19:37.2731395Z Starting evaluation of codeql/javascript-queries/AngularJS/DoubleCompilation.ql.
CodeQL Analysis	Perform CodeQL Analysis	2025-12-13T19:19:46.5953013Z [1/104 eval 9.3s] Evaluation done; writing results to codeql/javascript-queries/AngularJS/DisablingSce.bqrs.
CodeQL Analysis	Perform CodeQL Analysis	2025-12-13T19:19:48.9697352Z Starting evaluation of codeql/javascript-queries/AngularJS/InsecureUrlWhitelist.ql.
CodeQL Analysis	Perform CodeQL Analysis	2025-12-13T19:19:51.3443424Z Starting evaluation of codeql/javascript-queries/Diagnostics/ExtractedFiles.ql.
CodeQL Analysis	Perform CodeQL Analysis	2025-12-13T19:19:51.3444791Z [2/104 eval 2.4s] Evaluation done; writing results to codeql/javascript-queries/AngularJS/InsecureUrlWhitelist.bqrs.
CodeQL Analysis	Perform CodeQL Analysis	2025-12-13T19:19:51.3734798Z [3/104 eval 30ms] Evaluation done; writing results to codeql/javascript-queries/Diagnostics/ExtractedFiles.bqrs.
CodeQL Analysis	Perform CodeQL Analysis	2025-12-13T19:19:51.4220295Z Starting evaluation of codeql/javascript-queries/Diagnostics/ExtractionErrors.ql.
CodeQL Analysis	Perform CodeQL Analysis	2025-12-13T19:19:51.4303196Z Starting evaluation of codeql/javascript-queries/Electron/AllowRunningInsecureContent.ql.
CodeQL Analysis	Perform CodeQL Analysis	2025-12-13T19:19:51.4304723Z [4/104 eval 8ms] Evaluation done; writing results to codeql/javascript-queries/Diagnostics/ExtractionErrors.bqrs.
CodeQL Analysis	Perform CodeQL Analysis	2025-12-13T19:19:51.7930596Z [5/104 eval 367ms] Evaluation done; writing results to codeql/javascript-queries/Electron/AllowRunningInsecureContent.bqrs.
CodeQL Analysis	Perform CodeQL Analysis	2025-12-13T19:19:51.8228384Z Starting evaluation of codeql/javascript-queries/Electron/DisablingWebSecurity.ql.
CodeQL Analysis	Perform CodeQL Analysis	2025-12-13T19:19:51.8238561Z Starting evaluation of codeql/javascript-queries/Performance/PolynomialReDoS.ql.
CodeQL Analysis	Perform CodeQL Analysis	2025-12-13T19:19:51.8256950Z [6/104 eval 2ms] Evaluation done; writing results to codeql/javascript-queries/Electron/DisablingWebSecurity.bqrs.
CodeQL Analysis	Perform CodeQL Analysis	2025-12-13T19:19:53.5989500Z [7/104 eval 16.3s] Evaluation done; writing results to codeql/javascript-queries/AngularJS/DoubleCompilation.bqrs.
CodeQL Analysis	Perform CodeQL Analysis	2025-12-13T19:19:59.6712180Z Starting evaluation of codeql/javascript-queries/Performance/ReDoS.ql.
CodeQL Analysis	Perform CodeQL Analysis	2025-12-13T19:19:59.7168323Z Starting evaluation of codeql/javascript-queries/RegExp/IdentityReplacement.ql.
CodeQL Analysis	Perform CodeQL Analysis	2025-12-13T19:19:59.9628384Z Starting evaluation of codeql/javascript-queries/Security/CWE-020/IncompleteHostnameRegExp.ql.
CodeQL Analysis	Perform CodeQL Analysis	2025-12-13T19:19:59.9631016Z [8/104 eval 244ms] Evaluation done; writing results to codeql/javascript-queries/RegExp/IdentityReplacement.bqrs.
CodeQL Analysis	Perform CodeQL Analysis	2025-12-13T19:19:59.9721025Z Starting evaluation of codeql/javascript-queries/Security/CWE-020/IncompleteUrlSchemeCheck.ql.
CodeQL Analysis	Perform CodeQL Analysis	2025-12-13T19:20:01.2308425Z Starting evaluation of codeql/javascript-queries/Security/CWE-020/IncompleteUrlSubstringSanitization.ql.
CodeQL Analysis	Perform CodeQL Analysis	2025-12-13T19:20:01.7262213Z Starting evaluation of codeql/javascript-queries/Security/CWE-020/IncorrectSuffixCheck.ql.
CodeQL Analysis	Perform CodeQL Analysis	2025-12-13T19:20:02.0165034Z [9/104 eval 292ms] Evaluation done; writing results to codeql/javascript-queries/Security/CWE-020/IncorrectSuffixCheck.bqrs.
CodeQL Analysis	Perform CodeQL Analysis	2025-12-13T19:20:02.0259906Z Starting evaluation of codeql/javascript-queries/Security/CWE-020/MissingOriginCheck.ql.
CodeQL Analysis	Perform CodeQL Analysis	2025-12-13T19:20:02.0656407Z Starting evaluation of codeql/javascript-queries/Security/CWE-020/MissingRegExpAnchor.ql.
CodeQL Analysis	Perform CodeQL Analysis	2025-12-13T19:20:02.0683833Z Starting evaluation of codeql/javascript-queries/Security/CWE-020/OverlyLargeRange.ql.
CodeQL Analysis	Perform CodeQL Analysis	2025-12-13T19:20:03.8788523Z [10/104 eval 3.9s] Evaluation done; writing results to codeql/javascript-queries/Security/CWE-020/IncompleteUrlSchemeCheck.bqrs.
CodeQL Analysis	Perform CodeQL Analysis	2025-12-13T19:20:05.0919717Z [11/104 eval 3.9s] Evaluation done; writing results to codeql/javascript-queries/Security/CWE-020/IncompleteUrlSubstringSanitization.bqrs.
CodeQL Analysis	Perform CodeQL Analysis	2025-12-13T19:20:05.1177087Z Starting evaluation of codeql/javascript-queries/Security/CWE-020/UselessRegExpCharacterEscape.ql.
CodeQL Analysis	Perform CodeQL Analysis	2025-12-13T19:20:05.1194808Z [12/104 eval 3.1s] Evaluation done; writing results to codeql/javascript-queries/Security/CWE-020/MissingOriginCheck.bqrs.
CodeQL Analysis	Perform CodeQL Analysis	2025-12-13T19:20:05.2442183Z Starting evaluation of codeql/javascript-queries/Security/CWE-022/TaintedPath.ql.
CodeQL Analysis	Perform CodeQL Analysis	2025-12-13T19:20:05.6815653Z Starting evaluation of codeql/javascript-queries/Security/CWE-022/ZipSlip.ql.
CodeQL Analysis	Perform CodeQL Analysis	2025-12-13T19:20:06.0389955Z Starting evaluation of codeql/javascript-queries/Security/CWE-073/TemplateObjectInjection.ql.
CodeQL Analysis	Perform CodeQL Analysis	2025-12-13T19:20:06.1533349Z Starting evaluation of codeql/javascript-queries/Security/CWE-078/CommandInjection.ql.
CodeQL Analysis	Perform CodeQL Analysis	2025-12-13T19:20:06.1535807Z [13/104 eval 111ms] Evaluation done; writing results to codeql/javascript-queries/Security/CWE-073/TemplateObjectInjection.bqrs.
CodeQL Analysis	Perform CodeQL Analysis	2025-12-13T19:20:06.4770183Z Starting evaluation of codeql/javascript-queries/Security/CWE-078/IndirectCommandInjection.ql.
CodeQL Analysis	Perform CodeQL Analysis	2025-12-13T19:20:06.5655544Z Starting evaluation of codeql/javascript-queries/Security/CWE-078/SecondOrderCommandInjection.ql.
CodeQL Analysis	Perform CodeQL Analysis	2025-12-13T19:20:09.2635129Z [14/104 eval 7.2s] Evaluation done; writing results to codeql/javascript-queries/Security/CWE-020/OverlyLargeRange.bqrs.
CodeQL Analysis	Perform CodeQL Analysis	2025-12-13T19:20:12.1915330Z [15/104 eval 7.1s] Evaluation done; writing results to codeql/javascript-queries/Security/CWE-020/UselessRegExpCharacterEscape.bqrs.
CodeQL Analysis	Perform CodeQL Analysis	2025-12-13T19:20:14.9814851Z [16/104 eval 15.3s] Evaluation done; writing results to codeql/javascript-queries/Performance/ReDoS.bqrs.
CodeQL Analysis	Perform CodeQL Analysis	2025-12-13T19:20:15.0338251Z [17/104 eval 23.2s] Evaluation done; writing results to codeql/javascript-queries/Performance/PolynomialReDoS.bqrs.
CodeQL Analysis	Perform CodeQL Analysis	2025-12-13T19:20:15.4813673Z [18/104 eval 15.5s] Evaluation done; writing results to codeql/javascript-queries/Security/CWE-020/IncompleteHostnameRegExp.bqrs.
CodeQL Analysis	Perform CodeQL Analysis	2025-12-13T19:20:16.1626944Z [19/104 eval 14.1s] Evaluation done; writing results to codeql/javascript-queries/Security/CWE-020/MissingRegExpAnchor.bqrs.
CodeQL Analysis	Perform CodeQL Analysis	2025-12-13T19:20:16.1953919Z [20/104 eval 10.5s] Evaluation done; writing results to codeql/javascript-queries/Security/CWE-022/ZipSlip.bqrs.
CodeQL Analysis	Perform CodeQL Analysis	2025-12-13T19:20:17.3708441Z [21/104 eval 12.1s] Evaluation done; writing results to codeql/javascript-queries/Security/CWE-022/TaintedPath.bqrs.
CodeQL Analysis	Perform CodeQL Analysis	2025-12-13T19:20:17.6834475Z [22/104 eval 11.2s] Evaluation done; writing results to codeql/javascript-queries/Security/CWE-078/IndirectCommandInjection.bqrs.
CodeQL Analysis	Perform CodeQL Analysis	2025-12-13T19:20:17.7942429Z [23/104 eval 11.2s] Evaluation done; writing results to codeql/javascript-queries/Security/CWE-078/SecondOrderCommandInjection.bqrs.
CodeQL Analysis	Perform CodeQL Analysis	2025-12-13T19:20:17.7982022Z Starting evaluation of codeql/javascript-queries/Security/CWE-078/ShellCommandInjectionFromEnvironment.ql.
CodeQL Analysis	Perform CodeQL Analysis	2025-12-13T19:20:19.1123352Z [24/104 eval 13s] Evaluation done; writing results to codeql/javascript-queries/Security/CWE-078/CommandInjection.bqrs.
CodeQL Analysis	Perform CodeQL Analysis	2025-12-13T19:20:19.1420118Z Starting evaluation of codeql/javascript-queries/Security/CWE-078/UnsafeShellCommandConstruction.ql.
CodeQL Analysis	Perform CodeQL Analysis	2025-12-13T19:20:19.1482673Z [25/104 eval 5ms] Evaluation done; writing results to codeql/javascript-queries/Security/CWE-078/UnsafeShellCommandConstruction.bqrs.
CodeQL Analysis	Perform CodeQL Analysis	2025-12-13T19:20:19.1486390Z Starting evaluation of codeql/javascript-queries/Security/CWE-078/UselessUseOfCat.ql.
CodeQL Analysis	Perform CodeQL Analysis	2025-12-13T19:20:19.1731960Z [26/104 eval 1.4s] Evaluation done; writing results to codeql/javascript-queries/Security/CWE-078/ShellCommandInjectionFromEnvironment.bqrs.
CodeQL Analysis	Perform CodeQL Analysis	2025-12-13T19:20:19.1749855Z Starting evaluation of codeql/javascript-queries/Security/CWE-079/ExceptionXss.ql.
CodeQL Analysis	Perform CodeQL Analysis	2025-12-13T19:20:19.5177694Z [27/104 eval 369ms] Evaluation done; writing results to codeql/javascript-queries/Security/CWE-078/UselessUseOfCat.bqrs.
CodeQL Analysis	Perform CodeQL Analysis	2025-12-13T19:20:19.9640494Z Starting evaluation of codeql/javascript-queries/Security/CWE-079/ReflectedXss.ql.
CodeQL Analysis	Perform CodeQL Analysis	2025-12-13T19:20:20.5283976Z Starting evaluation of codeql/javascript-queries/Security/CWE-079/StoredXss.ql.
CodeQL Analysis	Perform CodeQL Analysis	2025-12-13T19:20:20.8567021Z [28/104 eval 895ms] Evaluation done; writing results to codeql/javascript-queries/Security/CWE-079/ReflectedXss.bqrs.
CodeQL Analysis	Perform CodeQL Analysis	2025-12-13T19:20:21.0862322Z [29/104 eval 556ms] Evaluation done; writing results to codeql/javascript-queries/Security/CWE-079/StoredXss.bqrs.
CodeQL Analysis	Perform CodeQL Analysis	2025-12-13T19:20:21.1008487Z Starting evaluation of codeql/javascript-queries/Security/CWE-079/UnsafeHtmlConstruction.ql.
CodeQL Analysis	Perform CodeQL Analysis	2025-12-13T19:20:21.2320322Z [30/104 eval 130ms] Evaluation done; writing results to codeql/javascript-queries/Security/CWE-079/UnsafeHtmlConstruction.bqrs.
CodeQL Analysis	Perform CodeQL Analysis	2025-12-13T19:20:21.2633494Z Starting evaluation of codeql/javascript-queries/Security/CWE-079/UnsafeJQueryPlugin.ql.
CodeQL Analysis	Perform CodeQL Analysis	2025-12-13T19:20:21.4584367Z [31/104 eval 195ms] Evaluation done; writing results to codeql/javascript-queries/Security/CWE-079/UnsafeJQueryPlugin.bqrs.
CodeQL Analysis	Perform CodeQL Analysis	2025-12-13T19:20:21.4630468Z Starting evaluation of codeql/javascript-queries/Security/CWE-079/Xss.ql.
CodeQL Analysis	Perform CodeQL Analysis	2025-12-13T19:20:22.9241926Z [32/104 eval 1.5s] Evaluation done; writing results to codeql/javascript-queries/Security/CWE-079/Xss.bqrs.
CodeQL Analysis	Perform CodeQL Analysis	2025-12-13T19:20:22.9256279Z Starting evaluation of codeql/javascript-queries/Security/CWE-079/XssThroughDom.ql.
CodeQL Analysis	Perform CodeQL Analysis	2025-12-13T19:20:23.5192609Z [33/104 eval 4.3s] Evaluation done; writing results to codeql/javascript-queries/Security/CWE-079/ExceptionXss.bqrs.
CodeQL Analysis	Perform CodeQL Analysis	2025-12-13T19:20:23.5735729Z Starting evaluation of codeql/javascript-queries/Security/CWE-089/SqlInjection.ql.
CodeQL Analysis	Perform CodeQL Analysis	2025-12-13T19:20:24.2301765Z Starting evaluation of codeql/javascript-queries/Security/CWE-094/CodeInjection.ql.
CodeQL Analysis	Perform CodeQL Analysis	2025-12-13T19:20:24.2312594Z [34/104 eval 657ms] Evaluation done; writing results to codeql/javascript-queries/Security/CWE-089/SqlInjection.bqrs.
CodeQL Analysis	Perform CodeQL Analysis	2025-12-13T19:20:24.6910133Z [35/104 eval 1.8s] Evaluation done; writing results to codeql/javascript-queries/Security/CWE-079/XssThroughDom.bqrs.
CodeQL Analysis	Perform CodeQL Analysis	2025-12-13T19:20:24.6932885Z Starting evaluation of codeql/javascript-queries/Security/CWE-094/ImproperCodeSanitization.ql.
CodeQL Analysis	Perform CodeQL Analysis	2025-12-13T19:20:24.9381213Z [36/104 eval 244ms] Evaluation done; writing results to codeql/javascript-queries/Security/CWE-094/ImproperCodeSanitization.bqrs.
CodeQL Analysis	Perform CodeQL Analysis	2025-12-13T19:20:24.9386978Z Starting evaluation of codeql/javascript-queries/Security/CWE-094/UnsafeCodeConstruction.ql.
CodeQL Analysis	Perform CodeQL Analysis	2025-12-13T19:20:24.9467104Z Starting evaluation of codeql/javascript-queries/Security/CWE-094/UnsafeDynamicMethodAccess.ql.
CodeQL Analysis	Perform CodeQL Analysis	2025-12-13T19:20:24.9484920Z [37/104 eval 9ms] Evaluation done; writing results to codeql/javascript-queries/Security/CWE-094/UnsafeCodeConstruction.bqrs.
CodeQL Analysis	Perform CodeQL Analysis	2025-12-13T19:20:25.1774952Z [38/104 eval 946ms] Evaluation done; writing results to codeql/javascript-queries/Security/CWE-094/CodeInjection.bqrs.
CodeQL Analysis	Perform CodeQL Analysis	2025-12-13T19:20:25.1820304Z Starting evaluation of codeql/javascript-queries/Security/CWE-1004/ClientExposedCookie.ql.
CodeQL Analysis	Perform CodeQL Analysis	2025-12-13T19:20:25.7489865Z [39/104 eval 802ms] Evaluation done; writing results to codeql/javascript-queries/Security/CWE-094/UnsafeDynamicMethodAccess.bqrs.
CodeQL Analysis	Perform CodeQL Analysis	2025-12-13T19:20:28.1032009Z Starting evaluation of codeql/javascript-queries/Security/CWE-116/BadTagFilter.ql.
CodeQL Analysis	Perform CodeQL Analysis	2025-12-13T19:20:28.5265799Z [40/104 eval 426ms] Evaluation done; writing results to codeql/javascript-queries/Security/CWE-116/BadTagFilter.bqrs.
CodeQL Analysis	Perform CodeQL Analysis	2025-12-13T19:20:29.5543223Z Starting evaluation of codeql/javascript-queries/Security/CWE-116/DoubleEscaping.ql.
CodeQL Analysis	Perform CodeQL Analysis	2025-12-13T19:20:29.5586982Z Starting evaluation of codeql/javascript-queries/Security/CWE-116/IncompleteHtmlAttributeSanitization.ql.
CodeQL Analysis	Perform CodeQL Analysis	2025-12-13T19:20:29.5595195Z [41/104 eval 4.4s] Evaluation done; writing results to codeql/javascript-queries/Security/CWE-1004/ClientExposedCookie.bqrs.
CodeQL Analysis	Perform CodeQL Analysis	2025-12-13T19:20:29.8557401Z [42/104 eval 300ms] Evaluation done; writing results to codeql/javascript-queries/Security/CWE-116/DoubleEscaping.bqrs.
CodeQL Analysis	Perform CodeQL Analysis	2025-12-13T19:20:30.1939606Z Starting evaluation of codeql/javascript-queries/Security/CWE-116/IncompleteMultiCharacterSanitization.ql.
CodeQL Analysis	Perform CodeQL Analysis	2025-12-13T19:20:30.4714873Z [43/104 eval 912ms] Evaluation done; writing results to codeql/javascript-queries/Security/CWE-116/IncompleteHtmlAttributeSanitization.bqrs.
CodeQL Analysis	Perform CodeQL Analysis	2025-12-13T19:20:30.4733087Z Starting evaluation of codeql/javascript-queries/Security/CWE-116/IncompleteSanitization.ql.
CodeQL Analysis	Perform CodeQL Analysis	2025-12-13T19:20:30.6072482Z [44/104 eval 413ms] Evaluation done; writing results to codeql/javascript-queries/Security/CWE-116/IncompleteMultiCharacterSanitization.bqrs.
CodeQL Analysis	Perform CodeQL Analysis	2025-12-13T19:20:30.6358267Z Starting evaluation of codeql/javascript-queries/Security/CWE-116/UnsafeHtmlExpansion.ql.
CodeQL Analysis	Perform CodeQL Analysis	2025-12-13T19:20:30.6412339Z Starting evaluation of codeql/javascript-queries/Security/CWE-117/LogInjection.ql.
CodeQL Analysis	Perform CodeQL Analysis	2025-12-13T19:20:30.6435291Z [45/104 eval 168ms] Evaluation done; writing results to codeql/javascript-queries/Security/CWE-116/IncompleteSanitization.bqrs.
CodeQL Analysis	Perform CodeQL Analysis	2025-12-13T19:20:30.7071880Z [46/104 eval 71ms] Evaluation done; writing results to codeql/javascript-queries/Security/CWE-116/UnsafeHtmlExpansion.bqrs.
CodeQL Analysis	Perform CodeQL Analysis	2025-12-13T19:20:30.7165071Z Starting evaluation of codeql/javascript-queries/Security/CWE-1275/SameSiteNoneCookie.ql.
CodeQL Analysis	Perform CodeQL Analysis	2025-12-13T19:20:30.7245816Z Starting evaluation of codeql/javascript-queries/Security/CWE-134/TaintedFormatString.ql.
CodeQL Analysis	Perform CodeQL Analysis	2025-12-13T19:20:30.7255832Z [47/104 eval 9ms] Evaluation done; writing results to codeql/javascript-queries/Security/CWE-1275/SameSiteNoneCookie.bqrs.
CodeQL Analysis	Perform CodeQL Analysis	2025-12-13T19:20:31.4832769Z [48/104 eval 841ms] Evaluation done; writing results to codeql/javascript-queries/Security/CWE-117/LogInjection.bqrs.
CodeQL Analysis	Perform CodeQL Analysis	2025-12-13T19:20:31.5033382Z Starting evaluation of codeql/javascript-queries/Security/CWE-178/CaseSensitiveMiddlewarePath.ql.
CodeQL Analysis	Perform CodeQL Analysis	2025-12-13T19:20:31.5259359Z [49/104 eval 21ms] Evaluation done; writing results to codeql/javascript-queries/Security/CWE-178/CaseSensitiveMiddlewarePath.bqrs.
CodeQL Analysis	Perform CodeQL Analysis	2025-12-13T19:20:31.5260910Z Starting evaluation of codeql/javascript-queries/Security/CWE-200/FileAccessToHttp.ql.
CodeQL Analysis	Perform CodeQL Analysis	2025-12-13T19:20:31.8733585Z [50/104 eval 1.1s] Evaluation done; writing results to codeql/javascript-queries/Security/CWE-134/TaintedFormatString.bqrs.
CodeQL Analysis	Perform CodeQL Analysis	2025-12-13T19:20:31.9020362Z Starting evaluation of codeql/javascript-queries/Security/CWE-200/PrivateFileExposure.ql.
CodeQL Analysis	Perform CodeQL Analysis	2025-12-13T19:20:32.0422339Z [51/104 eval 515ms] Evaluation done; writing results to codeql/javascript-queries/Security/CWE-200/FileAccessToHttp.bqrs.
CodeQL Analysis	Perform CodeQL Analysis	2025-12-13T19:20:32.0491854Z Starting evaluation of codeql/javascript-queries/Security/CWE-201/PostMessageStar.ql.
CodeQL Analysis	Perform CodeQL Analysis	2025-12-13T19:20:32.1107474Z [52/104 eval 63ms] Evaluation done; writing results to codeql/javascript-queries/Security/CWE-201/PostMessageStar.bqrs.
CodeQL Analysis	Perform CodeQL Analysis	2025-12-13T19:20:32.1502876Z Starting evaluation of codeql/javascript-queries/Security/CWE-209/StackTraceExposure.ql.
CodeQL Analysis	Perform CodeQL Analysis	2025-12-13T19:20:32.1712164Z [53/104 eval 267ms] Evaluation done; writing results to codeql/javascript-queries/Security/CWE-200/PrivateFileExposure.bqrs.
CodeQL Analysis	Perform CodeQL Analysis	2025-12-13T19:20:32.1831720Z Starting evaluation of codeql/javascript-queries/Security/CWE-295/DisablingCertificateValidation.ql.
CodeQL Analysis	Perform CodeQL Analysis	2025-12-13T19:20:32.5069911Z Starting evaluation of codeql/javascript-queries/Security/CWE-300/InsecureDependencyResolution.ql.
CodeQL Analysis	Perform CodeQL Analysis	2025-12-13T19:20:32.5113715Z Starting evaluation of codeql/javascript-queries/Security/CWE-312/BuildArtifactLeak.ql.
CodeQL Analysis	Perform CodeQL Analysis	2025-12-13T19:20:32.5115185Z [54/104 eval 324ms] Evaluation done; writing results to codeql/javascript-queries/Security/CWE-295/DisablingCertificateValidation.bqrs.
CodeQL Analysis	Perform CodeQL Analysis	2025-12-13T19:20:32.5116647Z [55/104 eval 4ms] Evaluation done; writing results to codeql/javascript-queries/Security/CWE-300/InsecureDependencyResolution.bqrs.
CodeQL Analysis	Perform CodeQL Analysis	2025-12-13T19:20:32.5258913Z Starting evaluation of codeql/javascript-queries/Security/CWE-312/CleartextLogging.ql.
CodeQL Analysis	Perform CodeQL Analysis	2025-12-13T19:20:32.5260289Z [56/104 eval 22ms] Evaluation done; writing results to codeql/javascript-queries/Security/CWE-312/BuildArtifactLeak.bqrs.
CodeQL Analysis	Perform CodeQL Analysis	2025-12-13T19:20:34.0688809Z [57/104 eval 1.9s] Evaluation done; writing results to codeql/javascript-queries/Security/CWE-209/StackTraceExposure.bqrs.
CodeQL Analysis	Perform CodeQL Analysis	2025-12-13T19:20:34.8332375Z Starting evaluation of codeql/javascript-queries/Security/CWE-312/CleartextStorage.ql.
CodeQL Analysis	Perform CodeQL Analysis	2025-12-13T19:20:36.2963179Z [58/104 eval 3.8s] Evaluation done; writing results to codeql/javascript-queries/Security/CWE-312/CleartextLogging.bqrs.
CodeQL Analysis	Perform CodeQL Analysis	2025-12-13T19:20:36.2986545Z Starting evaluation of codeql/javascript-queries/Security/CWE-326/InsufficientKeySize.ql.
CodeQL Analysis	Perform CodeQL Analysis	2025-12-13T19:20:36.3160986Z [59/104 eval 1.5s] Evaluation done; writing results to codeql/javascript-queries/Security/CWE-312/CleartextStorage.bqrs.
CodeQL Analysis	Perform CodeQL Analysis	2025-12-13T19:20:36.3395252Z Starting evaluation of codeql/javascript-queries/Security/CWE-327/BadRandomness.ql.
CodeQL Analysis	Perform CodeQL Analysis	2025-12-13T19:20:36.3433619Z Starting evaluation of codeql/javascript-queries/Security/CWE-327/BrokenCryptoAlgorithm.ql.
CodeQL Analysis	Perform CodeQL Analysis	2025-12-13T19:20:36.3447033Z [60/104 eval 44ms] Evaluation done; writing results to codeql/javascript-queries/Security/CWE-326/InsufficientKeySize.bqrs.
CodeQL Analysis	Perform CodeQL Analysis	2025-12-13T19:20:36.4642211Z [61/104 eval 124ms] Evaluation done; writing results to codeql/javascript-queries/Security/CWE-327/BadRandomness.bqrs.
CodeQL Analysis	Perform CodeQL Analysis	2025-12-13T19:20:36.4678236Z Starting evaluation of codeql/javascript-queries/Security/CWE-338/InsecureRandomness.ql.
CodeQL Analysis	Perform CodeQL Analysis	2025-12-13T19:20:36.4957426Z [62/104 eval 151ms] Evaluation done; writing results to codeql/javascript-queries/Security/CWE-327/BrokenCryptoAlgorithm.bqrs.
CodeQL Analysis	Perform CodeQL Analysis	2025-12-13T19:20:36.4995182Z Starting evaluation of codeql/javascript-queries/Security/CWE-346/CorsMisconfigurationForCredentials.ql.
CodeQL Analysis	Perform CodeQL Analysis	2025-12-13T19:20:36.6182338Z [63/104 eval 118ms] Evaluation done; writing results to codeql/javascript-queries/Security/CWE-346/CorsMisconfigurationForCredentials.bqrs.
CodeQL Analysis	Perform CodeQL Analysis	2025-12-13T19:20:37.4442348Z Starting evaluation of codeql/javascript-queries/Security/CWE-347/MissingJWTKeyVerification.ql.
CodeQL Analysis	Perform CodeQL Analysis	2025-12-13T19:20:37.4575354Z [64/104 eval 14ms] Evaluation done; writing results to codeql/javascript-queries/Security/CWE-347/MissingJWTKeyVerification.bqrs.
CodeQL Analysis	Perform CodeQL Analysis	2025-12-13T19:20:37.4947077Z Starting evaluation of codeql/javascript-queries/Security/CWE-352/MissingCsrfMiddleware.ql.
CodeQL Analysis	Perform CodeQL Analysis	2025-12-13T19:20:37.5140503Z [65/104 eval 18ms] Evaluation done; writing results to codeql/javascript-queries/Security/CWE-352/MissingCsrfMiddleware.bqrs.
CodeQL Analysis	Perform CodeQL Analysis	2025-12-13T19:20:37.5160147Z Starting evaluation of codeql/javascript-queries/Security/CWE-367/FileSystemRace.ql.
CodeQL Analysis	Perform CodeQL Analysis	2025-12-13T19:20:37.7032249Z [66/104 eval 187ms] Evaluation done; writing results to codeql/javascript-queries/Security/CWE-367/FileSystemRace.bqrs.
CodeQL Analysis	Perform CodeQL Analysis	2025-12-13T19:20:37.7207117Z Starting evaluation of codeql/javascript-queries/Security/CWE-377/InsecureTemporaryFile.ql.
CodeQL Analysis	Perform CodeQL Analysis	2025-12-13T19:20:37.7863573Z [67/104 eval 65ms] Evaluation done; writing results to codeql/javascript-queries/Security/CWE-377/InsecureTemporaryFile.bqrs.
CodeQL Analysis	Perform CodeQL Analysis	2025-12-13T19:20:37.7925101Z Starting evaluation of codeql/javascript-queries/Security/CWE-384/SessionFixation.ql.
CodeQL Analysis	Perform CodeQL Analysis	2025-12-13T19:20:37.7969220Z Starting evaluation of codeql/javascript-queries/Security/CWE-400/DeepObjectResourceExhaustion.ql.
CodeQL Analysis	Perform CodeQL Analysis	2025-12-13T19:20:37.7976687Z [68/104 eval 5ms] Evaluation done; writing results to codeql/javascript-queries/Security/CWE-384/SessionFixation.bqrs.
CodeQL Analysis	Perform CodeQL Analysis	2025-12-13T19:20:37.8329272Z [69/104 eval 34ms] Evaluation done; writing results to codeql/javascript-queries/Security/CWE-400/DeepObjectResourceExhaustion.bqrs.
CodeQL Analysis	Perform CodeQL Analysis	2025-12-13T19:20:37.8503399Z Starting evaluation of codeql/javascript-queries/Security/CWE-400/RemotePropertyInjection.ql.
CodeQL Analysis	Perform CodeQL Analysis	2025-12-13T19:20:39.0050967Z [70/104 eval 2.5s] Evaluation done; writing results to codeql/javascript-queries/Security/CWE-338/InsecureRandomness.bqrs.
CodeQL Analysis	Perform CodeQL Analysis	2025-12-13T19:20:39.0093003Z Starting evaluation of codeql/javascript-queries/Security/CWE-502/UnsafeDeserialization.ql.
CodeQL Analysis	Perform CodeQL Analysis	2025-12-13T19:20:39.1609261Z Starting evaluation of codeql/javascript-queries/Security/CWE-506/HardcodedDataInterpretedAsCode.ql.
CodeQL Analysis	Perform CodeQL Analysis	2025-12-13T19:20:39.1616120Z [71/104 eval 153ms] Evaluation done; writing results to codeql/javascript-queries/Security/CWE-502/UnsafeDeserialization.bqrs.
CodeQL Analysis	Perform CodeQL Analysis	2025-12-13T19:20:39.6082746Z [72/104 eval 1.8s] Evaluation done; writing results to codeql/javascript-queries/Security/CWE-400/RemotePropertyInjection.bqrs.
CodeQL Analysis	Perform CodeQL Analysis	2025-12-13T19:20:39.6471229Z Starting evaluation of codeql/javascript-queries/Security/CWE-598/SensitiveGetQuery.ql.
CodeQL Analysis	Perform CodeQL Analysis	2025-12-13T19:20:39.7402110Z Starting evaluation of codeql/javascript-queries/Security/CWE-601/ClientSideUrlRedirect.ql.
CodeQL Analysis	Perform CodeQL Analysis	2025-12-13T19:20:39.7405520Z [73/104 eval 93ms] Evaluation done; writing results to codeql/javascript-queries/Security/CWE-598/SensitiveGetQuery.bqrs.
CodeQL Analysis	Perform CodeQL Analysis	2025-12-13T19:20:39.8719379Z [74/104 eval 710ms] Evaluation done; writing results to codeql/javascript-queries/Security/CWE-506/HardcodedDataInterpretedAsCode.bqrs.
CodeQL Analysis	Perform CodeQL Analysis	2025-12-13T19:20:39.8915943Z Starting evaluation of codeql/javascript-queries/Security/CWE-601/ServerSideUrlRedirect.ql.
CodeQL Analysis	Perform CodeQL Analysis	2025-12-13T19:20:40.2281291Z [75/104 eval 336ms] Evaluation done; writing results to codeql/javascript-queries/Security/CWE-601/ServerSideUrlRedirect.bqrs.
CodeQL Analysis	Perform CodeQL Analysis	2025-12-13T19:20:40.2300671Z Starting evaluation of codeql/javascript-queries/Security/CWE-611/Xxe.ql.
CodeQL Analysis	Perform CodeQL Analysis	2025-12-13T19:20:40.2916113Z [76/104 eval 63ms] Evaluation done; writing results to codeql/javascript-queries/Security/CWE-611/Xxe.bqrs.
CodeQL Analysis	Perform CodeQL Analysis	2025-12-13T19:20:40.2922523Z Starting evaluation of codeql/javascript-queries/Security/CWE-614/ClearTextCookie.ql.
CodeQL Analysis	Perform CodeQL Analysis	2025-12-13T19:20:40.2935108Z Starting evaluation of codeql/javascript-queries/Security/CWE-640/HostHeaderPoisoningInEmailGeneration.ql.
CodeQL Analysis	Perform CodeQL Analysis	2025-12-13T19:20:40.2943750Z [77/104 eval 1ms] Evaluation done; writing results to codeql/javascript-queries/Security/CWE-614/ClearTextCookie.bqrs.
CodeQL Analysis	Perform CodeQL Analysis	2025-12-13T19:20:40.3078909Z Starting evaluation of codeql/javascript-queries/Security/CWE-643/XpathInjection.ql.
CodeQL Analysis	Perform CodeQL Analysis	2025-12-13T19:20:40.3085767Z [78/104 eval 14ms] Evaluation done; writing results to codeql/javascript-queries/Security/CWE-640/HostHeaderPoisoningInEmailGeneration.bqrs.
CodeQL Analysis	Perform CodeQL Analysis	2025-12-13T19:20:40.3408124Z Starting evaluation of codeql/javascript-queries/Security/CWE-693/InsecureHelmet.ql.
CodeQL Analysis	Perform CodeQL Analysis	2025-12-13T19:20:40.3409352Z [79/104 eval 32ms] Evaluation done; writing results to codeql/javascript-queries/Security/CWE-643/XpathInjection.bqrs.
CodeQL Analysis	Perform CodeQL Analysis	2025-12-13T19:20:40.4087121Z [80/104 eval 67ms] Evaluation done; writing results to codeql/javascript-queries/Security/CWE-693/InsecureHelmet.bqrs.
CodeQL Analysis	Perform CodeQL Analysis	2025-12-13T19:20:40.4111382Z Starting evaluation of codeql/javascript-queries/Security/CWE-730/RegExpInjection.ql.
CodeQL Analysis	Perform CodeQL Analysis	2025-12-13T19:20:40.9892888Z [81/104 eval 578ms] Evaluation done; writing results to codeql/javascript-queries/Security/CWE-730/RegExpInjection.bqrs.
CodeQL Analysis	Perform CodeQL Analysis	2025-12-13T19:20:41.0717685Z Starting evaluation of codeql/javascript-queries/Security/CWE-730/ServerCrash.ql.
CodeQL Analysis	Perform CodeQL Analysis	2025-12-13T19:20:41.0979784Z [82/104 eval 25ms] Evaluation done; writing results to codeql/javascript-queries/Security/CWE-730/ServerCrash.bqrs.
CodeQL Analysis	Perform CodeQL Analysis	2025-12-13T19:20:41.0982823Z Starting evaluation of codeql/javascript-queries/Security/CWE-754/UnvalidatedDynamicMethodCall.ql.
CodeQL Analysis	Perform CodeQL Analysis	2025-12-13T19:20:42.3592300Z [83/104 eval 2.6s] Evaluation done; writing results to codeql/javascript-queries/Security/CWE-601/ClientSideUrlRedirect.bqrs.
CodeQL Analysis	Perform CodeQL Analysis	2025-12-13T19:20:42.3621639Z Starting evaluation of codeql/javascript-queries/Security/CWE-770/MissingRateLimiting.ql.
CodeQL Analysis	Perform CodeQL Analysis	2025-12-13T19:20:42.3821970Z Starting evaluation of codeql/javascript-queries/Security/CWE-770/ResourceExhaustion.ql.
CodeQL Analysis	Perform CodeQL Analysis	2025-12-13T19:20:42.3823247Z [84/104 eval 21ms] Evaluation done; writing results to codeql/javascript-queries/Security/CWE-770/MissingRateLimiting.bqrs.
CodeQL Analysis	Perform CodeQL Analysis	2025-12-13T19:20:43.1045297Z [85/104 eval 2s] Evaluation done; writing results to codeql/javascript-queries/Security/CWE-754/UnvalidatedDynamicMethodCall.bqrs.
CodeQL Analysis	Perform CodeQL Analysis	2025-12-13T19:20:43.1112489Z Starting evaluation of codeql/javascript-queries/Security/CWE-776/XmlBomb.ql.
CodeQL Analysis	Perform CodeQL Analysis	2025-12-13T19:20:43.1284643Z [86/104 eval 18ms] Evaluation done; writing results to codeql/javascript-queries/Security/CWE-776/XmlBomb.bqrs.
CodeQL Analysis	Perform CodeQL Analysis	2025-12-13T19:20:43.1293555Z Starting evaluation of codeql/javascript-queries/Security/CWE-807/ConditionalBypass.ql.
CodeQL Analysis	Perform CodeQL Analysis	2025-12-13T19:20:43.3452909Z [87/104 eval 964ms] Evaluation done; writing results to codeql/javascript-queries/Security/CWE-770/ResourceExhaustion.bqrs.
CodeQL Analysis	Perform CodeQL Analysis	2025-12-13T19:20:43.3477622Z Starting evaluation of codeql/javascript-queries/Security/CWE-829/InsecureDownload.ql.
CodeQL Analysis	Perform CodeQL Analysis	2025-12-13T19:20:43.8820974Z [88/104 eval 534ms] Evaluation done; writing results to codeql/javascript-queries/Security/CWE-829/InsecureDownload.bqrs.
CodeQL Analysis	Perform CodeQL Analysis	2025-12-13T19:20:43.8833999Z Starting evaluation of codeql/javascript-queries/Security/CWE-830/FunctionalityFromUntrustedDomain.ql.
CodeQL Analysis	Perform CodeQL Analysis	2025-12-13T19:20:44.0646870Z Starting evaluation of codeql/javascript-queries/Security/CWE-830/FunctionalityFromUntrustedSource.ql.
CodeQL Analysis	Perform CodeQL Analysis	2025-12-13T19:20:44.0659961Z Starting evaluation of codeql/javascript-queries/Security/CWE-834/LoopBoundInjection.ql.
CodeQL Analysis	Perform CodeQL Analysis	2025-12-13T19:20:44.0665178Z [89/104 eval 183ms] Evaluation done; writing results to codeql/javascript-queries/Security/CWE-830/FunctionalityFromUntrustedDomain.bqrs.
CodeQL Analysis	Perform CodeQL Analysis	2025-12-13T19:20:44.0669674Z [90/104 eval 1ms] Evaluation done; writing results to codeql/javascript-queries/Security/CWE-830/FunctionalityFromUntrustedSource.bqrs.
CodeQL Analysis	Perform CodeQL Analysis	2025-12-13T19:20:44.3643076Z [91/104 eval 297ms] Evaluation done; writing results to codeql/javascript-queries/Security/CWE-834/LoopBoundInjection.bqrs.
CodeQL Analysis	Perform CodeQL Analysis	2025-12-13T19:20:44.3647473Z Starting evaluation of codeql/javascript-queries/Security/CWE-843/TypeConfusionThroughParameterTampering.ql.
CodeQL Analysis	Perform CodeQL Analysis	2025-12-13T19:20:44.3719393Z Starting evaluation of codeql/javascript-queries/Security/CWE-862/EmptyPasswordInConfigurationFile.ql.
CodeQL Analysis	Perform CodeQL Analysis	2025-12-13T19:20:44.3723184Z [92/104 eval 7ms] Evaluation done; writing results to codeql/javascript-queries/Security/CWE-843/TypeConfusionThroughParameterTampering.bqrs.
CodeQL Analysis	Perform CodeQL Analysis	2025-12-13T19:20:44.6000508Z [93/104 eval 1.5s] Evaluation done; writing results to codeql/javascript-queries/Security/CWE-807/ConditionalBypass.bqrs.
CodeQL Analysis	Perform CodeQL Analysis	2025-12-13T19:20:44.6020011Z Starting evaluation of codeql/javascript-queries/Security/CWE-912/HttpToFileAccess.ql.
CodeQL Analysis	Perform CodeQL Analysis	2025-12-13T19:20:44.8403269Z [94/104 eval 469ms] Evaluation done; writing results to codeql/javascript-queries/Security/CWE-862/EmptyPasswordInConfigurationFile.bqrs.
CodeQL Analysis	Perform CodeQL Analysis	2025-12-13T19:20:44.8431456Z Starting evaluation of codeql/javascript-queries/Security/CWE-915/PrototypePollutingAssignment.ql.
CodeQL Analysis	Perform CodeQL Analysis	2025-12-13T19:20:46.1017395Z [95/104 eval 1.3s] Evaluation done; writing results to codeql/javascript-queries/Security/CWE-915/PrototypePollutingAssignment.bqrs.
CodeQL Analysis	Perform CodeQL Analysis	2025-12-13T19:20:46.1020584Z Starting evaluation of codeql/javascript-queries/Security/CWE-915/PrototypePollutingFunction.ql.
CodeQL Analysis	Perform CodeQL Analysis	2025-12-13T19:20:46.1600351Z [96/104 eval 1.6s] Evaluation done; writing results to codeql/javascript-queries/Security/CWE-912/HttpToFileAccess.bqrs.
CodeQL Analysis	Perform CodeQL Analysis	2025-12-13T19:20:46.2764276Z Starting evaluation of codeql/javascript-queries/Security/CWE-915/PrototypePollutingMergeCall.ql.
CodeQL Analysis	Perform CodeQL Analysis	2025-12-13T19:20:46.2769255Z [97/104 eval 174ms] Evaluation done; writing results to codeql/javascript-queries/Security/CWE-915/PrototypePollutingFunction.bqrs.
CodeQL Analysis	Perform CodeQL Analysis	2025-12-13T19:20:46.2770417Z Starting evaluation of codeql/javascript-queries/Security/CWE-916/InsufficientPasswordHash.ql.
CodeQL Analysis	Perform CodeQL Analysis	2025-12-13T19:20:46.3148784Z [98/104 eval 37ms] Evaluation done; writing results to codeql/javascript-queries/Security/CWE-915/PrototypePollutingMergeCall.bqrs.
CodeQL Analysis	Perform CodeQL Analysis	2025-12-13T19:20:46.3164167Z Starting evaluation of codeql/javascript-queries/Security/CWE-918/ClientSideRequestForgery.ql.
CodeQL Analysis	Perform CodeQL Analysis	2025-12-13T19:20:46.7011423Z [99/104 eval 423ms] Evaluation done; writing results to codeql/javascript-queries/Security/CWE-916/InsufficientPasswordHash.bqrs.
CodeQL Analysis	Perform CodeQL Analysis	2025-12-13T19:20:46.7341797Z Starting evaluation of codeql/javascript-queries/Security/CWE-918/RequestForgery.ql.
CodeQL Analysis	Perform CodeQL Analysis	2025-12-13T19:20:46.7505262Z Starting evaluation of codeql/javascript-queries/Security/CWE-942/CorsPermissiveConfiguration.ql.
CodeQL Analysis	Perform CodeQL Analysis	2025-12-13T19:20:46.7567333Z Starting evaluation of codeql/javascript-queries/Summary/LinesOfCode.ql.
CodeQL Analysis	Perform CodeQL Analysis	2025-12-13T19:20:46.7568565Z [100/104 eval 5ms] Evaluation done; writing results to codeql/javascript-queries/Security/CWE-942/CorsPermissiveConfiguration.bqrs.
CodeQL Analysis	Perform CodeQL Analysis	2025-12-13T19:20:46.7598947Z [101/104 eval 4ms] Evaluation done; writing results to codeql/javascript-queries/Summary/LinesOfCode.bqrs.
CodeQL Analysis	Perform CodeQL Analysis	2025-12-13T19:20:46.7614658Z Starting evaluation of codeql/javascript-queries/Summary/LinesOfUserCode.ql.
CodeQL Analysis	Perform CodeQL Analysis	2025-12-13T19:20:47.5061800Z [102/104 eval 1.2s] Evaluation done; writing results to codeql/javascript-queries/Security/CWE-918/ClientSideRequestForgery.bqrs.
CodeQL Analysis	Perform CodeQL Analysis	2025-12-13T19:20:48.4216099Z [103/104 eval 1.7s] Evaluation done; writing results to codeql/javascript-queries/Summary/LinesOfUserCode.bqrs.
CodeQL Analysis	Perform CodeQL Analysis	2025-12-13T19:20:48.7079779Z [104/104 eval 2s] Evaluation done; writing results to codeql/javascript-queries/Security/CWE-918/RequestForgery.bqrs.
CodeQL Analysis	Perform CodeQL Analysis	2025-12-13T19:20:48.7084354Z Shutting down query evaluator.
CodeQL Analysis	Perform CodeQL Analysis	2025-12-13T19:20:48.8726032Z Interpreting code scanning results for javascript
CodeQL Analysis	Perform CodeQL Analysis	2025-12-13T19:20:49.7786947Z Writing logs to /home/runner/work/_temp/codeql_databases/javascript/log/database-interpret-results-20251213.192049.774.log.
CodeQL Analysis	Perform CodeQL Analysis	2025-12-13T19:20:50.0000961Z Recording pack reference codeql/javascript-queries at /opt/hostedtoolcache/CodeQL/2.23.6/x64/codeql/qlpacks/codeql/javascript-queries/2.2.0.
CodeQL Analysis	Perform CodeQL Analysis	2025-12-13T19:20:50.1128390Z Resolving extensions
CodeQL Analysis	Perform CodeQL Analysis	2025-12-13T19:20:50.7526605Z Interpreting /opt/hostedtoolcache/CodeQL/2.23.6/x64/codeql/qlpacks/codeql/javascript-queries/2.2.0/Security/CWE-312/CleartextLogging.ql...
CodeQL Analysis	Perform CodeQL Analysis	2025-12-13T19:20:50.7892854Z  ... found results file at /home/runner/work/_temp/codeql_databases/javascript/results/codeql/javascript-queries/Security/CWE-312/CleartextLogging.bqrs.
CodeQL Analysis	Perform CodeQL Analysis	2025-12-13T19:20:50.8111190Z Interpreting /opt/hostedtoolcache/CodeQL/2.23.6/x64/codeql/qlpacks/codeql/javascript-queries/2.2.0/Security/CWE-312/CleartextStorage.ql...
CodeQL Analysis	Perform CodeQL Analysis	2025-12-13T19:20:50.8399731Z  ... found results file at /home/runner/work/_temp/codeql_databases/javascript/results/codeql/javascript-queries/Security/CWE-312/CleartextStorage.bqrs.
CodeQL Analysis	Perform CodeQL Analysis	2025-12-13T19:20:50.8412068Z Interpreting /opt/hostedtoolcache/CodeQL/2.23.6/x64/codeql/qlpacks/codeql/javascript-queries/2.2.0/Security/CWE-312/BuildArtifactLeak.ql...
CodeQL Analysis	Perform CodeQL Analysis	2025-12-13T19:20:50.8606945Z  ... found results file at /home/runner/work/_temp/codeql_databases/javascript/results/codeql/javascript-queries/Security/CWE-312/BuildArtifactLeak.bqrs.
CodeQL Analysis	Perform CodeQL Analysis	2025-12-13T19:20:50.8643035Z Interpreting /opt/hostedtoolcache/CodeQL/2.23.6/x64/codeql/qlpacks/codeql/javascript-queries/2.2.0/Security/CWE-020/IncorrectSuffixCheck.ql...
CodeQL Analysis	Perform CodeQL Analysis	2025-12-13T19:20:50.8840748Z  ... found results file at /home/runner/work/_temp/codeql_databases/javascript/results/codeql/javascript-queries/Security/CWE-020/IncorrectSuffixCheck.bqrs.
CodeQL Analysis	Perform CodeQL Analysis	2025-12-13T19:20:50.8842615Z Interpreting /opt/hostedtoolcache/CodeQL/2.23.6/x64/codeql/qlpacks/codeql/javascript-queries/2.2.0/Security/CWE-020/IncompleteUrlSubstringSanitization.ql...
CodeQL Analysis	Perform CodeQL Analysis	2025-12-13T19:20:50.9038774Z  ... found results file at /home/runner/work/_temp/codeql_databases/javascript/results/codeql/javascript-queries/Security/CWE-020/IncompleteUrlSubstringSanitization.bqrs.
CodeQL Analysis	Perform CodeQL Analysis	2025-12-13T19:20:50.9069691Z Interpreting /opt/hostedtoolcache/CodeQL/2.23.6/x64/codeql/qlpacks/codeql/javascript-queries/2.2.0/Security/CWE-020/IncompleteHostnameRegExp.ql...
CodeQL Analysis	Perform CodeQL Analysis	2025-12-13T19:20:50.9272569Z  ... found results file at /home/runner/work/_temp/codeql_databases/javascript/results/codeql/javascript-queries/Security/CWE-020/IncompleteHostnameRegExp.bqrs.
CodeQL Analysis	Perform CodeQL Analysis	2025-12-13T19:20:50.9274614Z Interpreting /opt/hostedtoolcache/CodeQL/2.23.6/x64/codeql/qlpacks/codeql/javascript-queries/2.2.0/Security/CWE-020/IncompleteUrlSchemeCheck.ql...
CodeQL Analysis	Perform CodeQL Analysis	2025-12-13T19:20:50.9364936Z  ... found results file at /home/runner/work/_temp/codeql_databases/javascript/results/codeql/javascript-queries/Security/CWE-020/IncompleteUrlSchemeCheck.bqrs.
CodeQL Analysis	Perform CodeQL Analysis	2025-12-13T19:20:50.9375135Z Interpreting /opt/hostedtoolcache/CodeQL/2.23.6/x64/codeql/qlpacks/codeql/javascript-queries/2.2.0/Security/CWE-020/OverlyLargeRange.ql...
CodeQL Analysis	Perform CodeQL Analysis	2025-12-13T19:20:50.9552549Z  ... found results file at /home/runner/work/_temp/codeql_databases/javascript/results/codeql/javascript-queries/Security/CWE-020/OverlyLargeRange.bqrs.
CodeQL Analysis	Perform CodeQL Analysis	2025-12-13T19:20:50.9554224Z Interpreting /opt/hostedtoolcache/CodeQL/2.23.6/x64/codeql/qlpacks/codeql/javascript-queries/2.2.0/Security/CWE-020/UselessRegExpCharacterEscape.ql...
CodeQL Analysis	Perform CodeQL Analysis	2025-12-13T19:20:50.9631467Z  ... found results file at /home/runner/work/_temp/codeql_databases/javascript/results/codeql/javascript-queries/Security/CWE-020/UselessRegExpCharacterEscape.bqrs.
CodeQL Analysis	Perform CodeQL Analysis	2025-12-13T19:20:50.9639955Z Interpreting /opt/hostedtoolcache/CodeQL/2.23.6/x64/codeql/qlpacks/codeql/javascript-queries/2.2.0/Security/CWE-770/ResourceExhaustion.ql...
CodeQL Analysis	Perform CodeQL Analysis	2025-12-13T19:20:50.9724388Z  ... found results file at /home/runner/work/_temp/codeql_databases/javascript/results/codeql/javascript-queries/Security/CWE-770/ResourceExhaustion.bqrs.
CodeQL Analysis	Perform CodeQL Analysis	2025-12-13T19:20:50.9737446Z Interpreting /opt/hostedtoolcache/CodeQL/2.23.6/x64/codeql/qlpacks/codeql/javascript-queries/2.2.0/Security/CWE-770/MissingRateLimiting.ql...
CodeQL Analysis	Perform CodeQL Analysis	2025-12-13T19:20:50.9871041Z  ... found results file at /home/runner/work/_temp/codeql_databases/javascript/results/codeql/javascript-queries/Security/CWE-770/MissingRateLimiting.bqrs.
CodeQL Analysis	Perform CodeQL Analysis	2025-12-13T19:20:50.9921457Z Interpreting /opt/hostedtoolcache/CodeQL/2.23.6/x64/codeql/qlpacks/codeql/javascript-queries/2.2.0/Security/CWE-776/XmlBomb.ql...
CodeQL Analysis	Perform CodeQL Analysis	2025-12-13T19:20:51.0030083Z  ... found results file at /home/runner/work/_temp/codeql_databases/javascript/results/codeql/javascript-queries/Security/CWE-776/XmlBomb.bqrs.
CodeQL Analysis	Perform CodeQL Analysis	2025-12-13T19:20:51.0040139Z Interpreting /opt/hostedtoolcache/CodeQL/2.23.6/x64/codeql/qlpacks/codeql/javascript-queries/2.2.0/Security/CWE-201/PostMessageStar.ql...
CodeQL Analysis	Perform CodeQL Analysis	2025-12-13T19:20:51.0180384Z  ... found results file at /home/runner/work/_temp/codeql_databases/javascript/results/codeql/javascript-queries/Security/CWE-201/PostMessageStar.bqrs.
CodeQL Analysis	Perform CodeQL Analysis	2025-12-13T19:20:51.0231932Z Interpreting /opt/hostedtoolcache/CodeQL/2.23.6/x64/codeql/qlpacks/codeql/javascript-queries/2.2.0/Security/CWE-326/InsufficientKeySize.ql...
CodeQL Analysis	Perform CodeQL Analysis	2025-12-13T19:20:51.0342294Z  ... found results file at /home/runner/work/_temp/codeql_databases/javascript/results/codeql/javascript-queries/Security/CWE-326/InsufficientKeySize.bqrs.
CodeQL Analysis	Perform CodeQL Analysis	2025-12-13T19:20:51.0350753Z Interpreting /opt/hostedtoolcache/CodeQL/2.23.6/x64/codeql/qlpacks/codeql/javascript-queries/2.2.0/Security/CWE-916/InsufficientPasswordHash.ql...
CodeQL Analysis	Perform CodeQL Analysis	2025-12-13T19:20:51.0481043Z  ... found results file at /home/runner/work/_temp/codeql_databases/javascript/results/codeql/javascript-queries/Security/CWE-916/InsufficientPasswordHash.bqrs.
CodeQL Analysis	Perform CodeQL Analysis	2025-12-13T19:20:51.0489566Z Interpreting /opt/hostedtoolcache/CodeQL/2.23.6/x64/codeql/qlpacks/codeql/javascript-queries/2.2.0/Security/CWE-338/InsecureRandomness.ql...
CodeQL Analysis	Perform CodeQL Analysis	2025-12-13T19:20:51.0613007Z  ... found results file at /home/runner/work/_temp/codeql_databases/javascript/results/codeql/javascript-queries/Security/CWE-338/InsecureRandomness.bqrs.
CodeQL Analysis	Perform CodeQL Analysis	2025-12-13T19:20:51.0622044Z Interpreting /opt/hostedtoolcache/CodeQL/2.23.6/x64/codeql/qlpacks/codeql/javascript-queries/2.2.0/Security/CWE-601/ServerSideUrlRedirect.ql...
CodeQL Analysis	Perform CodeQL Analysis	2025-12-13T19:20:51.0778579Z  ... found results file at /home/runner/work/_temp/codeql_databases/javascript/results/codeql/javascript-queries/Security/CWE-601/ServerSideUrlRedirect.bqrs.
CodeQL Analysis	Perform CodeQL Analysis	2025-12-13T19:20:51.0791217Z Interpreting /opt/hostedtoolcache/CodeQL/2.23.6/x64/codeql/qlpacks/codeql/javascript-queries/2.2.0/Security/CWE-601/ClientSideUrlRedirect.ql...
CodeQL Analysis	Perform CodeQL Analysis	2025-12-13T19:20:51.0912136Z  ... found results file at /home/runner/work/_temp/codeql_databases/javascript/results/codeql/javascript-queries/Security/CWE-601/ClientSideUrlRedirect.bqrs.
CodeQL Analysis	Perform CodeQL Analysis	2025-12-13T19:20:51.0924115Z Interpreting /opt/hostedtoolcache/CodeQL/2.23.6/x64/codeql/qlpacks/codeql/javascript-queries/2.2.0/Security/CWE-829/InsecureDownload.ql...
CodeQL Analysis	Perform CodeQL Analysis	2025-12-13T19:20:51.1027852Z  ... found results file at /home/runner/work/_temp/codeql_databases/javascript/results/codeql/javascript-queries/Security/CWE-829/InsecureDownload.bqrs.
CodeQL Analysis	Perform CodeQL Analysis	2025-12-13T19:20:51.1036894Z Interpreting /opt/hostedtoolcache/CodeQL/2.23.6/x64/codeql/qlpacks/codeql/javascript-queries/2.2.0/Security/CWE-078/ShellCommandInjectionFromEnvironment.ql...
CodeQL Analysis	Perform CodeQL Analysis	2025-12-13T19:20:51.1140521Z  ... found results file at /home/runner/work/_temp/codeql_databases/javascript/results/codeql/javascript-queries/Security/CWE-078/ShellCommandInjectionFromEnvironment.bqrs.
CodeQL Analysis	Perform CodeQL Analysis	2025-12-13T19:20:51.1151636Z Interpreting /opt/hostedtoolcache/CodeQL/2.23.6/x64/codeql/qlpacks/codeql/javascript-queries/2.2.0/Security/CWE-078/CommandInjection.ql...
CodeQL Analysis	Perform CodeQL Analysis	2025-12-13T19:20:51.1261710Z  ... found results file at /home/runner/work/_temp/codeql_databases/javascript/results/codeql/javascript-queries/Security/CWE-078/CommandInjection.bqrs.
CodeQL Analysis	Perform CodeQL Analysis	2025-12-13T19:20:51.1270524Z Interpreting /opt/hostedtoolcache/CodeQL/2.23.6/x64/codeql/qlpacks/codeql/javascript-queries/2.2.0/Security/CWE-078/UnsafeShellCommandConstruction.ql...
CodeQL Analysis	Perform CodeQL Analysis	2025-12-13T19:20:51.1381972Z  ... found results file at /home/runner/work/_temp/codeql_databases/javascript/results/codeql/javascript-queries/Security/CWE-078/UnsafeShellCommandConstruction.bqrs.
CodeQL Analysis	Perform CodeQL Analysis	2025-12-13T19:20:51.1391518Z Interpreting /opt/hostedtoolcache/CodeQL/2.23.6/x64/codeql/qlpacks/codeql/javascript-queries/2.2.0/Security/CWE-078/UselessUseOfCat.ql...
CodeQL Analysis	Perform CodeQL Analysis	2025-12-13T19:20:51.1500197Z  ... found results file at /home/runner/work/_temp/codeql_databases/javascript/results/codeql/javascript-queries/Security/CWE-078/UselessUseOfCat.bqrs.
CodeQL Analysis	Perform CodeQL Analysis	2025-12-13T19:20:51.1511885Z Interpreting /opt/hostedtoolcache/CodeQL/2.23.6/x64/codeql/qlpacks/codeql/javascript-queries/2.2.0/Security/CWE-078/SecondOrderCommandInjection.ql...
CodeQL Analysis	Perform CodeQL Analysis	2025-12-13T19:20:51.1623270Z  ... found results file at /home/runner/work/_temp/codeql_databases/javascript/results/codeql/javascript-queries/Security/CWE-078/SecondOrderCommandInjection.bqrs.
CodeQL Analysis	Perform CodeQL Analysis	2025-12-13T19:20:51.1626458Z Interpreting /opt/hostedtoolcache/CodeQL/2.23.6/x64/codeql/qlpacks/codeql/javascript-queries/2.2.0/Security/CWE-300/InsecureDependencyResolution.ql...
CodeQL Analysis	Perform CodeQL Analysis	2025-12-13T19:20:51.1724204Z  ... found results file at /home/runner/work/_temp/codeql_databases/javascript/results/codeql/javascript-queries/Security/CWE-300/InsecureDependencyResolution.bqrs.
CodeQL Analysis	Perform CodeQL Analysis	2025-12-13T19:20:51.1740764Z Interpreting /opt/hostedtoolcache/CodeQL/2.23.6/x64/codeql/qlpacks/codeql/javascript-queries/2.2.0/Security/CWE-295/DisablingCertificateValidation.ql...
CodeQL Analysis	Perform CodeQL Analysis	2025-12-13T19:20:51.1842586Z  ... found results file at /home/runner/work/_temp/codeql_databases/javascript/results/codeql/javascript-queries/Security/CWE-295/DisablingCertificateValidation.bqrs.
CodeQL Analysis	Perform CodeQL Analysis	2025-12-13T19:20:51.1851202Z Interpreting /opt/hostedtoolcache/CodeQL/2.23.6/x64/codeql/qlpacks/codeql/javascript-queries/2.2.0/Security/CWE-643/XpathInjection.ql...
CodeQL Analysis	Perform CodeQL Analysis	2025-12-13T19:20:51.1940443Z  ... found results file at /home/runner/work/_temp/codeql_databases/javascript/results/codeql/javascript-queries/Security/CWE-643/XpathInjection.bqrs.
CodeQL Analysis	Perform CodeQL Analysis	2025-12-13T19:20:51.1951076Z Interpreting /opt/hostedtoolcache/CodeQL/2.23.6/x64/codeql/qlpacks/codeql/javascript-queries/2.2.0/Security/CWE-079/UnsafeHtmlConstruction.ql...
CodeQL Analysis	Perform CodeQL Analysis	2025-12-13T19:20:51.2062459Z  ... found results file at /home/runner/work/_temp/codeql_databases/javascript/results/codeql/javascript-queries/Security/CWE-079/UnsafeHtmlConstruction.bqrs.
CodeQL Analysis	Perform CodeQL Analysis	2025-12-13T19:20:51.2103673Z Interpreting /opt/hostedtoolcache/CodeQL/2.23.6/x64/codeql/qlpacks/codeql/javascript-queries/2.2.0/Security/CWE-079/StoredXss.ql...
CodeQL Analysis	Perform CodeQL Analysis	2025-12-13T19:20:51.2210001Z  ... found results file at /home/runner/work/_temp/codeql_databases/javascript/results/codeql/javascript-queries/Security/CWE-079/StoredXss.bqrs.
CodeQL Analysis	Perform CodeQL Analysis	2025-12-13T19:20:51.2221965Z Interpreting /opt/hostedtoolcache/CodeQL/2.23.6/x64/codeql/qlpacks/codeql/javascript-queries/2.2.0/Security/CWE-079/ReflectedXss.ql...
CodeQL Analysis	Perform CodeQL Analysis	2025-12-13T19:20:51.2307411Z  ... found results file at /home/runner/work/_temp/codeql_databases/javascript/results/codeql/javascript-queries/Security/CWE-079/ReflectedXss.bqrs.
CodeQL Analysis	Perform CodeQL Analysis	2025-12-13T19:20:51.2314388Z Interpreting /opt/hostedtoolcache/CodeQL/2.23.6/x64/codeql/qlpacks/codeql/javascript-queries/2.2.0/Security/CWE-079/XssThroughDom.ql...
CodeQL Analysis	Perform CodeQL Analysis	2025-12-13T19:20:51.2402097Z  ... found results file at /home/runner/work/_temp/codeql_databases/javascript/results/codeql/javascript-queries/Security/CWE-079/XssThroughDom.bqrs.
CodeQL Analysis	Perform CodeQL Analysis	2025-12-13T19:20:51.2407025Z Interpreting /opt/hostedtoolcache/CodeQL/2.23.6/x64/codeql/qlpacks/codeql/javascript-queries/2.2.0/Security/CWE-079/ExceptionXss.ql...
CodeQL Analysis	Perform CodeQL Analysis	2025-12-13T19:20:51.2543706Z  ... found results file at /home/runner/work/_temp/codeql_databases/javascript/results/codeql/javascript-queries/Security/CWE-079/ExceptionXss.bqrs.
CodeQL Analysis	Perform CodeQL Analysis	2025-12-13T19:20:51.2549794Z Interpreting /opt/hostedtoolcache/CodeQL/2.23.6/x64/codeql/qlpacks/codeql/javascript-queries/2.2.0/Security/CWE-079/UnsafeJQueryPlugin.ql...
CodeQL Analysis	Perform CodeQL Analysis	2025-12-13T19:20:51.2642338Z  ... found results file at /home/runner/work/_temp/codeql_databases/javascript/results/codeql/javascript-queries/Security/CWE-079/UnsafeJQueryPlugin.bqrs.
CodeQL Analysis	Perform CodeQL Analysis	2025-12-13T19:20:51.2644872Z Interpreting /opt/hostedtoolcache/CodeQL/2.23.6/x64/codeql/qlpacks/codeql/javascript-queries/2.2.0/Security/CWE-079/Xss.ql...
CodeQL Analysis	Perform CodeQL Analysis	2025-12-13T19:20:51.2723984Z  ... found results file at /home/runner/work/_temp/codeql_databases/javascript/results/codeql/javascript-queries/Security/CWE-079/Xss.bqrs.
CodeQL Analysis	Perform CodeQL Analysis	2025-12-13T19:20:51.2731874Z Interpreting /opt/hostedtoolcache/CodeQL/2.23.6/x64/codeql/qlpacks/codeql/javascript-queries/2.2.0/Security/CWE-089/SqlInjection.ql...
CodeQL Analysis	Perform CodeQL Analysis	2025-12-13T19:20:51.2822199Z  ... found results file at /home/runner/work/_temp/codeql_databases/javascript/results/codeql/javascript-queries/Security/CWE-089/SqlInjection.bqrs.
CodeQL Analysis	Perform CodeQL Analysis	2025-12-13T19:20:51.2824499Z Interpreting /opt/hostedtoolcache/CodeQL/2.23.6/x64/codeql/qlpacks/codeql/javascript-queries/2.2.0/Security/CWE-640/HostHeaderPoisoningInEmailGeneration.ql...
CodeQL Analysis	Perform CodeQL Analysis	2025-12-13T19:20:51.2911978Z  ... found results file at /home/runner/work/_temp/codeql_databases/javascript/results/codeql/javascript-queries/Security/CWE-640/HostHeaderPoisoningInEmailGeneration.bqrs.
CodeQL Analysis	Perform CodeQL Analysis	2025-12-13T19:20:51.2917846Z Interpreting /opt/hostedtoolcache/CodeQL/2.23.6/x64/codeql/qlpacks/codeql/javascript-queries/2.2.0/Security/CWE-073/TemplateObjectInjection.ql...
CodeQL Analysis	Perform CodeQL Analysis	2025-12-13T19:20:51.3004561Z  ... found results file at /home/runner/work/_temp/codeql_databases/javascript/results/codeql/javascript-queries/Security/CWE-073/TemplateObjectInjection.bqrs.
CodeQL Analysis	Perform CodeQL Analysis	2025-12-13T19:20:51.3012237Z Interpreting /opt/hostedtoolcache/CodeQL/2.23.6/x64/codeql/qlpacks/codeql/javascript-queries/2.2.0/Security/CWE-022/ZipSlip.ql...
CodeQL Analysis	Perform CodeQL Analysis	2025-12-13T19:20:51.3108516Z  ... found results file at /home/runner/work/_temp/codeql_databases/javascript/results/codeql/javascript-queries/Security/CWE-022/ZipSlip.bqrs.
CodeQL Analysis	Perform CodeQL Analysis	2025-12-13T19:20:51.3111097Z Interpreting /opt/hostedtoolcache/CodeQL/2.23.6/x64/codeql/qlpacks/codeql/javascript-queries/2.2.0/Security/CWE-022/TaintedPath.ql...
CodeQL Analysis	Perform CodeQL Analysis	2025-12-13T19:20:51.3202292Z  ... found results file at /home/runner/work/_temp/codeql_databases/javascript/results/codeql/javascript-queries/Security/CWE-022/TaintedPath.bqrs.
CodeQL Analysis	Perform CodeQL Analysis	2025-12-13T19:20:51.3208127Z Interpreting /opt/hostedtoolcache/CodeQL/2.23.6/x64/codeql/qlpacks/codeql/javascript-queries/2.2.0/Security/CWE-614/ClearTextCookie.ql...
CodeQL Analysis	Perform CodeQL Analysis	2025-12-13T19:20:51.3301215Z  ... found results file at /home/runner/work/_temp/codeql_databases/javascript/results/codeql/javascript-queries/Security/CWE-614/ClearTextCookie.bqrs.
CodeQL Analysis	Perform CodeQL Analysis	2025-12-13T19:20:51.3322603Z Interpreting /opt/hostedtoolcache/CodeQL/2.23.6/x64/codeql/qlpacks/codeql/javascript-queries/2.2.0/Security/CWE-347/MissingJWTKeyVerification.ql...
CodeQL Analysis	Perform CodeQL Analysis	2025-12-13T19:20:51.3396411Z  ... found results file at /home/runner/work/_temp/codeql_databases/javascript/results/codeql/javascript-queries/Security/CWE-347/MissingJWTKeyVerification.bqrs.
CodeQL Analysis	Perform CodeQL Analysis	2025-12-13T19:20:51.3403556Z Interpreting /opt/hostedtoolcache/CodeQL/2.23.6/x64/codeql/qlpacks/codeql/javascript-queries/2.2.0/Security/CWE-843/TypeConfusionThroughParameterTampering.ql...
CodeQL Analysis	Perform CodeQL Analysis	2025-12-13T19:20:51.3490336Z  ... found results file at /home/runner/work/_temp/codeql_databases/javascript/results/codeql/javascript-queries/Security/CWE-843/TypeConfusionThroughParameterTampering.bqrs.
CodeQL Analysis	Perform CodeQL Analysis	2025-12-13T19:20:51.3512426Z Interpreting /opt/hostedtoolcache/CodeQL/2.23.6/x64/codeql/qlpacks/codeql/javascript-queries/2.2.0/Security/CWE-178/CaseSensitiveMiddlewarePath.ql...
CodeQL Analysis	Perform CodeQL Analysis	2025-12-13T19:20:51.3578073Z  ... found results file at /home/runner/work/_temp/codeql_databases/javascript/results/codeql/javascript-queries/Security/CWE-178/CaseSensitiveMiddlewarePath.bqrs.
CodeQL Analysis	Perform CodeQL Analysis	2025-12-13T19:20:51.3591640Z Interpreting /opt/hostedtoolcache/CodeQL/2.23.6/x64/codeql/qlpacks/codeql/javascript-queries/2.2.0/Security/CWE-1004/ClientExposedCookie.ql...
CodeQL Analysis	Perform CodeQL Analysis	2025-12-13T19:20:51.3656291Z  ... found results file at /home/runner/work/_temp/codeql_databases/javascript/results/codeql/javascript-queries/Security/CWE-1004/ClientExposedCookie.bqrs.
CodeQL Analysis	Perform CodeQL Analysis	2025-12-13T19:20:51.3730584Z Interpreting /opt/hostedtoolcache/CodeQL/2.23.6/x64/codeql/qlpacks/codeql/javascript-queries/2.2.0/Security/CWE-834/LoopBoundInjection.ql...
CodeQL Analysis	Perform CodeQL Analysis	2025-12-13T19:20:51.3788958Z  ... found results file at /home/runner/work/_temp/codeql_databases/javascript/results/codeql/javascript-queries/Security/CWE-834/LoopBoundInjection.bqrs.
CodeQL Analysis	Perform CodeQL Analysis	2025-12-13T19:20:51.3800912Z Interpreting /opt/hostedtoolcache/CodeQL/2.23.6/x64/codeql/qlpacks/codeql/javascript-queries/2.2.0/Security/CWE-116/BadTagFilter.ql...
CodeQL Analysis	Perform CodeQL Analysis	2025-12-13T19:20:51.3861187Z  ... found results file at /home/runner/work/_temp/codeql_databases/javascript/results/codeql/javascript-queries/Security/CWE-116/BadTagFilter.bqrs.
CodeQL Analysis	Perform CodeQL Analysis	2025-12-13T19:20:51.3874403Z Interpreting /opt/hostedtoolcache/CodeQL/2.23.6/x64/codeql/qlpacks/codeql/javascript-queries/2.2.0/Security/CWE-116/DoubleEscaping.ql...
CodeQL Analysis	Perform CodeQL Analysis	2025-12-13T19:20:51.3931046Z  ... found results file at /home/runner/work/_temp/codeql_databases/javascript/results/codeql/javascript-queries/Security/CWE-116/DoubleEscaping.bqrs.
CodeQL Analysis	Perform CodeQL Analysis	2025-12-13T19:20:51.3951797Z Interpreting /opt/hostedtoolcache/CodeQL/2.23.6/x64/codeql/qlpacks/codeql/javascript-queries/2.2.0/Security/CWE-116/IncompleteSanitization.ql...
CodeQL Analysis	Perform CodeQL Analysis	2025-12-13T19:20:51.4038678Z  ... found results file at /home/runner/work/_temp/codeql_databases/javascript/results/codeql/javascript-queries/Security/CWE-116/IncompleteSanitization.bqrs.
CodeQL Analysis	Perform CodeQL Analysis	2025-12-13T19:20:51.4070894Z Interpreting /opt/hostedtoolcache/CodeQL/2.23.6/x64/codeql/qlpacks/codeql/javascript-queries/2.2.0/Security/CWE-116/UnsafeHtmlExpansion.ql...
CodeQL Analysis	Perform CodeQL Analysis	2025-12-13T19:20:51.4129862Z  ... found results file at /home/runner/work/_temp/codeql_databases/javascript/results/codeql/javascript-queries/Security/CWE-116/UnsafeHtmlExpansion.bqrs.
CodeQL Analysis	Perform CodeQL Analysis	2025-12-13T19:20:51.4149766Z Interpreting /opt/hostedtoolcache/CodeQL/2.23.6/x64/codeql/qlpacks/codeql/javascript-queries/2.2.0/Security/CWE-116/IncompleteHtmlAttributeSanitization.ql...
CodeQL Analysis	Perform CodeQL Analysis	2025-12-13T19:20:51.4253185Z  ... found results file at /home/runner/work/_temp/codeql_databases/javascript/results/codeql/javascript-queries/Security/CWE-116/IncompleteHtmlAttributeSanitization.bqrs.
CodeQL Analysis	Perform CodeQL Analysis	2025-12-13T19:20:51.4301185Z Interpreting /opt/hostedtoolcache/CodeQL/2.23.6/x64/codeql/qlpacks/codeql/javascript-queries/2.2.0/Security/CWE-116/IncompleteMultiCharacterSanitization.ql...
CodeQL Analysis	Perform CodeQL Analysis	2025-12-13T19:20:51.4349705Z  ... found results file at /home/runner/work/_temp/codeql_databases/javascript/results/codeql/javascript-queries/Security/CWE-116/IncompleteMultiCharacterSanitization.bqrs.
CodeQL Analysis	Perform CodeQL Analysis	2025-12-13T19:20:51.4364638Z Interpreting /opt/hostedtoolcache/CodeQL/2.23.6/x64/codeql/qlpacks/codeql/javascript-queries/2.2.0/Security/CWE-915/PrototypePollutingFunction.ql...
CodeQL Analysis	Perform CodeQL Analysis	2025-12-13T19:20:51.4451400Z  ... found results file at /home/runner/work/_temp/codeql_databases/javascript/results/codeql/javascript-queries/Security/CWE-915/PrototypePollutingFunction.bqrs.
CodeQL Analysis	Perform CodeQL Analysis	2025-12-13T19:20:51.4473085Z Interpreting /opt/hostedtoolcache/CodeQL/2.23.6/x64/codeql/qlpacks/codeql/javascript-queries/2.2.0/Security/CWE-915/PrototypePollutingAssignment.ql...
CodeQL Analysis	Perform CodeQL Analysis	2025-12-13T19:20:51.4555586Z  ... found results file at /home/runner/work/_temp/codeql_databases/javascript/results/codeql/javascript-queries/Security/CWE-915/PrototypePollutingAssignment.bqrs.
CodeQL Analysis	Perform CodeQL Analysis	2025-12-13T19:20:51.4569369Z Interpreting /opt/hostedtoolcache/CodeQL/2.23.6/x64/codeql/qlpacks/codeql/javascript-queries/2.2.0/Security/CWE-915/PrototypePollutingMergeCall.ql...
CodeQL Analysis	Perform CodeQL Analysis	2025-12-13T19:20:51.4643117Z  ... found results file at /home/runner/work/_temp/codeql_databases/javascript/results/codeql/javascript-queries/Security/CWE-915/PrototypePollutingMergeCall.bqrs.
CodeQL Analysis	Perform CodeQL Analysis	2025-12-13T19:20:51.4658587Z Interpreting /opt/hostedtoolcache/CodeQL/2.23.6/x64/codeql/qlpacks/codeql/javascript-queries/2.2.0/Security/CWE-352/MissingCsrfMiddleware.ql...
CodeQL Analysis	Perform CodeQL Analysis	2025-12-13T19:20:51.4832133Z  ... found results file at /home/runner/work/_temp/codeql_databases/javascript/results/codeql/javascript-queries/Security/CWE-352/MissingCsrfMiddleware.bqrs.
CodeQL Analysis	Perform CodeQL Analysis	2025-12-13T19:20:51.4834016Z Interpreting /opt/hostedtoolcache/CodeQL/2.23.6/x64/codeql/qlpacks/codeql/javascript-queries/2.2.0/Security/CWE-754/UnvalidatedDynamicMethodCall.ql...
CodeQL Analysis	Perform CodeQL Analysis	2025-12-13T19:20:51.4928022Z  ... found results file at /home/runner/work/_temp/codeql_databases/javascript/results/codeql/javascript-queries/Security/CWE-754/UnvalidatedDynamicMethodCall.bqrs.
CodeQL Analysis	Perform CodeQL Analysis	2025-12-13T19:20:51.4941914Z Interpreting /opt/hostedtoolcache/CodeQL/2.23.6/x64/codeql/qlpacks/codeql/javascript-queries/2.2.0/Security/CWE-730/ServerCrash.ql...
CodeQL Analysis	Perform CodeQL Analysis	2025-12-13T19:20:51.5005657Z  ... found results file at /home/runner/work/_temp/codeql_databases/javascript/results/codeql/javascript-queries/Security/CWE-730/ServerCrash.bqrs.
CodeQL Analysis	Perform CodeQL Analysis	2025-12-13T19:20:51.5034675Z Interpreting /opt/hostedtoolcache/CodeQL/2.23.6/x64/codeql/qlpacks/codeql/javascript-queries/2.2.0/Security/CWE-730/RegExpInjection.ql...
CodeQL Analysis	Perform CodeQL Analysis	2025-12-13T19:20:51.5088153Z  ... found results file at /home/runner/work/_temp/codeql_databases/javascript/results/codeql/javascript-queries/Security/CWE-730/RegExpInjection.bqrs.
CodeQL Analysis	Perform CodeQL Analysis	2025-12-13T19:20:51.5094020Z Interpreting /opt/hostedtoolcache/CodeQL/2.23.6/x64/codeql/qlpacks/codeql/javascript-queries/2.2.0/Security/CWE-942/CorsPermissiveConfiguration.ql...
CodeQL Analysis	Perform CodeQL Analysis	2025-12-13T19:20:51.5166823Z  ... found results file at /home/runner/work/_temp/codeql_databases/javascript/results/codeql/javascript-queries/Security/CWE-942/CorsPermissiveConfiguration.bqrs.
CodeQL Analysis	Perform CodeQL Analysis	2025-12-13T19:20:51.5173049Z Interpreting /opt/hostedtoolcache/CodeQL/2.23.6/x64/codeql/qlpacks/codeql/javascript-queries/2.2.0/Security/CWE-094/CodeInjection.ql...
CodeQL Analysis	Perform CodeQL Analysis	2025-12-13T19:20:51.5231724Z  ... found results file at /home/runner/work/_temp/codeql_databases/javascript/results/codeql/javascript-queries/Security/CWE-094/CodeInjection.bqrs.
CodeQL Analysis	Perform CodeQL Analysis	2025-12-13T19:20:51.5235779Z Interpreting /opt/hostedtoolcache/CodeQL/2.23.6/x64/codeql/qlpacks/codeql/javascript-queries/2.2.0/Security/CWE-094/UnsafeDynamicMethodAccess.ql...
CodeQL Analysis	Perform CodeQL Analysis	2025-12-13T19:20:51.5279630Z  ... found results file at /home/runner/work/_temp/codeql_databases/javascript/results/codeql/javascript-queries/Security/CWE-094/UnsafeDynamicMethodAccess.bqrs.
CodeQL Analysis	Perform CodeQL Analysis	2025-12-13T19:20:51.5284631Z Interpreting /opt/hostedtoolcache/CodeQL/2.23.6/x64/codeql/qlpacks/codeql/javascript-queries/2.2.0/Security/CWE-094/ImproperCodeSanitization.ql...
CodeQL Analysis	Perform CodeQL Analysis	2025-12-13T19:20:51.5340001Z  ... found results file at /home/runner/work/_temp/codeql_databases/javascript/results/codeql/javascript-queries/Security/CWE-094/ImproperCodeSanitization.bqrs.
CodeQL Analysis	Perform CodeQL Analysis	2025-12-13T19:20:51.5379897Z Interpreting /opt/hostedtoolcache/CodeQL/2.23.6/x64/codeql/qlpacks/codeql/javascript-queries/2.2.0/Security/CWE-502/UnsafeDeserialization.ql...
CodeQL Analysis	Perform CodeQL Analysis	2025-12-13T19:20:51.5478050Z  ... found results file at /home/runner/work/_temp/codeql_databases/javascript/results/codeql/javascript-queries/Security/CWE-502/UnsafeDeserialization.bqrs.
CodeQL Analysis	Perform CodeQL Analysis	2025-12-13T19:20:51.5489427Z Interpreting /opt/hostedtoolcache/CodeQL/2.23.6/x64/codeql/qlpacks/codeql/javascript-queries/2.2.0/Security/CWE-200/PrivateFileExposure.ql...
CodeQL Analysis	Perform CodeQL Analysis	2025-12-13T19:20:51.5611970Z  ... found results file at /home/runner/work/_temp/codeql_databases/javascript/results/codeql/javascript-queries/Security/CWE-200/PrivateFileExposure.bqrs.
CodeQL Analysis	Perform CodeQL Analysis	2025-12-13T19:20:51.5650477Z Interpreting /opt/hostedtoolcache/CodeQL/2.23.6/x64/codeql/qlpacks/codeql/javascript-queries/2.2.0/Security/CWE-598/SensitiveGetQuery.ql...
CodeQL Analysis	Perform CodeQL Analysis	2025-12-13T19:20:51.5706056Z  ... found results file at /home/runner/work/_temp/codeql_databases/javascript/results/codeql/javascript-queries/Security/CWE-598/SensitiveGetQuery.bqrs.
CodeQL Analysis	Perform CodeQL Analysis	2025-12-13T19:20:51.5726903Z Interpreting /opt/hostedtoolcache/CodeQL/2.23.6/x64/codeql/qlpacks/codeql/javascript-queries/2.2.0/Security/CWE-134/TaintedFormatString.ql...
CodeQL Analysis	Perform CodeQL Analysis	2025-12-13T19:20:51.5832385Z  ... found results file at /home/runner/work/_temp/codeql_databases/javascript/results/codeql/javascript-queries/Security/CWE-134/TaintedFormatString.bqrs.
CodeQL Analysis	Perform CodeQL Analysis	2025-12-13T19:20:51.5880950Z Interpreting /opt/hostedtoolcache/CodeQL/2.23.6/x64/codeql/qlpacks/codeql/javascript-queries/2.2.0/Security/CWE-346/CorsMisconfigurationForCredentials.ql...
CodeQL Analysis	Perform CodeQL Analysis	2025-12-13T19:20:51.5946198Z  ... found results file at /home/runner/work/_temp/codeql_databases/javascript/results/codeql/javascript-queries/Security/CWE-346/CorsMisconfigurationForCredentials.bqrs.
CodeQL Analysis	Perform CodeQL Analysis	2025-12-13T19:20:51.5959287Z Interpreting /opt/hostedtoolcache/CodeQL/2.23.6/x64/codeql/qlpacks/codeql/javascript-queries/2.2.0/Security/CWE-327/BrokenCryptoAlgorithm.ql...
CodeQL Analysis	Perform CodeQL Analysis	2025-12-13T19:20:51.6052242Z  ... found results file at /home/runner/work/_temp/codeql_databases/javascript/results/codeql/javascript-queries/Security/CWE-327/BrokenCryptoAlgorithm.bqrs.
CodeQL Analysis	Perform CodeQL Analysis	2025-12-13T19:20:51.6054304Z Interpreting /opt/hostedtoolcache/CodeQL/2.23.6/x64/codeql/qlpacks/codeql/javascript-queries/2.2.0/Security/CWE-327/BadRandomness.ql...
CodeQL Analysis	Perform CodeQL Analysis	2025-12-13T19:20:51.6166289Z  ... found results file at /home/runner/work/_temp/codeql_databases/javascript/results/codeql/javascript-queries/Security/CWE-327/BadRandomness.bqrs.
CodeQL Analysis	Perform CodeQL Analysis	2025-12-13T19:20:51.6168669Z Interpreting /opt/hostedtoolcache/CodeQL/2.23.6/x64/codeql/qlpacks/codeql/javascript-queries/2.2.0/Security/CWE-400/DeepObjectResourceExhaustion.ql...
CodeQL Analysis	Perform CodeQL Analysis	2025-12-13T19:20:51.6240904Z  ... found results file at /home/runner/work/_temp/codeql_databases/javascript/results/codeql/javascript-queries/Security/CWE-400/DeepObjectResourceExhaustion.bqrs.
CodeQL Analysis	Perform CodeQL Analysis	2025-12-13T19:20:51.6267716Z Interpreting /opt/hostedtoolcache/CodeQL/2.23.6/x64/codeql/qlpacks/codeql/javascript-queries/2.2.0/Security/CWE-918/RequestForgery.ql...
CodeQL Analysis	Perform CodeQL Analysis	2025-12-13T19:20:51.6370893Z  ... found results file at /home/runner/work/_temp/codeql_databases/javascript/results/codeql/javascript-queries/Security/CWE-918/RequestForgery.bqrs.
CodeQL Analysis	Perform CodeQL Analysis	2025-12-13T19:20:51.6374952Z Interpreting /opt/hostedtoolcache/CodeQL/2.23.6/x64/codeql/qlpacks/codeql/javascript-queries/2.2.0/Security/CWE-830/FunctionalityFromUntrustedSource.ql...
CodeQL Analysis	Perform CodeQL Analysis	2025-12-13T19:20:51.6492583Z  ... found results file at /home/runner/work/_temp/codeql_databases/javascript/results/codeql/javascript-queries/Security/CWE-830/FunctionalityFromUntrustedSource.bqrs.
CodeQL Analysis	Perform CodeQL Analysis	2025-12-13T19:20:51.6495048Z Interpreting /opt/hostedtoolcache/CodeQL/2.23.6/x64/codeql/qlpacks/codeql/javascript-queries/2.2.0/Security/CWE-830/FunctionalityFromUntrustedDomain.ql...
CodeQL Analysis	Perform CodeQL Analysis	2025-12-13T19:20:51.6600947Z  ... found results file at /home/runner/work/_temp/codeql_databases/javascript/results/codeql/javascript-queries/Security/CWE-830/FunctionalityFromUntrustedDomain.bqrs.
CodeQL Analysis	Perform CodeQL Analysis	2025-12-13T19:20:51.6611286Z Interpreting /opt/hostedtoolcache/CodeQL/2.23.6/x64/codeql/qlpacks/codeql/javascript-queries/2.2.0/Security/CWE-209/StackTraceExposure.ql...
CodeQL Analysis	Perform CodeQL Analysis	2025-12-13T19:20:51.6728026Z  ... found results file at /home/runner/work/_temp/codeql_databases/javascript/results/codeql/javascript-queries/Security/CWE-209/StackTraceExposure.bqrs.
CodeQL Analysis	Perform CodeQL Analysis	2025-12-13T19:20:51.6731724Z Interpreting /opt/hostedtoolcache/CodeQL/2.23.6/x64/codeql/qlpacks/codeql/javascript-queries/2.2.0/Security/CWE-693/InsecureHelmet.ql...
CodeQL Analysis	Perform CodeQL Analysis	2025-12-13T19:20:51.6794302Z  ... found results file at /home/runner/work/_temp/codeql_databases/javascript/results/codeql/javascript-queries/Security/CWE-693/InsecureHelmet.bqrs.
CodeQL Analysis	Perform CodeQL Analysis	2025-12-13T19:20:51.6805119Z Interpreting /opt/hostedtoolcache/CodeQL/2.23.6/x64/codeql/qlpacks/codeql/javascript-queries/2.2.0/Security/CWE-611/Xxe.ql...
CodeQL Analysis	Perform CodeQL Analysis	2025-12-13T19:20:51.6904555Z  ... found results file at /home/runner/work/_temp/codeql_databases/javascript/results/codeql/javascript-queries/Security/CWE-611/Xxe.bqrs.
CodeQL Analysis	Perform CodeQL Analysis	2025-12-13T19:20:51.6914736Z Interpreting /opt/hostedtoolcache/CodeQL/2.23.6/x64/codeql/qlpacks/codeql/javascript-queries/2.2.0/AngularJS/DisablingSce.ql...
CodeQL Analysis	Perform CodeQL Analysis	2025-12-13T19:20:51.6989467Z  ... found results file at /home/runner/work/_temp/codeql_databases/javascript/results/codeql/javascript-queries/AngularJS/DisablingSce.bqrs.
CodeQL Analysis	Perform CodeQL Analysis	2025-12-13T19:20:51.7032461Z Interpreting /opt/hostedtoolcache/CodeQL/2.23.6/x64/codeql/qlpacks/codeql/javascript-queries/2.2.0/AngularJS/DoubleCompilation.ql...
CodeQL Analysis	Perform CodeQL Analysis	2025-12-13T19:20:51.7105361Z  ... found results file at /home/runner/work/_temp/codeql_databases/javascript/results/codeql/javascript-queries/AngularJS/DoubleCompilation.bqrs.
CodeQL Analysis	Perform CodeQL Analysis	2025-12-13T19:20:51.7118979Z Interpreting /opt/hostedtoolcache/CodeQL/2.23.6/x64/codeql/qlpacks/codeql/javascript-queries/2.2.0/AngularJS/InsecureUrlWhitelist.ql...
CodeQL Analysis	Perform CodeQL Analysis	2025-12-13T19:20:51.7190348Z  ... found results file at /home/runner/work/_temp/codeql_databases/javascript/results/codeql/javascript-queries/AngularJS/InsecureUrlWhitelist.bqrs.
CodeQL Analysis	Perform CodeQL Analysis	2025-12-13T19:20:51.7212013Z Interpreting /opt/hostedtoolcache/CodeQL/2.23.6/x64/codeql/qlpacks/codeql/javascript-queries/2.2.0/Performance/ReDoS.ql...
CodeQL Analysis	Perform CodeQL Analysis	2025-12-13T19:20:51.7276256Z  ... found results file at /home/runner/work/_temp/codeql_databases/javascript/results/codeql/javascript-queries/Performance/ReDoS.bqrs.
CodeQL Analysis	Perform CodeQL Analysis	2025-12-13T19:20:51.7278570Z Interpreting /opt/hostedtoolcache/CodeQL/2.23.6/x64/codeql/qlpacks/codeql/javascript-queries/2.2.0/Performance/PolynomialReDoS.ql...
CodeQL Analysis	Perform CodeQL Analysis	2025-12-13T19:20:51.7346846Z  ... found results file at /home/runner/work/_temp/codeql_databases/javascript/results/codeql/javascript-queries/Performance/PolynomialReDoS.bqrs.
CodeQL Analysis	Perform CodeQL Analysis	2025-12-13T19:20:51.7359657Z Interpreting /opt/hostedtoolcache/CodeQL/2.23.6/x64/codeql/qlpacks/codeql/javascript-queries/2.2.0/RegExp/IdentityReplacement.ql...
CodeQL Analysis	Perform CodeQL Analysis	2025-12-13T19:20:51.7439711Z  ... found results file at /home/runner/work/_temp/codeql_databases/javascript/results/codeql/javascript-queries/RegExp/IdentityReplacement.bqrs.
CodeQL Analysis	Perform CodeQL Analysis	2025-12-13T19:20:51.7480626Z Interpreting /opt/hostedtoolcache/CodeQL/2.23.6/x64/codeql/qlpacks/codeql/javascript-queries/2.2.0/Electron/AllowRunningInsecureContent.ql...
CodeQL Analysis	Perform CodeQL Analysis	2025-12-13T19:20:51.7632973Z  ... found results file at /home/runner/work/_temp/codeql_databases/javascript/results/codeql/javascript-queries/Electron/AllowRunningInsecureContent.bqrs.
CodeQL Analysis	Perform CodeQL Analysis	2025-12-13T19:20:51.7643522Z Interpreting /opt/hostedtoolcache/CodeQL/2.23.6/x64/codeql/qlpacks/codeql/javascript-queries/2.2.0/Electron/DisablingWebSecurity.ql...
CodeQL Analysis	Perform CodeQL Analysis	2025-12-13T19:20:51.7739964Z  ... found results file at /home/runner/work/_temp/codeql_databases/javascript/results/codeql/javascript-queries/Electron/DisablingWebSecurity.bqrs.
CodeQL Analysis	Perform CodeQL Analysis	2025-12-13T19:20:51.7770705Z Interpreting /opt/hostedtoolcache/CodeQL/2.23.6/x64/codeql/qlpacks/codeql/javascript-queries/2.2.0/Security/CWE-020/MissingRegExpAnchor.ql...
CodeQL Analysis	Perform CodeQL Analysis	2025-12-13T19:20:51.7861586Z  ... found results file at /home/runner/work/_temp/codeql_databases/javascript/results/codeql/javascript-queries/Security/CWE-020/MissingRegExpAnchor.bqrs.
CodeQL Analysis	Perform CodeQL Analysis	2025-12-13T19:20:51.7902524Z Interpreting /opt/hostedtoolcache/CodeQL/2.23.6/x64/codeql/qlpacks/codeql/javascript-queries/2.2.0/Security/CWE-020/MissingOriginCheck.ql...
CodeQL Analysis	Perform CodeQL Analysis	2025-12-13T19:20:51.7969337Z  ... found results file at /home/runner/work/_temp/codeql_databases/javascript/results/codeql/javascript-queries/Security/CWE-020/MissingOriginCheck.bqrs.
CodeQL Analysis	Perform CodeQL Analysis	2025-12-13T19:20:51.7981819Z Interpreting /opt/hostedtoolcache/CodeQL/2.23.6/x64/codeql/qlpacks/codeql/javascript-queries/2.2.0/Security/CWE-1275/SameSiteNoneCookie.ql...
CodeQL Analysis	Perform CodeQL Analysis	2025-12-13T19:20:51.8051529Z  ... found results file at /home/runner/work/_temp/codeql_databases/javascript/results/codeql/javascript-queries/Security/CWE-1275/SameSiteNoneCookie.bqrs.
CodeQL Analysis	Perform CodeQL Analysis	2025-12-13T19:20:51.8062283Z Interpreting /opt/hostedtoolcache/CodeQL/2.23.6/x64/codeql/qlpacks/codeql/javascript-queries/2.2.0/Security/CWE-384/SessionFixation.ql...
CodeQL Analysis	Perform CodeQL Analysis	2025-12-13T19:20:51.8125670Z  ... found results file at /home/runner/work/_temp/codeql_databases/javascript/results/codeql/javascript-queries/Security/CWE-384/SessionFixation.bqrs.
CodeQL Analysis	Perform CodeQL Analysis	2025-12-13T19:20:51.8128420Z Interpreting /opt/hostedtoolcache/CodeQL/2.23.6/x64/codeql/qlpacks/codeql/javascript-queries/2.2.0/Security/CWE-078/IndirectCommandInjection.ql...
CodeQL Analysis	Perform CodeQL Analysis	2025-12-13T19:20:51.8189750Z  ... found results file at /home/runner/work/_temp/codeql_databases/javascript/results/codeql/javascript-queries/Security/CWE-078/IndirectCommandInjection.bqrs.
CodeQL Analysis	Perform CodeQL Analysis	2025-12-13T19:20:51.8217348Z Interpreting /opt/hostedtoolcache/CodeQL/2.23.6/x64/codeql/qlpacks/codeql/javascript-queries/2.2.0/Security/CWE-912/HttpToFileAccess.ql...
CodeQL Analysis	Perform CodeQL Analysis	2025-12-13T19:20:51.8281954Z  ... found results file at /home/runner/work/_temp/codeql_databases/javascript/results/codeql/javascript-queries/Security/CWE-912/HttpToFileAccess.bqrs.
CodeQL Analysis	Perform CodeQL Analysis	2025-12-13T19:20:51.8300129Z Interpreting /opt/hostedtoolcache/CodeQL/2.23.6/x64/codeql/qlpacks/codeql/javascript-queries/2.2.0/Security/CWE-506/HardcodedDataInterpretedAsCode.ql...
CodeQL Analysis	Perform CodeQL Analysis	2025-12-13T19:20:51.8382685Z  ... found results file at /home/runner/work/_temp/codeql_databases/javascript/results/codeql/javascript-queries/Security/CWE-506/HardcodedDataInterpretedAsCode.bqrs.
CodeQL Analysis	Perform CodeQL Analysis	2025-12-13T19:20:51.8388328Z Interpreting /opt/hostedtoolcache/CodeQL/2.23.6/x64/codeql/qlpacks/codeql/javascript-queries/2.2.0/Security/CWE-377/InsecureTemporaryFile.ql...
CodeQL Analysis	Perform CodeQL Analysis	2025-12-13T19:20:51.8439695Z  ... found results file at /home/runner/work/_temp/codeql_databases/javascript/results/codeql/javascript-queries/Security/CWE-377/InsecureTemporaryFile.bqrs.
CodeQL Analysis	Perform CodeQL Analysis	2025-12-13T19:20:51.8456404Z Interpreting /opt/hostedtoolcache/CodeQL/2.23.6/x64/codeql/qlpacks/codeql/javascript-queries/2.2.0/Security/CWE-094/UnsafeCodeConstruction.ql...
CodeQL Analysis	Perform CodeQL Analysis	2025-12-13T19:20:51.8507664Z  ... found results file at /home/runner/work/_temp/codeql_databases/javascript/results/codeql/javascript-queries/Security/CWE-094/UnsafeCodeConstruction.bqrs.
CodeQL Analysis	Perform CodeQL Analysis	2025-12-13T19:20:51.8522850Z Interpreting /opt/hostedtoolcache/CodeQL/2.23.6/x64/codeql/qlpacks/codeql/javascript-queries/2.2.0/Security/CWE-200/FileAccessToHttp.ql...
CodeQL Analysis	Perform CodeQL Analysis	2025-12-13T19:20:51.8591439Z  ... found results file at /home/runner/work/_temp/codeql_databases/javascript/results/codeql/javascript-queries/Security/CWE-200/FileAccessToHttp.bqrs.
CodeQL Analysis	Perform CodeQL Analysis	2025-12-13T19:20:51.8633134Z Interpreting /opt/hostedtoolcache/CodeQL/2.23.6/x64/codeql/qlpacks/codeql/javascript-queries/2.2.0/Security/CWE-367/FileSystemRace.ql...
CodeQL Analysis	Perform CodeQL Analysis	2025-12-13T19:20:51.8672579Z  ... found results file at /home/runner/work/_temp/codeql_databases/javascript/results/codeql/javascript-queries/Security/CWE-367/FileSystemRace.bqrs.
CodeQL Analysis	Perform CodeQL Analysis	2025-12-13T19:20:51.8686789Z Interpreting /opt/hostedtoolcache/CodeQL/2.23.6/x64/codeql/qlpacks/codeql/javascript-queries/2.2.0/Security/CWE-862/EmptyPasswordInConfigurationFile.ql...
CodeQL Analysis	Perform CodeQL Analysis	2025-12-13T19:20:51.8785196Z  ... found results file at /home/runner/work/_temp/codeql_databases/javascript/results/codeql/javascript-queries/Security/CWE-862/EmptyPasswordInConfigurationFile.bqrs.
CodeQL Analysis	Perform CodeQL Analysis	2025-12-13T19:20:51.8787139Z Interpreting /opt/hostedtoolcache/CodeQL/2.23.6/x64/codeql/qlpacks/codeql/javascript-queries/2.2.0/Security/CWE-400/RemotePropertyInjection.ql...
CodeQL Analysis	Perform CodeQL Analysis	2025-12-13T19:20:51.8868919Z  ... found results file at /home/runner/work/_temp/codeql_databases/javascript/results/codeql/javascript-queries/Security/CWE-400/RemotePropertyInjection.bqrs.
CodeQL Analysis	Perform CodeQL Analysis	2025-12-13T19:20:51.8879883Z Interpreting /opt/hostedtoolcache/CodeQL/2.23.6/x64/codeql/qlpacks/codeql/javascript-queries/2.2.0/Security/CWE-918/ClientSideRequestForgery.ql...
CodeQL Analysis	Perform CodeQL Analysis	2025-12-13T19:20:51.8963052Z  ... found results file at /home/runner/work/_temp/codeql_databases/javascript/results/codeql/javascript-queries/Security/CWE-918/ClientSideRequestForgery.bqrs.
CodeQL Analysis	Perform CodeQL Analysis	2025-12-13T19:20:51.8974141Z Interpreting /opt/hostedtoolcache/CodeQL/2.23.6/x64/codeql/qlpacks/codeql/javascript-queries/2.2.0/Security/CWE-807/ConditionalBypass.ql...
CodeQL Analysis	Perform CodeQL Analysis	2025-12-13T19:20:51.9023825Z  ... found results file at /home/runner/work/_temp/codeql_databases/javascript/results/codeql/javascript-queries/Security/CWE-807/ConditionalBypass.bqrs.
CodeQL Analysis	Perform CodeQL Analysis	2025-12-13T19:20:51.9058209Z Interpreting /opt/hostedtoolcache/CodeQL/2.23.6/x64/codeql/qlpacks/codeql/javascript-queries/2.2.0/Security/CWE-117/LogInjection.ql...
CodeQL Analysis	Perform CodeQL Analysis	2025-12-13T19:20:51.9140396Z  ... found results file at /home/runner/work/_temp/codeql_databases/javascript/results/codeql/javascript-queries/Security/CWE-117/LogInjection.bqrs.
CodeQL Analysis	Perform CodeQL Analysis	2025-12-13T19:20:51.9153382Z Interpreting /opt/hostedtoolcache/CodeQL/2.23.6/x64/codeql/qlpacks/codeql/javascript-queries/2.2.0/Diagnostics/ExtractedFiles.ql...
CodeQL Analysis	Perform CodeQL Analysis	2025-12-13T19:20:51.9207428Z  ... found results file at /home/runner/work/_temp/codeql_databases/javascript/results/codeql/javascript-queries/Diagnostics/ExtractedFiles.bqrs.
CodeQL Analysis	Perform CodeQL Analysis	2025-12-13T19:20:51.9231883Z Interpreting /opt/hostedtoolcache/CodeQL/2.23.6/x64/codeql/qlpacks/codeql/javascript-queries/2.2.0/Diagnostics/ExtractionErrors.ql...
CodeQL Analysis	Perform CodeQL Analysis	2025-12-13T19:20:51.9322530Z  ... found results file at /home/runner/work/_temp/codeql_databases/javascript/results/codeql/javascript-queries/Diagnostics/ExtractionErrors.bqrs.
CodeQL Analysis	Perform CodeQL Analysis	2025-12-13T19:20:51.9324714Z Interpreting /opt/hostedtoolcache/CodeQL/2.23.6/x64/codeql/qlpacks/codeql/javascript-queries/2.2.0/Summary/LinesOfUserCode.ql...
CodeQL Analysis	Perform CodeQL Analysis	2025-12-13T19:20:51.9397708Z  ... found results file at /home/runner/work/_temp/codeql_databases/javascript/results/codeql/javascript-queries/Summary/LinesOfUserCode.bqrs.
CodeQL Analysis	Perform CodeQL Analysis	2025-12-13T19:20:51.9411858Z Interpreting /opt/hostedtoolcache/CodeQL/2.23.6/x64/codeql/qlpacks/codeql/javascript-queries/2.2.0/Summary/LinesOfCode.ql...
CodeQL Analysis	Perform CodeQL Analysis	2025-12-13T19:20:51.9475705Z  ... found results file at /home/runner/work/_temp/codeql_databases/javascript/results/codeql/javascript-queries/Summary/LinesOfCode.bqrs.
CodeQL Analysis	Perform CodeQL Analysis	2025-12-13T19:20:52.0736172Z Interpreted pathproblem query "Clear-text logging of sensitive information" (js/clear-text-logging) at path /home/runner/work/_temp/codeql_databases/javascript/results/codeql/javascript-queries/Security/CWE-312/CleartextLogging.bqrs.
CodeQL Analysis	Perform CodeQL Analysis	2025-12-13T19:20:52.0747719Z Interpreted pathproblem query "Clear text storage of sensitive information" (js/clear-text-storage-of-sensitive-data) at path /home/runner/work/_temp/codeql_databases/javascript/results/codeql/javascript-queries/Security/CWE-312/CleartextStorage.bqrs.
CodeQL Analysis	Perform CodeQL Analysis	2025-12-13T19:20:52.0764476Z Interpreted pathproblem query "Storage of sensitive information in build artifact" (js/build-artifact-leak) at path /home/runner/work/_temp/codeql_databases/javascript/results/codeql/javascript-queries/Security/CWE-312/BuildArtifactLeak.bqrs.
CodeQL Analysis	Perform CodeQL Analysis	2025-12-13T19:20:52.0776178Z Interpreted problem query "Incorrect suffix check" (js/incorrect-suffix-check) at path /home/runner/work/_temp/codeql_databases/javascript/results/codeql/javascript-queries/Security/CWE-020/IncorrectSuffixCheck.bqrs.
CodeQL Analysis	Perform CodeQL Analysis	2025-12-13T19:20:52.0788575Z Interpreted problem query "Incomplete URL substring sanitization" (js/incomplete-url-substring-sanitization) at path /home/runner/work/_temp/codeql_databases/javascript/results/codeql/javascript-queries/Security/CWE-020/IncompleteUrlSubstringSanitization.bqrs.
CodeQL Analysis	Perform CodeQL Analysis	2025-12-13T19:20:52.0805275Z Interpreted problem query "Incomplete regular expression for hostnames" (js/incomplete-hostname-regexp) at path /home/runner/work/_temp/codeql_databases/javascript/results/codeql/javascript-queries/Security/CWE-020/IncompleteHostnameRegExp.bqrs.
CodeQL Analysis	Perform CodeQL Analysis	2025-12-13T19:20:52.0821264Z Interpreted problem query "Incomplete URL scheme check" (js/incomplete-url-scheme-check) at path /home/runner/work/_temp/codeql_databases/javascript/results/codeql/javascript-queries/Security/CWE-020/IncompleteUrlSchemeCheck.bqrs.
CodeQL Analysis	Perform CodeQL Analysis	2025-12-13T19:20:52.0860925Z Interpreted problem query "Overly permissive regular expression range" (js/overly-large-range) at path /home/runner/work/_temp/codeql_databases/javascript/results/codeql/javascript-queries/Security/CWE-020/OverlyLargeRange.bqrs.
CodeQL Analysis	Perform CodeQL Analysis	2025-12-13T19:20:52.0864268Z Interpreted problem query "Useless regular-expression character escape" (js/useless-regexp-character-escape) at path /home/runner/work/_temp/codeql_databases/javascript/results/codeql/javascript-queries/Security/CWE-020/UselessRegExpCharacterEscape.bqrs.
CodeQL Analysis	Perform CodeQL Analysis	2025-12-13T19:20:52.0867264Z Interpreted pathproblem query "Resource exhaustion" (js/resource-exhaustion) at path /home/runner/work/_temp/codeql_databases/javascript/results/codeql/javascript-queries/Security/CWE-770/ResourceExhaustion.bqrs.
CodeQL Analysis	Perform CodeQL Analysis	2025-12-13T19:20:52.0870016Z Interpreted problem query "Missing rate limiting" (js/missing-rate-limiting) at path /home/runner/work/_temp/codeql_databases/javascript/results/codeql/javascript-queries/Security/CWE-770/MissingRateLimiting.bqrs.
CodeQL Analysis	Perform CodeQL Analysis	2025-12-13T19:20:52.0872548Z Interpreted pathproblem query "XML internal entity expansion" (js/xml-bomb) at path /home/runner/work/_temp/codeql_databases/javascript/results/codeql/javascript-queries/Security/CWE-776/XmlBomb.bqrs.
CodeQL Analysis	Perform CodeQL Analysis	2025-12-13T19:20:52.0880400Z Interpreted pathproblem query "Cross-window communication with unrestricted target origin" (js/cross-window-information-leak) at path /home/runner/work/_temp/codeql_databases/javascript/results/codeql/javascript-queries/Security/CWE-201/PostMessageStar.bqrs.
CodeQL Analysis	Perform CodeQL Analysis	2025-12-13T19:20:52.0885198Z Interpreted problem query "Use of a weak cryptographic key" (js/insufficient-key-size) at path /home/runner/work/_temp/codeql_databases/javascript/results/codeql/javascript-queries/Security/CWE-326/InsufficientKeySize.bqrs.
CodeQL Analysis	Perform CodeQL Analysis	2025-12-13T19:20:52.0892737Z Interpreted pathproblem query "Use of password hash with insufficient computational effort" (js/insufficient-password-hash) at path /home/runner/work/_temp/codeql_databases/javascript/results/codeql/javascript-queries/Security/CWE-916/InsufficientPasswordHash.bqrs.
CodeQL Analysis	Perform CodeQL Analysis	2025-12-13T19:20:52.0900250Z Interpreted pathproblem query "Insecure randomness" (js/insecure-randomness) at path /home/runner/work/_temp/codeql_databases/javascript/results/codeql/javascript-queries/Security/CWE-338/InsecureRandomness.bqrs.
CodeQL Analysis	Perform CodeQL Analysis	2025-12-13T19:20:52.0902561Z Interpreted pathproblem query "Server-side URL redirect" (js/server-side-unvalidated-url-redirection) at path /home/runner/work/_temp/codeql_databases/javascript/results/codeql/javascript-queries/Security/CWE-601/ServerSideUrlRedirect.bqrs.
CodeQL Analysis	Perform CodeQL Analysis	2025-12-13T19:20:52.0905175Z Interpreted pathproblem query "Client-side URL redirect" (js/client-side-unvalidated-url-redirection) at path /home/runner/work/_temp/codeql_databases/javascript/results/codeql/javascript-queries/Security/CWE-601/ClientSideUrlRedirect.bqrs.
CodeQL Analysis	Perform CodeQL Analysis	2025-12-13T19:20:52.0918350Z Interpreted pathproblem query "Download of sensitive file through insecure connection" (js/insecure-download) at path /home/runner/work/_temp/codeql_databases/javascript/results/codeql/javascript-queries/Security/CWE-829/InsecureDownload.bqrs.
CodeQL Analysis	Perform CodeQL Analysis	2025-12-13T19:20:52.0921413Z Interpreted pathproblem query "Shell command built from environment values" (js/shell-command-injection-from-environment) at path /home/runner/work/_temp/codeql_databases/javascript/results/codeql/javascript-queries/Security/CWE-078/ShellCommandInjectionFromEnvironment.bqrs.
CodeQL Analysis	Perform CodeQL Analysis	2025-12-13T19:20:52.0923911Z Interpreted pathproblem query "Uncontrolled command line" (js/command-line-injection) at path /home/runner/work/_temp/codeql_databases/javascript/results/codeql/javascript-queries/Security/CWE-078/CommandInjection.bqrs.
CodeQL Analysis	Perform CodeQL Analysis	2025-12-13T19:20:52.0926502Z Interpreted pathproblem query "Unsafe shell command constructed from library input" (js/shell-command-constructed-from-input) at path /home/runner/work/_temp/codeql_databases/javascript/results/codeql/javascript-queries/Security/CWE-078/UnsafeShellCommandConstruction.bqrs.
CodeQL Analysis	Perform CodeQL Analysis	2025-12-13T19:20:52.0948887Z Interpreted problem query "Unnecessary use of `cat` process" (js/unnecessary-use-of-cat) at path /home/runner/work/_temp/codeql_databases/javascript/results/codeql/javascript-queries/Security/CWE-078/UselessUseOfCat.bqrs.
CodeQL Analysis	Perform CodeQL Analysis	2025-12-13T19:20:52.0953339Z Interpreted pathproblem query "Second order command injection" (js/second-order-command-line-injection) at path /home/runner/work/_temp/codeql_databases/javascript/results/codeql/javascript-queries/Security/CWE-078/SecondOrderCommandInjection.bqrs.
CodeQL Analysis	Perform CodeQL Analysis	2025-12-13T19:20:52.0956702Z Interpreted problem query "Dependency download using unencrypted communication channel" (js/insecure-dependency) at path /home/runner/work/_temp/codeql_databases/javascript/results/codeql/javascript-queries/Security/CWE-300/InsecureDependencyResolution.bqrs.
CodeQL Analysis	Perform CodeQL Analysis	2025-12-13T19:20:52.0969706Z Interpreted problem query "Disabling certificate validation" (js/disabling-certificate-validation) at path /home/runner/work/_temp/codeql_databases/javascript/results/codeql/javascript-queries/Security/CWE-295/DisablingCertificateValidation.bqrs.
CodeQL Analysis	Perform CodeQL Analysis	2025-12-13T19:20:52.0972175Z Interpreted pathproblem query "XPath injection" (js/xpath-injection) at path /home/runner/work/_temp/codeql_databases/javascript/results/codeql/javascript-queries/Security/CWE-643/XpathInjection.bqrs.
CodeQL Analysis	Perform CodeQL Analysis	2025-12-13T19:20:52.0974487Z Interpreted pathproblem query "Unsafe HTML constructed from library input" (js/html-constructed-from-input) at path /home/runner/work/_temp/codeql_databases/javascript/results/codeql/javascript-queries/Security/CWE-079/UnsafeHtmlConstruction.bqrs.
CodeQL Analysis	Perform CodeQL Analysis	2025-12-13T19:20:52.0988069Z Interpreted pathproblem query "Stored cross-site scripting" (js/stored-xss) at path /home/runner/work/_temp/codeql_databases/javascript/results/codeql/javascript-queries/Security/CWE-079/StoredXss.bqrs.
CodeQL Analysis	Perform CodeQL Analysis	2025-12-13T19:20:52.0992436Z Interpreted pathproblem query "Reflected cross-site scripting" (js/reflected-xss) at path /home/runner/work/_temp/codeql_databases/javascript/results/codeql/javascript-queries/Security/CWE-079/ReflectedXss.bqrs.
CodeQL Analysis	Perform CodeQL Analysis	2025-12-13T19:20:52.0994663Z Interpreted pathproblem query "DOM text reinterpreted as HTML" (js/xss-through-dom) at path /home/runner/work/_temp/codeql_databases/javascript/results/codeql/javascript-queries/Security/CWE-079/XssThroughDom.bqrs.
CodeQL Analysis	Perform CodeQL Analysis	2025-12-13T19:20:52.0997207Z Interpreted pathproblem query "Exception text reinterpreted as HTML" (js/xss-through-exception) at path /home/runner/work/_temp/codeql_databases/javascript/results/codeql/javascript-queries/Security/CWE-079/ExceptionXss.bqrs.
CodeQL Analysis	Perform CodeQL Analysis	2025-12-13T19:20:52.0999579Z Interpreted pathproblem query "Unsafe jQuery plugin" (js/unsafe-jquery-plugin) at path /home/runner/work/_temp/codeql_databases/javascript/results/codeql/javascript-queries/Security/CWE-079/UnsafeJQueryPlugin.bqrs.
CodeQL Analysis	Perform CodeQL Analysis	2025-12-13T19:20:52.1001721Z Interpreted pathproblem query "Client-side cross-site scripting" (js/xss) at path /home/runner/work/_temp/codeql_databases/javascript/results/codeql/javascript-queries/Security/CWE-079/Xss.bqrs.
CodeQL Analysis	Perform CodeQL Analysis	2025-12-13T19:20:52.1003928Z Interpreted pathproblem query "Database query built from user-controlled sources" (js/sql-injection) at path /home/runner/work/_temp/codeql_databases/javascript/results/codeql/javascript-queries/Security/CWE-089/SqlInjection.bqrs.
CodeQL Analysis	Perform CodeQL Analysis	2025-12-13T19:20:52.1006716Z Interpreted pathproblem query "Host header poisoning in email generation" (js/host-header-forgery-in-email-generation) at path /home/runner/work/_temp/codeql_databases/javascript/results/codeql/javascript-queries/Security/CWE-640/HostHeaderPoisoningInEmailGeneration.bqrs.
CodeQL Analysis	Perform CodeQL Analysis	2025-12-13T19:20:52.1009670Z Interpreted pathproblem query "Template Object Injection" (js/template-object-injection) at path /home/runner/work/_temp/codeql_databases/javascript/results/codeql/javascript-queries/Security/CWE-073/TemplateObjectInjection.bqrs.
CodeQL Analysis	Perform CodeQL Analysis	2025-12-13T19:20:52.1012141Z Interpreted pathproblem query "Arbitrary file access during archive extraction ("Zip Slip")" (js/zipslip) at path /home/runner/work/_temp/codeql_databases/javascript/results/codeql/javascript-queries/Security/CWE-022/ZipSlip.bqrs.
CodeQL Analysis	Perform CodeQL Analysis	2025-12-13T19:20:52.1014775Z Interpreted pathproblem query "Uncontrolled data used in path expression" (js/path-injection) at path /home/runner/work/_temp/codeql_databases/javascript/results/codeql/javascript-queries/Security/CWE-022/TaintedPath.bqrs.
CodeQL Analysis	Perform CodeQL Analysis	2025-12-13T19:20:52.1017165Z Interpreted problem query "Clear text transmission of sensitive cookie" (js/clear-text-cookie) at path /home/runner/work/_temp/codeql_databases/javascript/results/codeql/javascript-queries/Security/CWE-614/ClearTextCookie.bqrs.
CodeQL Analysis	Perform CodeQL Analysis	2025-12-13T19:20:52.1052449Z Interpreted problem query "JWT missing secret or public key verification" (js/jwt-missing-verification) at path /home/runner/work/_temp/codeql_databases/javascript/results/codeql/javascript-queries/Security/CWE-347/MissingJWTKeyVerification.bqrs.
CodeQL Analysis	Perform CodeQL Analysis	2025-12-13T19:20:52.1063074Z Interpreted pathproblem query "Type confusion through parameter tampering" (js/type-confusion-through-parameter-tampering) at path /home/runner/work/_temp/codeql_databases/javascript/results/codeql/javascript-queries/Security/CWE-843/TypeConfusionThroughParameterTampering.bqrs.
CodeQL Analysis	Perform CodeQL Analysis	2025-12-13T19:20:52.1065956Z Interpreted problem query "Case-sensitive middleware path" (js/case-sensitive-middleware-path) at path /home/runner/work/_temp/codeql_databases/javascript/results/codeql/javascript-queries/Security/CWE-178/CaseSensitiveMiddlewarePath.bqrs.
CodeQL Analysis	Perform CodeQL Analysis	2025-12-13T19:20:52.1068504Z Interpreted problem query "Sensitive server cookie exposed to the client" (js/client-exposed-cookie) at path /home/runner/work/_temp/codeql_databases/javascript/results/codeql/javascript-queries/Security/CWE-1004/ClientExposedCookie.bqrs.
CodeQL Analysis	Perform CodeQL Analysis	2025-12-13T19:20:52.1070991Z Interpreted pathproblem query "Loop bound injection" (js/loop-bound-injection) at path /home/runner/work/_temp/codeql_databases/javascript/results/codeql/javascript-queries/Security/CWE-834/LoopBoundInjection.bqrs.
CodeQL Analysis	Perform CodeQL Analysis	2025-12-13T19:20:52.1073173Z Interpreted problem query "Bad HTML filtering regexp" (js/bad-tag-filter) at path /home/runner/work/_temp/codeql_databases/javascript/results/codeql/javascript-queries/Security/CWE-116/BadTagFilter.bqrs.
CodeQL Analysis	Perform CodeQL Analysis	2025-12-13T19:20:52.1075326Z Interpreted problem query "Double escaping or unescaping" (js/double-escaping) at path /home/runner/work/_temp/codeql_databases/javascript/results/codeql/javascript-queries/Security/CWE-116/DoubleEscaping.bqrs.
CodeQL Analysis	Perform CodeQL Analysis	2025-12-13T19:20:52.1077909Z Interpreted problem query "Incomplete string escaping or encoding" (js/incomplete-sanitization) at path /home/runner/work/_temp/codeql_databases/javascript/results/codeql/javascript-queries/Security/CWE-116/IncompleteSanitization.bqrs.
CodeQL Analysis	Perform CodeQL Analysis	2025-12-13T19:20:52.1107115Z Interpreted problem query "Unsafe expansion of self-closing HTML tag" (js/unsafe-html-expansion) at path /home/runner/work/_temp/codeql_databases/javascript/results/codeql/javascript-queries/Security/CWE-116/UnsafeHtmlExpansion.bqrs.
CodeQL Analysis	Perform CodeQL Analysis	2025-12-13T19:20:52.1110250Z Interpreted pathproblem query "Incomplete HTML attribute sanitization" (js/incomplete-html-attribute-sanitization) at path /home/runner/work/_temp/codeql_databases/javascript/results/codeql/javascript-queries/Security/CWE-116/IncompleteHtmlAttributeSanitization.bqrs.
CodeQL Analysis	Perform CodeQL Analysis	2025-12-13T19:20:52.1113578Z Interpreted problem query "Incomplete multi-character sanitization" (js/incomplete-multi-character-sanitization) at path /home/runner/work/_temp/codeql_databases/javascript/results/codeql/javascript-queries/Security/CWE-116/IncompleteMultiCharacterSanitization.bqrs.
CodeQL Analysis	Perform CodeQL Analysis	2025-12-13T19:20:52.1116572Z Interpreted pathproblem query "Prototype-polluting function" (js/prototype-pollution-utility) at path /home/runner/work/_temp/codeql_databases/javascript/results/codeql/javascript-queries/Security/CWE-915/PrototypePollutingFunction.bqrs.
CodeQL Analysis	Perform CodeQL Analysis	2025-12-13T19:20:52.1119393Z Interpreted pathproblem query "Prototype-polluting assignment" (js/prototype-polluting-assignment) at path /home/runner/work/_temp/codeql_databases/javascript/results/codeql/javascript-queries/Security/CWE-915/PrototypePollutingAssignment.bqrs.
CodeQL Analysis	Perform CodeQL Analysis	2025-12-13T19:20:52.1122000Z Interpreted pathproblem query "Prototype-polluting merge call" (js/prototype-pollution) at path /home/runner/work/_temp/codeql_databases/javascript/results/codeql/javascript-queries/Security/CWE-915/PrototypePollutingMergeCall.bqrs.
CodeQL Analysis	Perform CodeQL Analysis	2025-12-13T19:20:52.1124899Z Interpreted problem query "Missing CSRF middleware" (js/missing-token-validation) at path /home/runner/work/_temp/codeql_databases/javascript/results/codeql/javascript-queries/Security/CWE-352/MissingCsrfMiddleware.bqrs.
CodeQL Analysis	Perform CodeQL Analysis	2025-12-13T19:20:52.1127684Z Interpreted pathproblem query "Unvalidated dynamic method call" (js/unvalidated-dynamic-method-call) at path /home/runner/work/_temp/codeql_databases/javascript/results/codeql/javascript-queries/Security/CWE-754/UnvalidatedDynamicMethodCall.bqrs.
CodeQL Analysis	Perform CodeQL Analysis	2025-12-13T19:20:52.1160398Z Interpreted pathproblem query "Server crash" (js/server-crash) at path /home/runner/work/_temp/codeql_databases/javascript/results/codeql/javascript-queries/Security/CWE-730/ServerCrash.bqrs.
CodeQL Analysis	Perform CodeQL Analysis	2025-12-13T19:20:52.1162940Z Interpreted pathproblem query "Regular expression injection" (js/regex-injection) at path /home/runner/work/_temp/codeql_databases/javascript/results/codeql/javascript-queries/Security/CWE-730/RegExpInjection.bqrs.
CodeQL Analysis	Perform CodeQL Analysis	2025-12-13T19:20:52.1165879Z Interpreted pathproblem query "Permissive CORS configuration" (js/cors-permissive-configuration) at path /home/runner/work/_temp/codeql_databases/javascript/results/codeql/javascript-queries/Security/CWE-942/CorsPermissiveConfiguration.bqrs.
CodeQL Analysis	Perform CodeQL Analysis	2025-12-13T19:20:52.1173768Z Interpreted pathproblem query "Code injection" (js/code-injection) at path /home/runner/work/_temp/codeql_databases/javascript/results/codeql/javascript-queries/Security/CWE-094/CodeInjection.bqrs.
CodeQL Analysis	Perform CodeQL Analysis	2025-12-13T19:20:52.1179630Z Interpreted pathproblem query "Unsafe dynamic method access" (js/unsafe-dynamic-method-access) at path /home/runner/work/_temp/codeql_databases/javascript/results/codeql/javascript-queries/Security/CWE-094/UnsafeDynamicMethodAccess.bqrs.
CodeQL Analysis	Perform CodeQL Analysis	2025-12-13T19:20:52.1182337Z Interpreted pathproblem query "Improper code sanitization" (js/bad-code-sanitization) at path /home/runner/work/_temp/codeql_databases/javascript/results/codeql/javascript-queries/Security/CWE-094/ImproperCodeSanitization.bqrs.
CodeQL Analysis	Perform CodeQL Analysis	2025-12-13T19:20:52.1185060Z Interpreted pathproblem query "Deserialization of user-controlled data" (js/unsafe-deserialization) at path /home/runner/work/_temp/codeql_databases/javascript/results/codeql/javascript-queries/Security/CWE-502/UnsafeDeserialization.bqrs.
CodeQL Analysis	Perform CodeQL Analysis	2025-12-13T19:20:52.1187636Z Interpreted problem query "Exposure of private files" (js/exposure-of-private-files) at path /home/runner/work/_temp/codeql_databases/javascript/results/codeql/javascript-queries/Security/CWE-200/PrivateFileExposure.bqrs.
CodeQL Analysis	Perform CodeQL Analysis	2025-12-13T19:20:52.1199832Z Interpreted problem query "Sensitive data read from GET request" (js/sensitive-get-query) at path /home/runner/work/_temp/codeql_databases/javascript/results/codeql/javascript-queries/Security/CWE-598/SensitiveGetQuery.bqrs.
CodeQL Analysis	Perform CodeQL Analysis	2025-12-13T19:20:52.1204780Z Interpreted pathproblem query "Use of externally-controlled format string" (js/tainted-format-string) at path /home/runner/work/_temp/codeql_databases/javascript/results/codeql/javascript-queries/Security/CWE-134/TaintedFormatString.bqrs.
CodeQL Analysis	Perform CodeQL Analysis	2025-12-13T19:20:52.1212407Z Interpreted pathproblem query "CORS misconfiguration for credentials transfer" (js/cors-misconfiguration-for-credentials) at path /home/runner/work/_temp/codeql_databases/javascript/results/codeql/javascript-queries/Security/CWE-346/CorsMisconfigurationForCredentials.bqrs.
CodeQL Analysis	Perform CodeQL Analysis	2025-12-13T19:20:52.1219889Z Interpreted pathproblem query "Use of a broken or weak cryptographic algorithm" (js/weak-cryptographic-algorithm) at path /home/runner/work/_temp/codeql_databases/javascript/results/codeql/javascript-queries/Security/CWE-327/BrokenCryptoAlgorithm.bqrs.
CodeQL Analysis	Perform CodeQL Analysis	2025-12-13T19:20:52.1232148Z Interpreted problem query "Creating biased random numbers from a cryptographically secure source" (js/biased-cryptographic-random) at path /home/runner/work/_temp/codeql_databases/javascript/results/codeql/javascript-queries/Security/CWE-327/BadRandomness.bqrs.
CodeQL Analysis	Perform CodeQL Analysis	2025-12-13T19:20:52.1235170Z Interpreted pathproblem query "Resources exhaustion from deep object traversal" (js/resource-exhaustion-from-deep-object-traversal) at path /home/runner/work/_temp/codeql_databases/javascript/results/codeql/javascript-queries/Security/CWE-400/DeepObjectResourceExhaustion.bqrs.
CodeQL Analysis	Perform CodeQL Analysis	2025-12-13T19:20:52.1237669Z Interpreted pathproblem query "Server-side request forgery" (js/request-forgery) at path /home/runner/work/_temp/codeql_databases/javascript/results/codeql/javascript-queries/Security/CWE-918/RequestForgery.bqrs.
CodeQL Analysis	Perform CodeQL Analysis	2025-12-13T19:20:52.1244643Z Interpreted problem query "Inclusion of functionality from an untrusted source" (js/functionality-from-untrusted-source) at path /home/runner/work/_temp/codeql_databases/javascript/results/codeql/javascript-queries/Security/CWE-830/FunctionalityFromUntrustedSource.bqrs.
CodeQL Analysis	Perform CodeQL Analysis	2025-12-13T19:20:52.1260113Z Interpreted problem query "Untrusted domain used in script or other content" (js/functionality-from-untrusted-domain) at path /home/runner/work/_temp/codeql_databases/javascript/results/codeql/javascript-queries/Security/CWE-830/FunctionalityFromUntrustedDomain.bqrs.
CodeQL Analysis	Perform CodeQL Analysis	2025-12-13T19:20:52.1263043Z Interpreted pathproblem query "Information exposure through a stack trace" (js/stack-trace-exposure) at path /home/runner/work/_temp/codeql_databases/javascript/results/codeql/javascript-queries/Security/CWE-209/StackTraceExposure.bqrs.
CodeQL Analysis	Perform CodeQL Analysis	2025-12-13T19:20:52.1265651Z Interpreted problem query "Insecure configuration of Helmet security middleware" (js/insecure-helmet-configuration) at path /home/runner/work/_temp/codeql_databases/javascript/results/codeql/javascript-queries/Security/CWE-693/InsecureHelmet.bqrs.
CodeQL Analysis	Perform CodeQL Analysis	2025-12-13T19:20:52.1267977Z Interpreted pathproblem query "XML external entity expansion" (js/xxe) at path /home/runner/work/_temp/codeql_databases/javascript/results/codeql/javascript-queries/Security/CWE-611/Xxe.bqrs.
CodeQL Analysis	Perform CodeQL Analysis	2025-12-13T19:20:52.1270183Z Interpreted problem query "Disabling SCE" (js/angular/disabling-sce) at path /home/runner/work/_temp/codeql_databases/javascript/results/codeql/javascript-queries/AngularJS/DisablingSce.bqrs.
CodeQL Analysis	Perform CodeQL Analysis	2025-12-13T19:20:52.1272368Z Interpreted problem query "Double compilation" (js/angular/double-compilation) at path /home/runner/work/_temp/codeql_databases/javascript/results/codeql/javascript-queries/AngularJS/DoubleCompilation.bqrs.
CodeQL Analysis	Perform CodeQL Analysis	2025-12-13T19:20:52.1274994Z Interpreted problem query "Insecure URL whitelist" (js/angular/insecure-url-whitelist) at path /home/runner/work/_temp/codeql_databases/javascript/results/codeql/javascript-queries/AngularJS/InsecureUrlWhitelist.bqrs.
CodeQL Analysis	Perform CodeQL Analysis	2025-12-13T19:20:52.1277161Z Interpreted problem query "Inefficient regular expression" (js/redos) at path /home/runner/work/_temp/codeql_databases/javascript/results/codeql/javascript-queries/Performance/ReDoS.bqrs.
CodeQL Analysis	Perform CodeQL Analysis	2025-12-13T19:20:52.1297706Z Interpreted pathproblem query "Polynomial regular expression used on uncontrolled data" (js/polynomial-redos) at path /home/runner/work/_temp/codeql_databases/javascript/results/codeql/javascript-queries/Performance/PolynomialReDoS.bqrs.
CodeQL Analysis	Perform CodeQL Analysis	2025-12-13T19:20:52.1300339Z Interpreted problem query "Replacement of a substring with itself" (js/identity-replacement) at path /home/runner/work/_temp/codeql_databases/javascript/results/codeql/javascript-queries/RegExp/IdentityReplacement.bqrs.
CodeQL Analysis	Perform CodeQL Analysis	2025-12-13T19:20:52.1302623Z Interpreted problem query "Enabling Electron allowRunningInsecureContent" (js/enabling-electron-insecure-content) at path /home/runner/work/_temp/codeql_databases/javascript/results/codeql/javascript-queries/Electron/AllowRunningInsecureContent.bqrs.
CodeQL Analysis	Perform CodeQL Analysis	2025-12-13T19:20:52.1320700Z Interpreted problem query "Disabling Electron webSecurity" (js/disabling-electron-websecurity) at path /home/runner/work/_temp/codeql_databases/javascript/results/codeql/javascript-queries/Electron/DisablingWebSecurity.bqrs.
CodeQL Analysis	Perform CodeQL Analysis	2025-12-13T19:20:52.1323203Z Interpreted problem query "Missing regular expression anchor" (js/regex/missing-regexp-anchor) at path /home/runner/work/_temp/codeql_databases/javascript/results/codeql/javascript-queries/Security/CWE-020/MissingRegExpAnchor.bqrs.
CodeQL Analysis	Perform CodeQL Analysis	2025-12-13T19:20:52.1325850Z Interpreted problem query "Missing origin verification in `postMessage` handler" (js/missing-origin-check) at path /home/runner/work/_temp/codeql_databases/javascript/results/codeql/javascript-queries/Security/CWE-020/MissingOriginCheck.bqrs.
CodeQL Analysis	Perform CodeQL Analysis	2025-12-13T19:20:52.1328559Z Interpreted problem query "Sensitive cookie without SameSite restrictions" (js/samesite-none-cookie) at path /home/runner/work/_temp/codeql_databases/javascript/results/codeql/javascript-queries/Security/CWE-1275/SameSiteNoneCookie.bqrs.
CodeQL Analysis	Perform CodeQL Analysis	2025-12-13T19:20:52.1331506Z Interpreted problem query "Failure to abandon session" (js/session-fixation) at path /home/runner/work/_temp/codeql_databases/javascript/results/codeql/javascript-queries/Security/CWE-384/SessionFixation.bqrs.
CodeQL Analysis	Perform CodeQL Analysis	2025-12-13T19:20:52.1333653Z Interpreted pathproblem query "Indirect uncontrolled command line" (js/indirect-command-line-injection) at path /home/runner/work/_temp/codeql_databases/javascript/results/codeql/javascript-queries/Security/CWE-078/IndirectCommandInjection.bqrs.
CodeQL Analysis	Perform CodeQL Analysis	2025-12-13T19:20:52.1335977Z Interpreted pathproblem query "Network data written to file" (js/http-to-file-access) at path /home/runner/work/_temp/codeql_databases/javascript/results/codeql/javascript-queries/Security/CWE-912/HttpToFileAccess.bqrs.
CodeQL Analysis	Perform CodeQL Analysis	2025-12-13T19:20:52.1338462Z Interpreted pathproblem query "Hard-coded data interpreted as code" (js/hardcoded-data-interpreted-as-code) at path /home/runner/work/_temp/codeql_databases/javascript/results/codeql/javascript-queries/Security/CWE-506/HardcodedDataInterpretedAsCode.bqrs.
CodeQL Analysis	Perform CodeQL Analysis	2025-12-13T19:20:52.1349829Z Interpreted pathproblem query "Insecure temporary file" (js/insecure-temporary-file) at path /home/runner/work/_temp/codeql_databases/javascript/results/codeql/javascript-queries/Security/CWE-377/InsecureTemporaryFile.bqrs.
CodeQL Analysis	Perform CodeQL Analysis	2025-12-13T19:20:52.1352198Z Interpreted pathproblem query "Unsafe code constructed from library input" (js/unsafe-code-construction) at path /home/runner/work/_temp/codeql_databases/javascript/results/codeql/javascript-queries/Security/CWE-094/UnsafeCodeConstruction.bqrs.
CodeQL Analysis	Perform CodeQL Analysis	2025-12-13T19:20:52.1354862Z Interpreted pathproblem query "File data in outbound network request" (js/file-access-to-http) at path /home/runner/work/_temp/codeql_databases/javascript/results/codeql/javascript-queries/Security/CWE-200/FileAccessToHttp.bqrs.
CodeQL Analysis	Perform CodeQL Analysis	2025-12-13T19:20:52.1357314Z Interpreted problem query "Potential file system race condition" (js/file-system-race) at path /home/runner/work/_temp/codeql_databases/javascript/results/codeql/javascript-queries/Security/CWE-367/FileSystemRace.bqrs.
CodeQL Analysis	Perform CodeQL Analysis	2025-12-13T19:20:52.1380166Z Interpreted problem query "Empty password in configuration file" (js/empty-password-in-configuration-file) at path /home/runner/work/_temp/codeql_databases/javascript/results/codeql/javascript-queries/Security/CWE-862/EmptyPasswordInConfigurationFile.bqrs.
CodeQL Analysis	Perform CodeQL Analysis	2025-12-13T19:20:52.1382677Z Interpreted pathproblem query "Remote property injection" (js/remote-property-injection) at path /home/runner/work/_temp/codeql_databases/javascript/results/codeql/javascript-queries/Security/CWE-400/RemotePropertyInjection.bqrs.
CodeQL Analysis	Perform CodeQL Analysis	2025-12-13T19:20:52.1385154Z Interpreted pathproblem query "Client-side request forgery" (js/client-side-request-forgery) at path /home/runner/work/_temp/codeql_databases/javascript/results/codeql/javascript-queries/Security/CWE-918/ClientSideRequestForgery.bqrs.
CodeQL Analysis	Perform CodeQL Analysis	2025-12-13T19:20:52.1387200Z Interpreted pathproblem query "User-controlled bypass of security check" (js/user-controlled-bypass) at path /home/runner/work/_temp/codeql_databases/javascript/results/codeql/javascript-queries/Security/CWE-807/ConditionalBypass.bqrs.
CodeQL Analysis	Perform CodeQL Analysis	2025-12-13T19:20:52.1388968Z Interpreted pathproblem query "Log injection" (js/log-injection) at path /home/runner/work/_temp/codeql_databases/javascript/results/codeql/javascript-queries/Security/CWE-117/LogInjection.bqrs.
CodeQL Analysis	Perform CodeQL Analysis	2025-12-13T19:20:52.1390896Z Interpreted diagnostic query "Extracted files" (js/diagnostics/successfully-extracted-files) at path /home/runner/work/_temp/codeql_databases/javascript/results/codeql/javascript-queries/Diagnostics/ExtractedFiles.bqrs.
CodeQL Analysis	Perform CodeQL Analysis	2025-12-13T19:20:52.1393324Z Interpreted diagnostic query "Extraction errors" (js/diagnostics/extraction-errors) at path /home/runner/work/_temp/codeql_databases/javascript/results/codeql/javascript-queries/Diagnostics/ExtractionErrors.bqrs.
CodeQL Analysis	Perform CodeQL Analysis	2025-12-13T19:20:52.1395625Z Interpreted metric query "Total lines of user written JavaScript and TypeScript code in the database" (js/summary/lines-of-user-code) at path /home/runner/work/_temp/codeql_databases/javascript/results/codeql/javascript-queries/Summary/LinesOfUserCode.bqrs.
CodeQL Analysis	Perform CodeQL Analysis	2025-12-13T19:20:52.1398187Z Interpreted metric query "Total lines of JavaScript and TypeScript code in the database" (js/summary/lines-of-code) at path /home/runner/work/_temp/codeql_databases/javascript/results/codeql/javascript-queries/Summary/LinesOfCode.bqrs.
CodeQL Analysis	Perform CodeQL Analysis	2025-12-13T19:20:52.1430239Z Reading source archive /home/runner/work/_temp/codeql_databases/javascript/src.zip
CodeQL Analysis	Perform CodeQL Analysis	2025-12-13T19:20:52.7540777Z Interpreting file coverage baseline information
CodeQL Analysis	Perform CodeQL Analysis	2025-12-13T19:20:52.7547270Z Finished interpreting file coverage baseline information.
CodeQL Analysis	Perform CodeQL Analysis	2025-12-13T19:20:52.7573226Z Interpreting diagnostic messages...
CodeQL Analysis	Perform CodeQL Analysis	2025-12-13T19:20:52.7994229Z Found 3 raw diagnostic messages.
CodeQL Analysis	Perform CodeQL Analysis	2025-12-13T19:20:52.8120470Z Processed diagnostic messages (removed 0 due to limits, created 0 summary diagnostics for status page).
CodeQL Analysis	Perform CodeQL Analysis	2025-12-13T19:20:52.8141281Z Interpreted diagnostic messages (55ms).
CodeQL Analysis	Perform CodeQL Analysis	2025-12-13T19:20:53.1782314Z Exporting results to SARIF...
CodeQL Analysis	Perform CodeQL Analysis	2025-12-13T19:20:53.6582212Z Exported results to SARIF (479ms).
CodeQL Analysis	Perform CodeQL Analysis	2025-12-13T19:20:53.6808313Z ##[endgroup]
CodeQL Analysis	Perform CodeQL Analysis	2025-12-13T19:20:53.6811138Z CodeQL scanned 867 out of 867 TypeScript files, 6 out of 6 GitHub Actions files and 9 out of 9 JavaScript files in this invocation. Check the status page for overall coverage information: https://github.com/Ogabassey-Services-Limited/Baci/security/code-scanning/tools/CodeQL/status/
CodeQL Analysis	Perform CodeQL Analysis	2025-12-13T19:20:53.6826580Z 
CodeQL Analysis	Perform CodeQL Analysis	2025-12-13T19:20:53.6828715Z Post-processing sarif files: ["/home/runner/work/Baci/results/javascript.sarif"]
CodeQL Analysis	Perform CodeQL Analysis	2025-12-13T19:20:53.6940449Z Adding fingerprints to SARIF file. See https://docs.github.com/en/enterprise-cloud@latest/code-security/code-scanning/integrating-with-code-scanning/sarif-support-for-code-scanning#providing-data-to-track-code-scanning-alerts-across-runs for more information.
CodeQL Analysis	Perform CodeQL Analysis	2025-12-13T19:20:53.7368600Z ##[group]Uploading code scanning results
CodeQL Analysis	Perform CodeQL Analysis	2025-12-13T19:20:53.8009388Z Uploading results
CodeQL Analysis	Perform CodeQL Analysis	2025-12-13T19:20:54.2284959Z ##[warning]Advanced Security must be enabled for this repository to use code scanning. - https://docs.github.com/rest
CodeQL Analysis	Perform CodeQL Analysis	2025-12-13T19:20:54.2300921Z ##[error]Please verify that the necessary features are enabled: Advanced Security must be enabled for this repository to use code scanning. - https://docs.github.com/rest
Semgrep Scan	Upload Semgrep results	﻿2025-12-13T19:26:24.6564404Z ##[group]Run github/codeql-action/upload-sarif@v4
Semgrep Scan	Upload Semgrep results	2025-12-13T19:26:24.6564715Z with:
Semgrep Scan	Upload Semgrep results	2025-12-13T19:26:24.6564929Z   sarif_file: semgrep-results.sarif
Semgrep Scan	Upload Semgrep results	2025-12-13T19:26:24.6565194Z   checkout_path: /home/runner/work/Baci/Baci
Semgrep Scan	Upload Semgrep results	2025-12-13T19:26:24.6565576Z   token: ***
Semgrep Scan	Upload Semgrep results	2025-12-13T19:26:24.6565755Z   matrix: null
Semgrep Scan	Upload Semgrep results	2025-12-13T19:26:24.6565950Z   wait-for-processing: true
Semgrep Scan	Upload Semgrep results	2025-12-13T19:26:24.6566171Z ##[endgroup]
Semgrep Scan	Upload Semgrep results	2025-12-13T19:26:24.6569105Z ##[command]/usr/bin/docker exec  9acf2c1d8bff8f31bc0d5d8e65e628b9ae9eb9fc6da4f5c79da3c5f3522cdf7b sh -c "cat /etc/*release | grep ^ID"
Semgrep Scan	Upload Semgrep results	2025-12-13T19:26:25.9069130Z Post-processing sarif files: ["semgrep-results.sarif"]
Semgrep Scan	Upload Semgrep results	2025-12-13T19:26:25.9406802Z Validating semgrep-results.sarif
Semgrep Scan	Upload Semgrep results	2025-12-13T19:26:27.8608989Z Warning: 'src/app/(storefront)/[slug]/[category]/[productSlug]/page.tsx' is not a valid URI in 'instance.runs[0].results[57].locations[0].physicalLocation.artifactLocation.uri'.
Semgrep Scan	Upload Semgrep results	2025-12-13T19:26:27.8611946Z Warning: 'src/app/(storefront)/[slug]/[category]/[productSlug]/page.tsx' is not a valid URI in 'instance.runs[0].results[58].locations[0].physicalLocation.artifactLocation.uri'.
Semgrep Scan	Upload Semgrep results	2025-12-13T19:26:27.8626953Z Warning: 'src/app/(storefront)/[slug]/[category]/page.tsx' is not a valid URI in 'instance.runs[0].results[59].locations[0].physicalLocation.artifactLocation.uri'.
Semgrep Scan	Upload Semgrep results	2025-12-13T19:26:27.8628827Z Warning: 'src/app/(storefront)/[slug]/[category]/page.tsx' is not a valid URI in 'instance.runs[0].results[60].locations[0].physicalLocation.artifactLocation.uri'.
Semgrep Scan	Upload Semgrep results	2025-12-13T19:26:27.8630475Z Warning: 'src/app/(storefront)/[slug]/[category]/page.tsx' is not a valid URI in 'instance.runs[0].results[61].locations[0].physicalLocation.artifactLocation.uri'.
Semgrep Scan	Upload Semgrep results	2025-12-13T19:26:27.8632316Z Warning: 'src/app/(storefront)/[slug]/pages/about/about-page-client.tsx' is not a valid URI in 'instance.runs[0].results[62].locations[0].physicalLocation.artifactLocation.uri'.
Semgrep Scan	Upload Semgrep results	2025-12-13T19:26:27.8634191Z Warning: 'src/app/(storefront)/[slug]/pages/about/about-page-client.tsx' is not a valid URI in 'instance.runs[0].results[63].locations[0].physicalLocation.artifactLocation.uri'.
Semgrep Scan	Upload Semgrep results	2025-12-13T19:26:27.8636534Z Warning: 'src/app/(storefront)/[slug]/pages/about/about-page-client.tsx' is not a valid URI in 'instance.runs[0].results[64].locations[0].physicalLocation.artifactLocation.uri'.
Semgrep Scan	Upload Semgrep results	2025-12-13T19:26:27.8642019Z Warning: 'src/app/(storefront)/[slug]/pages/about/about-page-client.tsx' is not a valid URI in 'instance.runs[0].results[65].locations[0].physicalLocation.artifactLocation.uri'.
Semgrep Scan	Upload Semgrep results	2025-12-13T19:26:27.8645817Z Warning: 'src/app/(storefront)/[slug]/pages/about/page.tsx' is not a valid URI in 'instance.runs[0].results[66].locations[0].physicalLocation.artifactLocation.uri'.
Semgrep Scan	Upload Semgrep results	2025-12-13T19:26:27.8647897Z Warning: 'src/app/(storefront)/[slug]/pages/contact/contact-page-client.tsx' is not a valid URI in 'instance.runs[0].results[67].locations[0].physicalLocation.artifactLocation.uri'.
Semgrep Scan	Upload Semgrep results	2025-12-13T19:26:27.8649903Z Warning: 'src/app/(storefront)/[slug]/pages/contact/contact-page-client.tsx' is not a valid URI in 'instance.runs[0].results[68].locations[0].physicalLocation.artifactLocation.uri'.
Semgrep Scan	Upload Semgrep results	2025-12-13T19:26:27.8653087Z Warning: 'src/app/(storefront)/[slug]/pages/contact/page.tsx' is not a valid URI in 'instance.runs[0].results[69].locations[0].physicalLocation.artifactLocation.uri'.
Semgrep Scan	Upload Semgrep results	2025-12-13T19:26:27.8655011Z Warning: 'src/app/(storefront)/[slug]/pages/faq/faq-page-client.tsx' is not a valid URI in 'instance.runs[0].results[70].locations[0].physicalLocation.artifactLocation.uri'.
Semgrep Scan	Upload Semgrep results	2025-12-13T19:26:27.8656853Z Warning: 'src/app/(storefront)/[slug]/pages/faq/faq-page-client.tsx' is not a valid URI in 'instance.runs[0].results[71].locations[0].physicalLocation.artifactLocation.uri'.
Semgrep Scan	Upload Semgrep results	2025-12-13T19:26:27.8658957Z Warning: 'src/app/(storefront)/[slug]/pages/faq/page.tsx' is not a valid URI in 'instance.runs[0].results[72].locations[0].physicalLocation.artifactLocation.uri'.
Semgrep Scan	Upload Semgrep results	2025-12-13T19:26:27.8660652Z Warning: 'src/app/(storefront)/[slug]/pages/privacy/page.tsx' is not a valid URI in 'instance.runs[0].results[73].locations[0].physicalLocation.artifactLocation.uri'.
Semgrep Scan	Upload Semgrep results	2025-12-13T19:26:27.8669413Z Warning: 'src/app/(storefront)/[slug]/pages/privacy/privacy-page-client.tsx' is not a valid URI in 'instance.runs[0].results[74].locations[0].physicalLocation.artifactLocation.uri'.
Semgrep Scan	Upload Semgrep results	2025-12-13T19:26:27.8671503Z Warning: 'src/app/(storefront)/[slug]/pages/privacy/privacy-page-client.tsx' is not a valid URI in 'instance.runs[0].results[75].locations[0].physicalLocation.artifactLocation.uri'.
Semgrep Scan	Upload Semgrep results	2025-12-13T19:26:27.8679064Z Warning: 'src/app/(storefront)/[slug]/pages/terms/page.tsx' is not a valid URI in 'instance.runs[0].results[76].locations[0].physicalLocation.artifactLocation.uri'.
Semgrep Scan	Upload Semgrep results	2025-12-13T19:26:27.8680363Z Warning: 'src/app/(storefront)/[slug]/pages/terms/terms-page-client.tsx' is not a valid URI in 'instance.runs[0].results[77].locations[0].physicalLocation.artifactLocation.uri'.
Semgrep Scan	Upload Semgrep results	2025-12-13T19:26:27.8681402Z Warning: 'src/app/(storefront)/[slug]/pages/terms/terms-page-client.tsx' is not a valid URI in 'instance.runs[0].results[78].locations[0].physicalLocation.artifactLocation.uri'.
Semgrep Scan	Upload Semgrep results	2025-12-13T19:26:27.8682433Z Warning: 'src/app/(storefront)/[slug]/products/[productSlug]/page.tsx' is not a valid URI in 'instance.runs[0].results[79].locations[0].physicalLocation.artifactLocation.uri'.
Semgrep Scan	Upload Semgrep results	2025-12-13T19:26:27.8683419Z Warning: 'src/app/(storefront)/[slug]/products/[productSlug]/page.tsx' is not a valid URI in 'instance.runs[0].results[80].locations[0].physicalLocation.artifactLocation.uri'.
Semgrep Scan	Upload Semgrep results	2025-12-13T19:26:27.8684443Z Warning: 'src/app/(storefront)/[slug]/storefront-page-wrapper.tsx' is not a valid URI in 'instance.runs[0].results[81].locations[0].physicalLocation.artifactLocation.uri'.
Semgrep Scan	Upload Semgrep results	2025-12-13T19:26:27.8685407Z Warning: 'src/app/(storefront)/[slug]/storefront-wrapper.tsx' is not a valid URI in 'instance.runs[0].results[82].locations[0].physicalLocation.artifactLocation.uri'.
Semgrep Scan	Upload Semgrep results	2025-12-13T19:26:27.8686307Z Warning: 'src/app/[slug]/blog/[postSlug]/page.tsx' is not a valid URI in 'instance.runs[0].results[83].locations[0].physicalLocation.artifactLocation.uri'.
Semgrep Scan	Upload Semgrep results	2025-12-13T19:26:27.8687160Z Warning: 'src/app/[slug]/blog/[postSlug]/page.tsx' is not a valid URI in 'instance.runs[0].results[84].locations[0].physicalLocation.artifactLocation.uri'.
Semgrep Scan	Upload Semgrep results	2025-12-13T19:26:27.8689076Z Warning: 'src/app/[slug]/blog/[postSlug]/page.tsx' is not a valid URI in 'instance.runs[0].results[85].locations[0].physicalLocation.artifactLocation.uri'.
Semgrep Scan	Upload Semgrep results	2025-12-13T19:26:27.8690838Z Warning: 'src/app/[slug]/blog/[postSlug]/page.tsx' is not a valid URI in 'instance.runs[0].results[86].locations[0].physicalLocation.artifactLocation.uri'.
Semgrep Scan	Upload Semgrep results	2025-12-13T19:26:27.8692378Z Warning: 'src/app/[slug]/blog/page.tsx' is not a valid URI in 'instance.runs[0].results[87].locations[0].physicalLocation.artifactLocation.uri'.
Semgrep Scan	Upload Semgrep results	2025-12-13T19:26:27.8693977Z Warning: 'src/app/api/storefront/[slug]/products/route.ts' is not a valid URI in 'instance.runs[0].results[89].locations[0].physicalLocation.artifactLocation.uri'.
Semgrep Scan	Upload Semgrep results	2025-12-13T19:26:27.8695741Z Warning: 'src/app/api/storefront/[slug]/products/route.ts' is not a valid URI in 'instance.runs[0].results[90].locations[0].physicalLocation.artifactLocation.uri'.
Semgrep Scan	Upload Semgrep results	2025-12-13T19:26:27.8697427Z Warning: 'src/app/blog/[slug]/page.tsx' is not a valid URI in 'instance.runs[0].results[91].locations[0].physicalLocation.artifactLocation.uri'.
Semgrep Scan	Upload Semgrep results	2025-12-13T19:26:27.8699397Z Warning: 'src/app/blog/[slug]/page.tsx' is not a valid URI in 'instance.runs[0].results[92].locations[0].physicalLocation.artifactLocation.uri'.
Semgrep Scan	Upload Semgrep results	2025-12-13T19:26:27.8702490Z Adding fingerprints to SARIF file. See https://docs.github.com/en/enterprise-cloud@latest/code-security/code-scanning/integrating-with-code-scanning/sarif-support-for-code-scanning#providing-data-to-track-code-scanning-alerts-across-runs for more information.
Semgrep Scan	Upload Semgrep results	2025-12-13T19:26:27.8705792Z (node:199) [DEP0169] DeprecationWarning: `url.parse()` behavior is not standardized and prone to errors that have security implications. Use the WHATWG URL API instead. CVEs are not issued for `url.parse()` vulnerabilities.
Semgrep Scan	Upload Semgrep results	2025-12-13T19:26:27.8714385Z (Use `node --trace-deprecation ...` to show where the warning was created)
Semgrep Scan	Upload Semgrep results	2025-12-13T19:26:28.0870618Z ##[group]Uploading code scanning results
Semgrep Scan	Upload Semgrep results	2025-12-13T19:26:28.2141601Z Uploading results
Semgrep Scan	Upload Semgrep results	2025-12-13T19:26:28.7841251Z ##[warning]Advanced Security must be enabled for this repository to use code scanning. - https://docs.github.com/rest
Semgrep Scan	Upload Semgrep results	2025-12-13T19:26:28.7853944Z ##[error]Please verify that the necessary features are enabled: Advanced Security must be enabled for this repository to use code scanning. - https://docs.github.com/rest
