Command line invocation:
    /Applications/Xcode.app/Contents/Developer/usr/bin/xcodebuild -workspace ios/Ogabassey.xcworkspace -scheme Ogabassey -sdk iphonesimulator -configuration Debug build

Build settings from command line:
    SDKROOT = iphonesimulator26.2

--- xcodebuild: WARNING: Using the first of multiple matching destinations:
{ platform:iOS Simulator, id:dvtdevice-DVTiOSDeviceSimulatorPlaceholder-iphonesimulator:placeholder, name:Any iOS Simulator Device }
{ platform:iOS Simulator, arch:arm64, id:D725F1DE-7FAA-4DD2-87D3-F107FD6DB4EA, OS:26.2, name:iPad (A16) }
{ platform:iOS Simulator, arch:arm64, id:015A52A5-A489-4FED-A09F-DB0829B101EC, OS:26.2, name:iPad Air 11-inch (M3) }
{ platform:iOS Simulator, arch:arm64, id:240DE887-1F99-4EEE-95D9-84C2A991D0D0, OS:26.2, name:iPad Air 13-inch (M3) }
{ platform:iOS Simulator, arch:arm64, id:1A4E517C-326F-494A-BB0F-BCEB270D1289, OS:26.2, name:iPad Pro 11-inch (M5) }
{ platform:iOS Simulator, arch:arm64, id:5FECFBE1-5362-4F38-86C7-E47E2B1805E4, OS:26.2, name:iPad Pro 13-inch (M5) }
{ platform:iOS Simulator, arch:arm64, id:1FD285E0-3867-4AFA-A0F8-45F6CC7ED58E, OS:26.2, name:iPad mini (A17 Pro) }
{ platform:iOS Simulator, arch:arm64, id:AA4AE2AC-93A9-4C4F-BE0F-D67C67964483, OS:26.2, name:iPhone 16e }
{ platform:iOS Simulator, arch:arm64, id:269A7487-FF5B-4712-8064-12D74FBF799D, OS:26.2, name:iPhone 17 }
{ platform:iOS Simulator, arch:arm64, id:3210C37D-EB23-4293-B9B8-A2D4733EFF1C, OS:26.2, name:iPhone 17 Pro }
{ platform:iOS Simulator, arch:arm64, id:D60EF323-E8BD-40CE-8E79-795C4104ACC6, OS:26.2, name:iPhone 17 Pro Max }
{ platform:iOS Simulator, arch:arm64, id:198A90A6-006B-4A84-BBE0-3EA6F8EF6997, OS:26.2, name:iPhone Air }
{ platform:macOS, arch:arm64, variant:Designed for [iPad,iPhone], id:00006000-0002702C0262801E, name:My Mac }
{ platform:iOS, id:dvtdevice-DVTiPhonePlaceholder-iphoneos:placeholder, name:Any iOS Device }
ComputePackagePrebuildTargetDependencyGraph

Prepare packages

CreateBuildRequest

SendProjectDescription

CreateBuildOperation

ComputeTargetDependencyGraph
note: Building targets in dependency order
note: Target dependency graph (169 targets)
    Target 'Ogabassey' in project 'Ogabassey'
        ➜ Implicit dependency on target 'Pods-Ogabassey' in project 'Pods' via file 'Pods_Ogabassey.framework' in build phase 'Link Binary'
        ➜ Implicit dependency on target 'Expo' in project 'Pods' via options '-lExpo' in build setting 'OTHER_LDFLAGS'
        ➜ Implicit dependency on target 'ExpoModulesCore' in project 'Pods' via options '-lExpoModulesCore' in build setting 'OTHER_LDFLAGS'
        ➜ Implicit dependency on target 'ReactAppDependencyProvider' in project 'Pods' via options '-lReactAppDependencyProvider' in build setting 'OTHER_LDFLAGS'
        ➜ Implicit dependency on target 'expo-dev-menu' in project 'Pods' via options '-lexpo-dev-menu' in build setting 'OTHER_LDFLAGS'
        ➜ Implicit dependency on target 'EASClient' in project 'Pods' via options '-framework EASClient' in build setting 'OTHER_LDFLAGS'
        ➜ Implicit dependency on target 'EXApplication' in project 'Pods' via options '-framework EXApplication' in build setting 'OTHER_LDFLAGS'
        ➜ Implicit dependency on target 'EXConstants' in project 'Pods' via options '-framework EXConstants' in build setting 'OTHER_LDFLAGS'
        ➜ Implicit dependency on target 'expo-dev-launcher' in project 'Pods' via options '-framework EXDevLauncher' in build setting 'OTHER_LDFLAGS'
        ➜ Implicit dependency on target 'expo-dev-menu-interface' in project 'Pods' via options '-framework EXDevMenuInterface' in build setting 'OTHER_LDFLAGS'
        ➜ Implicit dependency on target 'EXJSONUtils' in project 'Pods' via options '-framework EXJSONUtils' in build setting 'OTHER_LDFLAGS'
        ➜ Implicit dependency on target 'EXManifests' in project 'Pods' via options '-framework EXManifests' in build setting 'OTHER_LDFLAGS'
        ➜ Implicit dependency on target 'EXNotifications' in project 'Pods' via options '-framework EXNotifications' in build setting 'OTHER_LDFLAGS'
        ➜ Implicit dependency on target 'EXStructuredHeaders' in project 'Pods' via options '-framework EXStructuredHeaders' in build setting 'OTHER_LDFLAGS'
        ➜ Implicit dependency on target 'EXUpdates' in project 'Pods' via options '-framework EXUpdates' in build setting 'OTHER_LDFLAGS'
        ➜ Implicit dependency on target 'EXUpdatesInterface' in project 'Pods' via options '-framework EXUpdatesInterface' in build setting 'OTHER_LDFLAGS'
        ➜ Implicit dependency on target 'ExpoAdapterFBSDKNext' in project 'Pods' via options '-framework ExpoAdapterFBSDKNext' in build setting 'OTHER_LDFLAGS'
        ➜ Implicit dependency on target 'ExpoAsset' in project 'Pods' via options '-framework ExpoAsset' in build setting 'OTHER_LDFLAGS'
        ➜ Implicit dependency on target 'ExpoCamera' in project 'Pods' via options '-framework ExpoCamera' in build setting 'OTHER_LDFLAGS'
        ➜ Implicit dependency on target 'ExpoCrypto' in project 'Pods' via options '-framework ExpoCrypto' in build setting 'OTHER_LDFLAGS'
        ➜ Implicit dependency on target 'ExpoDevice' in project 'Pods' via options '-framework ExpoDevice' in build setting 'OTHER_LDFLAGS'
        ➜ Implicit dependency on target 'ExpoFileSystem' in project 'Pods' via options '-framework ExpoFileSystem' in build setting 'OTHER_LDFLAGS'
        ➜ Implicit dependency on target 'ExpoFont' in project 'Pods' via options '-framework ExpoFont' in build setting 'OTHER_LDFLAGS'
        ➜ Implicit dependency on target 'ExpoHead' in project 'Pods' via options '-framework ExpoHead' in build setting 'OTHER_LDFLAGS'
        ➜ Implicit dependency on target 'ExpoImage' in project 'Pods' via options '-framework ExpoImage' in build setting 'OTHER_LDFLAGS'
        ➜ Implicit dependency on target 'ExpoKeepAwake' in project 'Pods' via options '-framework ExpoKeepAwake' in build setting 'OTHER_LDFLAGS'
        ➜ Implicit dependency on target 'ExpoLinearGradient' in project 'Pods' via options '-framework ExpoLinearGradient' in build setting 'OTHER_LDFLAGS'
        ➜ Implicit dependency on target 'ExpoLinking' in project 'Pods' via options '-framework ExpoLinking' in build setting 'OTHER_LDFLAGS'
        ➜ Implicit dependency on target 'ExpoLocalization' in project 'Pods' via options '-framework ExpoLocalization' in build setting 'OTHER_LDFLAGS'
        ➜ Implicit dependency on target 'ExpoSecureStore' in project 'Pods' via options '-framework ExpoSecureStore' in build setting 'OTHER_LDFLAGS'
        ➜ Implicit dependency on target 'ExpoSplashScreen' in project 'Pods' via options '-framework ExpoSplashScreen' in build setting 'OTHER_LDFLAGS'
        ➜ Implicit dependency on target 'ExpoStoreReview' in project 'Pods' via options '-framework ExpoStoreReview' in build setting 'OTHER_LDFLAGS'
        ➜ Implicit dependency on target 'ExpoTrackingTransparency' in project 'Pods' via options '-framework ExpoTrackingTransparency' in build setting 'OTHER_LDFLAGS'
        ➜ Implicit dependency on target 'ExpoWebBrowser' in project 'Pods' via options '-framework ExpoWebBrowser' in build setting 'OTHER_LDFLAGS'
        ➜ Implicit dependency on target 'PromisesObjC' in project 'Pods' via options '-framework FBLPromises' in build setting 'OTHER_LDFLAGS'
        ➜ Implicit dependency on target 'FirebaseCore' in project 'Pods' via options '-framework FirebaseCore' in build setting 'OTHER_LDFLAGS'
        ➜ Implicit dependency on target 'FirebaseCoreInternal' in project 'Pods' via options '-framework FirebaseCoreInternal' in build setting 'OTHER_LDFLAGS'
        ➜ Implicit dependency on target 'FirebaseInstallations' in project 'Pods' via options '-framework FirebaseInstallations' in build setting 'OTHER_LDFLAGS'
        ➜ Implicit dependency on target 'GoogleUtilities' in project 'Pods' via options '-framework GoogleUtilities' in build setting 'OTHER_LDFLAGS'
        ➜ Implicit dependency on target 'lottie-ios' in project 'Pods' via options '-framework Lottie' in build setting 'OTHER_LDFLAGS'
        ➜ Implicit dependency on target 'MMKVCore' in project 'Pods' via options '-framework MMKVCore' in build setting 'OTHER_LDFLAGS'
        ➜ Implicit dependency on target 'NitroMmkv' in project 'Pods' via options '-framework NitroMmkv' in build setting 'OTHER_LDFLAGS'
        ➜ Implicit dependency on target 'NitroModules' in project 'Pods' via options '-framework NitroModules' in build setting 'OTHER_LDFLAGS'
        ➜ Implicit dependency on target 'RNCAsyncStorage' in project 'Pods' via options '-framework RNCAsyncStorage' in build setting 'OTHER_LDFLAGS'
        ➜ Implicit dependency on target 'RNFBAnalytics' in project 'Pods' via options '-framework RNFBAnalytics' in build setting 'OTHER_LDFLAGS'
        ➜ Implicit dependency on target 'RNFBApp' in project 'Pods' via options '-framework RNFBApp' in build setting 'OTHER_LDFLAGS'
        ➜ Implicit dependency on target 'RNGestureHandler' in project 'Pods' via options '-framework RNGestureHandler' in build setting 'OTHER_LDFLAGS'
        ➜ Implicit dependency on target 'RNReanimated' in project 'Pods' via options '-framework RNReanimated' in build setting 'OTHER_LDFLAGS'
        ➜ Implicit dependency on target 'RNSVG' in project 'Pods' via options '-framework RNSVG' in build setting 'OTHER_LDFLAGS'
        ➜ Implicit dependency on target 'RNScreens' in project 'Pods' via options '-framework RNScreens' in build setting 'OTHER_LDFLAGS'
        ➜ Implicit dependency on target 'RNWorklets' in project 'Pods' via options '-framework RNWorklets' in build setting 'OTHER_LDFLAGS'
        ➜ Implicit dependency on target 'ReachabilitySwift' in project 'Pods' via options '-framework Reachability' in build setting 'OTHER_LDFLAGS'
        ➜ Implicit dependency on target 'ReactCodegen' in project 'Pods' via options '-framework ReactCodegen' in build setting 'OTHER_LDFLAGS'
        ➜ Implicit dependency on target 'SDWebImage' in project 'Pods' via options '-framework SDWebImage' in build setting 'OTHER_LDFLAGS'
        ➜ Implicit dependency on target 'SDWebImageAVIFCoder' in project 'Pods' via options '-framework SDWebImageAVIFCoder' in build setting 'OTHER_LDFLAGS'
        ➜ Implicit dependency on target 'SDWebImageSVGCoder' in project 'Pods' via options '-framework SDWebImageSVGCoder' in build setting 'OTHER_LDFLAGS'
        ➜ Implicit dependency on target 'SDWebImageWebPCoder' in project 'Pods' via options '-framework SDWebImageWebPCoder' in build setting 'OTHER_LDFLAGS'
        ➜ Implicit dependency on target 'TikTokBusinessSDK' in project 'Pods' via options '-framework TikTokBusinessSDK' in build setting 'OTHER_LDFLAGS'
        ➜ Implicit dependency on target 'TiktokBusiness' in project 'Pods' via options '-framework TiktokBusiness' in build setting 'OTHER_LDFLAGS'
        ➜ Implicit dependency on target 'ZXingObjC' in project 'Pods' via options '-framework ZXingObjC' in build setting 'OTHER_LDFLAGS'
        ➜ Implicit dependency on target 'libavif' in project 'Pods' via options '-framework libavif' in build setting 'OTHER_LDFLAGS'
        ➜ Implicit dependency on target 'libdav1d' in project 'Pods' via options '-framework libdav1d' in build setting 'OTHER_LDFLAGS'
        ➜ Implicit dependency on target 'libwebp' in project 'Pods' via options '-framework libwebp' in build setting 'OTHER_LDFLAGS'
        ➜ Implicit dependency on target 'lottie-react-native' in project 'Pods' via options '-framework lottie_react_native' in build setting 'OTHER_LDFLAGS'
        ➜ Implicit dependency on target 'nanopb' in project 'Pods' via options '-framework nanopb' in build setting 'OTHER_LDFLAGS'
        ➜ Implicit dependency on target 'react-native-fbsdk-next' in project 'Pods' via options '-framework react_native_fbsdk_next' in build setting 'OTHER_LDFLAGS'
        ➜ Implicit dependency on target 'react-native-netinfo' in project 'Pods' via options '-framework react_native_netinfo' in build setting 'OTHER_LDFLAGS'
        ➜ Implicit dependency on target 'react-native-safe-area-context' in project 'Pods' via options '-framework react_native_safe_area_context' in build setting 'OTHER_LDFLAGS'
    Target 'Pods-Ogabassey' in project 'Pods'
        ➜ Explicit dependency on target 'EASClient' in project 'Pods'
        ➜ Explicit dependency on target 'EXApplication' in project 'Pods'
        ➜ Explicit dependency on target 'EXConstants' in project 'Pods'
        ➜ Explicit dependency on target 'EXJSONUtils' in project 'Pods'
        ➜ Explicit dependency on target 'EXManifests' in project 'Pods'
        ➜ Explicit dependency on target 'EXNotifications' in project 'Pods'
        ➜ Explicit dependency on target 'EXStructuredHeaders' in project 'Pods'
        ➜ Explicit dependency on target 'EXUpdates' in project 'Pods'
        ➜ Explicit dependency on target 'EXUpdatesInterface' in project 'Pods'
        ➜ Explicit dependency on target 'Expo' in project 'Pods'
        ➜ Explicit dependency on target 'ExpoAdapterFBSDKNext' in project 'Pods'
        ➜ Explicit dependency on target 'ExpoAsset' in project 'Pods'
        ➜ Explicit dependency on target 'ExpoCamera' in project 'Pods'
        ➜ Explicit dependency on target 'ExpoCrypto' in project 'Pods'
        ➜ Explicit dependency on target 'ExpoDevice' in project 'Pods'
        ➜ Explicit dependency on target 'ExpoFileSystem' in project 'Pods'
        ➜ Explicit dependency on target 'ExpoFont' in project 'Pods'
        ➜ Explicit dependency on target 'ExpoHead' in project 'Pods'
        ➜ Explicit dependency on target 'ExpoImage' in project 'Pods'
        ➜ Explicit dependency on target 'ExpoKeepAwake' in project 'Pods'
        ➜ Explicit dependency on target 'ExpoLinearGradient' in project 'Pods'
        ➜ Explicit dependency on target 'ExpoLinking' in project 'Pods'
        ➜ Explicit dependency on target 'ExpoLocalization' in project 'Pods'
        ➜ Explicit dependency on target 'ExpoModulesCore' in project 'Pods'
        ➜ Explicit dependency on target 'ExpoSecureStore' in project 'Pods'
        ➜ Explicit dependency on target 'ExpoSplashScreen' in project 'Pods'
        ➜ Explicit dependency on target 'ExpoStoreReview' in project 'Pods'
        ➜ Explicit dependency on target 'ExpoTrackingTransparency' in project 'Pods'
        ➜ Explicit dependency on target 'ExpoWebBrowser' in project 'Pods'
        ➜ Explicit dependency on target 'FBAEMKit' in project 'Pods'
        ➜ Explicit dependency on target 'FBLazyVector' in project 'Pods'
        ➜ Explicit dependency on target 'FBSDKCoreKit' in project 'Pods'
        ➜ Explicit dependency on target 'FBSDKCoreKit_Basics' in project 'Pods'
        ➜ Explicit dependency on target 'FBSDKGamingServicesKit' in project 'Pods'
        ➜ Explicit dependency on target 'FBSDKLoginKit' in project 'Pods'
        ➜ Explicit dependency on target 'FBSDKShareKit' in project 'Pods'
        ➜ Explicit dependency on target 'Firebase' in project 'Pods'
        ➜ Explicit dependency on target 'FirebaseAnalytics' in project 'Pods'
        ➜ Explicit dependency on target 'FirebaseCore' in project 'Pods'
        ➜ Explicit dependency on target 'FirebaseCoreInternal' in project 'Pods'
        ➜ Explicit dependency on target 'FirebaseInstallations' in project 'Pods'
        ➜ Explicit dependency on target 'GoogleAppMeasurement' in project 'Pods'
        ➜ Explicit dependency on target 'GoogleUtilities' in project 'Pods'
        ➜ Explicit dependency on target 'MMKVCore' in project 'Pods'
        ➜ Explicit dependency on target 'NitroMmkv' in project 'Pods'
        ➜ Explicit dependency on target 'NitroModules' in project 'Pods'
        ➜ Explicit dependency on target 'PromisesObjC' in project 'Pods'
        ➜ Explicit dependency on target 'RCTDeprecation' in project 'Pods'
        ➜ Explicit dependency on target 'RCTRequired' in project 'Pods'
        ➜ Explicit dependency on target 'RCTTypeSafety' in project 'Pods'
        ➜ Explicit dependency on target 'RNCAsyncStorage' in project 'Pods'
        ➜ Explicit dependency on target 'RNFBAnalytics' in project 'Pods'
        ➜ Explicit dependency on target 'RNFBApp' in project 'Pods'
        ➜ Explicit dependency on target 'RNGestureHandler' in project 'Pods'
        ➜ Explicit dependency on target 'RNReanimated' in project 'Pods'
        ➜ Explicit dependency on target 'RNSVG' in project 'Pods'
        ➜ Explicit dependency on target 'RNScreens' in project 'Pods'
        ➜ Explicit dependency on target 'RNWorklets' in project 'Pods'
        ➜ Explicit dependency on target 'ReachabilitySwift' in project 'Pods'
        ➜ Explicit dependency on target 'React' in project 'Pods'
        ➜ Explicit dependency on target 'React-Core' in project 'Pods'
        ➜ Explicit dependency on target 'React-Core-prebuilt' in project 'Pods'
        ➜ Explicit dependency on target 'React-CoreModules' in project 'Pods'
        ➜ Explicit dependency on target 'React-Fabric' in project 'Pods'
        ➜ Explicit dependency on target 'React-FabricComponents' in project 'Pods'
        ➜ Explicit dependency on target 'React-FabricImage' in project 'Pods'
        ➜ Explicit dependency on target 'React-ImageManager' in project 'Pods'
        ➜ Explicit dependency on target 'React-Mapbuffer' in project 'Pods'
        ➜ Explicit dependency on target 'React-NativeModulesApple' in project 'Pods'
        ➜ Explicit dependency on target 'React-RCTActionSheet' in project 'Pods'
        ➜ Explicit dependency on target 'React-RCTAnimation' in project 'Pods'
        ➜ Explicit dependency on target 'React-RCTAppDelegate' in project 'Pods'
        ➜ Explicit dependency on target 'React-RCTBlob' in project 'Pods'
        ➜ Explicit dependency on target 'React-RCTFBReactNativeSpec' in project 'Pods'
        ➜ Explicit dependency on target 'React-RCTFabric' in project 'Pods'
        ➜ Explicit dependency on target 'React-RCTImage' in project 'Pods'
        ➜ Explicit dependency on target 'React-RCTLinking' in project 'Pods'
        ➜ Explicit dependency on target 'React-RCTNetwork' in project 'Pods'
        ➜ Explicit dependency on target 'React-RCTRuntime' in project 'Pods'
        ➜ Explicit dependency on target 'React-RCTSettings' in project 'Pods'
        ➜ Explicit dependency on target 'React-RCTText' in project 'Pods'
        ➜ Explicit dependency on target 'React-RCTVibration' in project 'Pods'
        ➜ Explicit dependency on target 'React-RuntimeApple' in project 'Pods'
        ➜ Explicit dependency on target 'React-RuntimeCore' in project 'Pods'
        ➜ Explicit dependency on target 'React-RuntimeHermes' in project 'Pods'
        ➜ Explicit dependency on target 'React-callinvoker' in project 'Pods'
        ➜ Explicit dependency on target 'React-cxxreact' in project 'Pods'
        ➜ Explicit dependency on target 'React-debug' in project 'Pods'
        ➜ Explicit dependency on target 'React-defaultsnativemodule' in project 'Pods'
        ➜ Explicit dependency on target 'React-domnativemodule' in project 'Pods'
        ➜ Explicit dependency on target 'React-featureflags' in project 'Pods'
        ➜ Explicit dependency on target 'React-featureflagsnativemodule' in project 'Pods'
        ➜ Explicit dependency on target 'React-graphics' in project 'Pods'
        ➜ Explicit dependency on target 'React-hermes' in project 'Pods'
        ➜ Explicit dependency on target 'React-idlecallbacksnativemodule' in project 'Pods'
        ➜ Explicit dependency on target 'React-jserrorhandler' in project 'Pods'
        ➜ Explicit dependency on target 'React-jsi' in project 'Pods'
        ➜ Explicit dependency on target 'React-jsiexecutor' in project 'Pods'
        ➜ Explicit dependency on target 'React-jsinspector' in project 'Pods'
        ➜ Explicit dependency on target 'React-jsinspectorcdp' in project 'Pods'
        ➜ Explicit dependency on target 'React-jsinspectornetwork' in project 'Pods'
        ➜ Explicit dependency on target 'React-jsinspectortracing' in project 'Pods'
        ➜ Explicit dependency on target 'React-jsitooling' in project 'Pods'
        ➜ Explicit dependency on target 'React-jsitracing' in project 'Pods'
        ➜ Explicit dependency on target 'React-logger' in project 'Pods'
        ➜ Explicit dependency on target 'React-microtasksnativemodule' in project 'Pods'
        ➜ Explicit dependency on target 'React-oscompat' in project 'Pods'
        ➜ Explicit dependency on target 'React-perflogger' in project 'Pods'
        ➜ Explicit dependency on target 'React-performancetimeline' in project 'Pods'
        ➜ Explicit dependency on target 'React-rendererconsistency' in project 'Pods'
        ➜ Explicit dependency on target 'React-renderercss' in project 'Pods'
        ➜ Explicit dependency on target 'React-rendererdebug' in project 'Pods'
        ➜ Explicit dependency on target 'React-runtimeexecutor' in project 'Pods'
        ➜ Explicit dependency on target 'React-runtimescheduler' in project 'Pods'
        ➜ Explicit dependency on target 'React-timing' in project 'Pods'
        ➜ Explicit dependency on target 'React-utils' in project 'Pods'
        ➜ Explicit dependency on target 'ReactAppDependencyProvider' in project 'Pods'
        ➜ Explicit dependency on target 'ReactCodegen' in project 'Pods'
        ➜ Explicit dependency on target 'ReactCommon' in project 'Pods'
        ➜ Explicit dependency on target 'ReactNativeDependencies' in project 'Pods'
        ➜ Explicit dependency on target 'SDWebImage' in project 'Pods'
        ➜ Explicit dependency on target 'SDWebImageAVIFCoder' in project 'Pods'
        ➜ Explicit dependency on target 'SDWebImageSVGCoder' in project 'Pods'
        ➜ Explicit dependency on target 'SDWebImageWebPCoder' in project 'Pods'
        ➜ Explicit dependency on target 'TikTokBusinessSDK' in project 'Pods'
        ➜ Explicit dependency on target 'TiktokBusiness' in project 'Pods'
        ➜ Explicit dependency on target 'Yoga' in project 'Pods'
        ➜ Explicit dependency on target 'ZXingObjC' in project 'Pods'
        ➜ Explicit dependency on target 'expo-dev-client' in project 'Pods'
        ➜ Explicit dependency on target 'expo-dev-launcher' in project 'Pods'
        ➜ Explicit dependency on target 'expo-dev-menu' in project 'Pods'
        ➜ Explicit dependency on target 'expo-dev-menu-interface' in project 'Pods'
        ➜ Explicit dependency on target 'hermes-engine' in project 'Pods'
        ➜ Explicit dependency on target 'libavif' in project 'Pods'
        ➜ Explicit dependency on target 'libdav1d' in project 'Pods'
        ➜ Explicit dependency on target 'libwebp' in project 'Pods'
        ➜ Explicit dependency on target 'lottie-ios' in project 'Pods'
        ➜ Explicit dependency on target 'lottie-react-native' in project 'Pods'
        ➜ Explicit dependency on target 'nanopb' in project 'Pods'
        ➜ Explicit dependency on target 'react-native-fbsdk-next' in project 'Pods'
        ➜ Explicit dependency on target 'react-native-netinfo' in project 'Pods'
        ➜ Explicit dependency on target 'react-native-safe-area-context' in project 'Pods'
    Target 'react-native-safe-area-context' in project 'Pods'
        ➜ Explicit dependency on target 'RCTRequired' in project 'Pods'
        ➜ Explicit dependency on target 'RCTTypeSafety' in project 'Pods'
        ➜ Explicit dependency on target 'React-Core' in project 'Pods'
        ➜ Explicit dependency on target 'React-Core-prebuilt' in project 'Pods'
        ➜ Explicit dependency on target 'React-Fabric' in project 'Pods'
        ➜ Explicit dependency on target 'React-ImageManager' in project 'Pods'
        ➜ Explicit dependency on target 'React-NativeModulesApple' in project 'Pods'
        ➜ Explicit dependency on target 'React-RCTFabric' in project 'Pods'
        ➜ Explicit dependency on target 'React-debug' in project 'Pods'
        ➜ Explicit dependency on target 'React-featureflags' in project 'Pods'
        ➜ Explicit dependency on target 'React-graphics' in project 'Pods'
        ➜ Explicit dependency on target 'React-jsi' in project 'Pods'
        ➜ Explicit dependency on target 'React-renderercss' in project 'Pods'
        ➜ Explicit dependency on target 'React-rendererdebug' in project 'Pods'
        ➜ Explicit dependency on target 'React-utils' in project 'Pods'
        ➜ Explicit dependency on target 'ReactCodegen' in project 'Pods'
        ➜ Explicit dependency on target 'ReactCommon' in project 'Pods'
        ➜ Explicit dependency on target 'ReactNativeDependencies' in project 'Pods'
        ➜ Explicit dependency on target 'Yoga' in project 'Pods'
        ➜ Explicit dependency on target 'hermes-engine' in project 'Pods'
    Target 'react-native-netinfo' in project 'Pods'
        ➜ Explicit dependency on target 'React-Core' in project 'Pods'
    Target 'react-native-fbsdk-next' in project 'Pods'
        ➜ Explicit dependency on target 'FBSDKCoreKit' in project 'Pods'
        ➜ Explicit dependency on target 'FBSDKGamingServicesKit' in project 'Pods'
        ➜ Explicit dependency on target 'FBSDKLoginKit' in project 'Pods'
        ➜ Explicit dependency on target 'FBSDKShareKit' in project 'Pods'
        ➜ Explicit dependency on target 'React-Core' in project 'Pods'
    Target 'lottie-react-native' in project 'Pods'
        ➜ Explicit dependency on target 'RCTRequired' in project 'Pods'
        ➜ Explicit dependency on target 'RCTTypeSafety' in project 'Pods'
        ➜ Explicit dependency on target 'React-Core' in project 'Pods'
        ➜ Explicit dependency on target 'React-Core-prebuilt' in project 'Pods'
        ➜ Explicit dependency on target 'React-Fabric' in project 'Pods'
        ➜ Explicit dependency on target 'React-ImageManager' in project 'Pods'
        ➜ Explicit dependency on target 'React-NativeModulesApple' in project 'Pods'
        ➜ Explicit dependency on target 'React-RCTFabric' in project 'Pods'
        ➜ Explicit dependency on target 'React-debug' in project 'Pods'
        ➜ Explicit dependency on target 'React-featureflags' in project 'Pods'
        ➜ Explicit dependency on target 'React-graphics' in project 'Pods'
        ➜ Explicit dependency on target 'React-jsi' in project 'Pods'
        ➜ Explicit dependency on target 'React-renderercss' in project 'Pods'
        ➜ Explicit dependency on target 'React-rendererdebug' in project 'Pods'
        ➜ Explicit dependency on target 'React-utils' in project 'Pods'
        ➜ Explicit dependency on target 'ReactCodegen' in project 'Pods'
        ➜ Explicit dependency on target 'ReactCommon' in project 'Pods'
        ➜ Explicit dependency on target 'ReactNativeDependencies' in project 'Pods'
        ➜ Explicit dependency on target 'Yoga' in project 'Pods'
        ➜ Explicit dependency on target 'hermes-engine' in project 'Pods'
        ➜ Explicit dependency on target 'lottie-ios' in project 'Pods'
        ➜ Explicit dependency on target 'lottie-react-native-Lottie_React_Native_Privacy' in project 'Pods'
    Target 'lottie-react-native-Lottie_React_Native_Privacy' in project 'Pods' (no dependencies)
    Target 'lottie-ios' in project 'Pods'
        ➜ Explicit dependency on target 'lottie-ios-LottiePrivacyInfo' in project 'Pods'
    Target 'lottie-ios-LottiePrivacyInfo' in project 'Pods' (no dependencies)
    Target 'expo-dev-client' in project 'Pods'
        ➜ Explicit dependency on target 'EXManifests' in project 'Pods'
        ➜ Explicit dependency on target 'expo-dev-launcher' in project 'Pods'
        ➜ Explicit dependency on target 'expo-dev-menu' in project 'Pods'
        ➜ Explicit dependency on target 'expo-dev-menu-interface' in project 'Pods'
        ➜ Explicit dependency on target 'EXUpdatesInterface' in project 'Pods'
    Target 'expo-dev-launcher' in project 'Pods'
        ➜ Explicit dependency on target 'EXManifests' in project 'Pods'
        ➜ Explicit dependency on target 'EXUpdatesInterface' in project 'Pods'
        ➜ Explicit dependency on target 'ExpoModulesCore' in project 'Pods'
        ➜ Explicit dependency on target 'RCTRequired' in project 'Pods'
        ➜ Explicit dependency on target 'RCTTypeSafety' in project 'Pods'
        ➜ Explicit dependency on target 'React-Core' in project 'Pods'
        ➜ Explicit dependency on target 'React-Core-prebuilt' in project 'Pods'
        ➜ Explicit dependency on target 'React-Fabric' in project 'Pods'
        ➜ Explicit dependency on target 'React-ImageManager' in project 'Pods'
        ➜ Explicit dependency on target 'React-NativeModulesApple' in project 'Pods'
        ➜ Explicit dependency on target 'React-RCTAppDelegate' in project 'Pods'
        ➜ Explicit dependency on target 'React-RCTFabric' in project 'Pods'
        ➜ Explicit dependency on target 'React-debug' in project 'Pods'
        ➜ Explicit dependency on target 'React-featureflags' in project 'Pods'
        ➜ Explicit dependency on target 'React-graphics' in project 'Pods'
        ➜ Explicit dependency on target 'React-jsi' in project 'Pods'
        ➜ Explicit dependency on target 'React-jsinspector' in project 'Pods'
        ➜ Explicit dependency on target 'React-renderercss' in project 'Pods'
        ➜ Explicit dependency on target 'React-rendererdebug' in project 'Pods'
        ➜ Explicit dependency on target 'React-utils' in project 'Pods'
        ➜ Explicit dependency on target 'ReactAppDependencyProvider' in project 'Pods'
        ➜ Explicit dependency on target 'ReactCodegen' in project 'Pods'
        ➜ Explicit dependency on target 'ReactCommon' in project 'Pods'
        ➜ Explicit dependency on target 'ReactNativeDependencies' in project 'Pods'
        ➜ Explicit dependency on target 'Yoga' in project 'Pods'
        ➜ Explicit dependency on target 'expo-dev-launcher-EXDevLauncher' in project 'Pods'
        ➜ Explicit dependency on target 'expo-dev-menu' in project 'Pods'
        ➜ Explicit dependency on target 'expo-dev-menu-interface' in project 'Pods'
        ➜ Explicit dependency on target 'hermes-engine' in project 'Pods'
    Target 'expo-dev-menu' in project 'Pods'
        ➜ Explicit dependency on target 'EXManifests' in project 'Pods'
        ➜ Explicit dependency on target 'ExpoModulesCore' in project 'Pods'
        ➜ Explicit dependency on target 'RCTRequired' in project 'Pods'
        ➜ Explicit dependency on target 'RCTTypeSafety' in project 'Pods'
        ➜ Explicit dependency on target 'React-Core' in project 'Pods'
        ➜ Explicit dependency on target 'React-Core-prebuilt' in project 'Pods'
        ➜ Explicit dependency on target 'React-Fabric' in project 'Pods'
        ➜ Explicit dependency on target 'React-ImageManager' in project 'Pods'
        ➜ Explicit dependency on target 'React-NativeModulesApple' in project 'Pods'
        ➜ Explicit dependency on target 'React-RCTFabric' in project 'Pods'
        ➜ Explicit dependency on target 'React-debug' in project 'Pods'
        ➜ Explicit dependency on target 'React-featureflags' in project 'Pods'
        ➜ Explicit dependency on target 'React-graphics' in project 'Pods'
        ➜ Explicit dependency on target 'React-jsi' in project 'Pods'
        ➜ Explicit dependency on target 'React-jsinspector' in project 'Pods'
        ➜ Explicit dependency on target 'React-rendererconsistency' in project 'Pods'
        ➜ Explicit dependency on target 'React-renderercss' in project 'Pods'
        ➜ Explicit dependency on target 'React-rendererdebug' in project 'Pods'
        ➜ Explicit dependency on target 'React-utils' in project 'Pods'
        ➜ Explicit dependency on target 'ReactCodegen' in project 'Pods'
        ➜ Explicit dependency on target 'ReactCommon' in project 'Pods'
        ➜ Explicit dependency on target 'ReactNativeDependencies' in project 'Pods'
        ➜ Explicit dependency on target 'Yoga' in project 'Pods'
        ➜ Explicit dependency on target 'expo-dev-menu-EXDevMenu' in project 'Pods'
        ➜ Explicit dependency on target 'expo-dev-menu-interface' in project 'Pods'
        ➜ Explicit dependency on target 'hermes-engine' in project 'Pods'
    Target 'expo-dev-menu-interface' in project 'Pods' (no dependencies)
    Target 'expo-dev-menu-EXDevMenu' in project 'Pods' (no dependencies)
    Target 'expo-dev-launcher-EXDevLauncher' in project 'Pods' (no dependencies)
    Target 'TiktokBusiness' in project 'Pods'
        ➜ Explicit dependency on target 'ExpoModulesCore' in project 'Pods'
        ➜ Explicit dependency on target 'TikTokBusinessSDK' in project 'Pods'
    Target 'TikTokBusinessSDK' in project 'Pods'
        ➜ Explicit dependency on target 'TikTokBusinessSDK-TikTokBusinessSDK_Privacy' in project 'Pods'
    Target 'TikTokBusinessSDK-TikTokBusinessSDK_Privacy' in project 'Pods' (no dependencies)
    Target 'React' in project 'Pods'
        ➜ Explicit dependency on target 'React-Core' in project 'Pods'
        ➜ Explicit dependency on target 'React-RCTActionSheet' in project 'Pods'
        ➜ Explicit dependency on target 'React-RCTAnimation' in project 'Pods'
        ➜ Explicit dependency on target 'React-RCTBlob' in project 'Pods'
        ➜ Explicit dependency on target 'React-RCTImage' in project 'Pods'
        ➜ Explicit dependency on target 'React-RCTLinking' in project 'Pods'
        ➜ Explicit dependency on target 'React-RCTNetwork' in project 'Pods'
        ➜ Explicit dependency on target 'React-RCTSettings' in project 'Pods'
        ➜ Explicit dependency on target 'React-RCTText' in project 'Pods'
        ➜ Explicit dependency on target 'React-RCTVibration' in project 'Pods'
    Target 'React-RCTVibration' in project 'Pods'
        ➜ Explicit dependency on target 'React-Core' in project 'Pods'
        ➜ Explicit dependency on target 'React-Core-prebuilt' in project 'Pods'
        ➜ Explicit dependency on target 'React-jsi' in project 'Pods'
        ➜ Explicit dependency on target 'React-NativeModulesApple' in project 'Pods'
        ➜ Explicit dependency on target 'React-RCTFBReactNativeSpec' in project 'Pods'
        ➜ Explicit dependency on target 'ReactCommon' in project 'Pods'
        ➜ Explicit dependency on target 'ReactNativeDependencies' in project 'Pods'
    Target 'React-RCTSettings' in project 'Pods'
        ➜ Explicit dependency on target 'RCTTypeSafety' in project 'Pods'
        ➜ Explicit dependency on target 'React-Core' in project 'Pods'
        ➜ Explicit dependency on target 'React-Core-prebuilt' in project 'Pods'
        ➜ Explicit dependency on target 'React-jsi' in project 'Pods'
        ➜ Explicit dependency on target 'React-NativeModulesApple' in project 'Pods'
        ➜ Explicit dependency on target 'React-RCTFBReactNativeSpec' in project 'Pods'
        ➜ Explicit dependency on target 'ReactCommon' in project 'Pods'
        ➜ Explicit dependency on target 'ReactNativeDependencies' in project 'Pods'
    Target 'React-RCTLinking' in project 'Pods'
        ➜ Explicit dependency on target 'React-Core' in project 'Pods'
        ➜ Explicit dependency on target 'React-jsi' in project 'Pods'
        ➜ Explicit dependency on target 'React-NativeModulesApple' in project 'Pods'
        ➜ Explicit dependency on target 'React-RCTFBReactNativeSpec' in project 'Pods'
        ➜ Explicit dependency on target 'ReactCommon' in project 'Pods'
    Target 'React-RCTActionSheet' in project 'Pods'
        ➜ Explicit dependency on target 'React-Core' in project 'Pods'
    Target 'RNSVG' in project 'Pods'
        ➜ Explicit dependency on target 'RCTRequired' in project 'Pods'
        ➜ Explicit dependency on target 'RCTTypeSafety' in project 'Pods'
        ➜ Explicit dependency on target 'RNSVG-RNSVGFilters' in project 'Pods'
        ➜ Explicit dependency on target 'React-Core' in project 'Pods'
        ➜ Explicit dependency on target 'React-Core-prebuilt' in project 'Pods'
        ➜ Explicit dependency on target 'React-Fabric' in project 'Pods'
        ➜ Explicit dependency on target 'React-ImageManager' in project 'Pods'
        ➜ Explicit dependency on target 'React-NativeModulesApple' in project 'Pods'
        ➜ Explicit dependency on target 'React-RCTFabric' in project 'Pods'
        ➜ Explicit dependency on target 'React-debug' in project 'Pods'
        ➜ Explicit dependency on target 'React-featureflags' in project 'Pods'
        ➜ Explicit dependency on target 'React-graphics' in project 'Pods'
        ➜ Explicit dependency on target 'React-jsi' in project 'Pods'
        ➜ Explicit dependency on target 'React-renderercss' in project 'Pods'
        ➜ Explicit dependency on target 'React-rendererdebug' in project 'Pods'
        ➜ Explicit dependency on target 'React-utils' in project 'Pods'
        ➜ Explicit dependency on target 'ReactCodegen' in project 'Pods'
        ➜ Explicit dependency on target 'ReactCommon' in project 'Pods'
        ➜ Explicit dependency on target 'ReactNativeDependencies' in project 'Pods'
        ➜ Explicit dependency on target 'Yoga' in project 'Pods'
        ➜ Explicit dependency on target 'hermes-engine' in project 'Pods'
    Target 'RNSVG-RNSVGFilters' in project 'Pods' (no dependencies)
    Target 'RNReanimated' in project 'Pods'
        ➜ Explicit dependency on target 'RCTRequired' in project 'Pods'
        ➜ Explicit dependency on target 'RCTTypeSafety' in project 'Pods'
        ➜ Explicit dependency on target 'RNWorklets' in project 'Pods'
        ➜ Explicit dependency on target 'React-Core' in project 'Pods'
        ➜ Explicit dependency on target 'React-Core-prebuilt' in project 'Pods'
        ➜ Explicit dependency on target 'React-Fabric' in project 'Pods'
        ➜ Explicit dependency on target 'React-ImageManager' in project 'Pods'
        ➜ Explicit dependency on target 'React-NativeModulesApple' in project 'Pods'
        ➜ Explicit dependency on target 'React-RCTFabric' in project 'Pods'
        ➜ Explicit dependency on target 'React-debug' in project 'Pods'
        ➜ Explicit dependency on target 'React-featureflags' in project 'Pods'
        ➜ Explicit dependency on target 'React-graphics' in project 'Pods'
        ➜ Explicit dependency on target 'React-hermes' in project 'Pods'
        ➜ Explicit dependency on target 'React-jsi' in project 'Pods'
        ➜ Explicit dependency on target 'React-renderercss' in project 'Pods'
        ➜ Explicit dependency on target 'React-rendererdebug' in project 'Pods'
        ➜ Explicit dependency on target 'React-utils' in project 'Pods'
        ➜ Explicit dependency on target 'ReactCodegen' in project 'Pods'
        ➜ Explicit dependency on target 'ReactCommon' in project 'Pods'
        ➜ Explicit dependency on target 'ReactNativeDependencies' in project 'Pods'
        ➜ Explicit dependency on target 'Yoga' in project 'Pods'
        ➜ Explicit dependency on target 'hermes-engine' in project 'Pods'
    Target 'RNWorklets' in project 'Pods'
        ➜ Explicit dependency on target 'RCTRequired' in project 'Pods'
        ➜ Explicit dependency on target 'RCTTypeSafety' in project 'Pods'
        ➜ Explicit dependency on target 'React-Core' in project 'Pods'
        ➜ Explicit dependency on target 'React-Core-prebuilt' in project 'Pods'
        ➜ Explicit dependency on target 'React-Fabric' in project 'Pods'
        ➜ Explicit dependency on target 'React-ImageManager' in project 'Pods'
        ➜ Explicit dependency on target 'React-NativeModulesApple' in project 'Pods'
        ➜ Explicit dependency on target 'React-RCTFabric' in project 'Pods'
        ➜ Explicit dependency on target 'React-debug' in project 'Pods'
        ➜ Explicit dependency on target 'React-featureflags' in project 'Pods'
        ➜ Explicit dependency on target 'React-graphics' in project 'Pods'
        ➜ Explicit dependency on target 'React-hermes' in project 'Pods'
        ➜ Explicit dependency on target 'React-jsi' in project 'Pods'
        ➜ Explicit dependency on target 'React-renderercss' in project 'Pods'
        ➜ Explicit dependency on target 'React-rendererdebug' in project 'Pods'
        ➜ Explicit dependency on target 'React-utils' in project 'Pods'
        ➜ Explicit dependency on target 'ReactCodegen' in project 'Pods'
        ➜ Explicit dependency on target 'ReactCommon' in project 'Pods'
        ➜ Explicit dependency on target 'ReactNativeDependencies' in project 'Pods'
        ➜ Explicit dependency on target 'Yoga' in project 'Pods'
        ➜ Explicit dependency on target 'hermes-engine' in project 'Pods'
    Target 'RNGestureHandler' in project 'Pods'
        ➜ Explicit dependency on target 'RCTRequired' in project 'Pods'
        ➜ Explicit dependency on target 'RCTTypeSafety' in project 'Pods'
        ➜ Explicit dependency on target 'React-Core' in project 'Pods'
        ➜ Explicit dependency on target 'React-Core-prebuilt' in project 'Pods'
        ➜ Explicit dependency on target 'React-Fabric' in project 'Pods'
        ➜ Explicit dependency on target 'React-FabricComponents' in project 'Pods'
        ➜ Explicit dependency on target 'React-ImageManager' in project 'Pods'
        ➜ Explicit dependency on target 'React-NativeModulesApple' in project 'Pods'
        ➜ Explicit dependency on target 'React-RCTFabric' in project 'Pods'
        ➜ Explicit dependency on target 'React-debug' in project 'Pods'
        ➜ Explicit dependency on target 'React-featureflags' in project 'Pods'
        ➜ Explicit dependency on target 'React-graphics' in project 'Pods'
        ➜ Explicit dependency on target 'React-jsi' in project 'Pods'
        ➜ Explicit dependency on target 'React-renderercss' in project 'Pods'
        ➜ Explicit dependency on target 'React-rendererdebug' in project 'Pods'
        ➜ Explicit dependency on target 'React-utils' in project 'Pods'
        ➜ Explicit dependency on target 'ReactCodegen' in project 'Pods'
        ➜ Explicit dependency on target 'ReactCommon' in project 'Pods'
        ➜ Explicit dependency on target 'ReactNativeDependencies' in project 'Pods'
        ➜ Explicit dependency on target 'Yoga' in project 'Pods'
        ➜ Explicit dependency on target 'hermes-engine' in project 'Pods'
    Target 'RNFBAnalytics' in project 'Pods'
        ➜ Explicit dependency on target 'FirebaseAnalytics' in project 'Pods'
        ➜ Explicit dependency on target 'RNFBApp' in project 'Pods'
        ➜ Explicit dependency on target 'React-Core' in project 'Pods'
    Target 'RNFBApp' in project 'Pods'
        ➜ Explicit dependency on target 'Firebase' in project 'Pods'
        ➜ Explicit dependency on target 'React-Core' in project 'Pods'
    Target 'RNCAsyncStorage' in project 'Pods'
        ➜ Explicit dependency on target 'RCTRequired' in project 'Pods'
        ➜ Explicit dependency on target 'RCTTypeSafety' in project 'Pods'
        ➜ Explicit dependency on target 'RNCAsyncStorage-RNCAsyncStorage_resources' in project 'Pods'
        ➜ Explicit dependency on target 'React-Core' in project 'Pods'
        ➜ Explicit dependency on target 'React-Core-prebuilt' in project 'Pods'
        ➜ Explicit dependency on target 'React-Fabric' in project 'Pods'
        ➜ Explicit dependency on target 'React-ImageManager' in project 'Pods'
        ➜ Explicit dependency on target 'React-NativeModulesApple' in project 'Pods'
        ➜ Explicit dependency on target 'React-RCTFabric' in project 'Pods'
        ➜ Explicit dependency on target 'React-debug' in project 'Pods'
        ➜ Explicit dependency on target 'React-featureflags' in project 'Pods'
        ➜ Explicit dependency on target 'React-graphics' in project 'Pods'
        ➜ Explicit dependency on target 'React-jsi' in project 'Pods'
        ➜ Explicit dependency on target 'React-renderercss' in project 'Pods'
        ➜ Explicit dependency on target 'React-rendererdebug' in project 'Pods'
        ➜ Explicit dependency on target 'React-utils' in project 'Pods'
        ➜ Explicit dependency on target 'ReactCodegen' in project 'Pods'
        ➜ Explicit dependency on target 'ReactCommon' in project 'Pods'
        ➜ Explicit dependency on target 'ReactNativeDependencies' in project 'Pods'
        ➜ Explicit dependency on target 'Yoga' in project 'Pods'
        ➜ Explicit dependency on target 'hermes-engine' in project 'Pods'
    Target 'RNCAsyncStorage-RNCAsyncStorage_resources' in project 'Pods' (no dependencies)
    Target 'NitroMmkv' in project 'Pods'
        ➜ Explicit dependency on target 'MMKVCore' in project 'Pods'
        ➜ Explicit dependency on target 'NitroModules' in project 'Pods'
        ➜ Explicit dependency on target 'RCTRequired' in project 'Pods'
        ➜ Explicit dependency on target 'RCTTypeSafety' in project 'Pods'
        ➜ Explicit dependency on target 'React-Core' in project 'Pods'
        ➜ Explicit dependency on target 'React-Core-prebuilt' in project 'Pods'
        ➜ Explicit dependency on target 'React-Fabric' in project 'Pods'
        ➜ Explicit dependency on target 'React-ImageManager' in project 'Pods'
        ➜ Explicit dependency on target 'React-NativeModulesApple' in project 'Pods'
        ➜ Explicit dependency on target 'React-RCTFabric' in project 'Pods'
        ➜ Explicit dependency on target 'React-callinvoker' in project 'Pods'
        ➜ Explicit dependency on target 'React-debug' in project 'Pods'
        ➜ Explicit dependency on target 'React-featureflags' in project 'Pods'
        ➜ Explicit dependency on target 'React-graphics' in project 'Pods'
        ➜ Explicit dependency on target 'React-jsi' in project 'Pods'
        ➜ Explicit dependency on target 'React-renderercss' in project 'Pods'
        ➜ Explicit dependency on target 'React-rendererdebug' in project 'Pods'
        ➜ Explicit dependency on target 'React-utils' in project 'Pods'
        ➜ Explicit dependency on target 'ReactCodegen' in project 'Pods'
        ➜ Explicit dependency on target 'ReactCommon' in project 'Pods'
        ➜ Explicit dependency on target 'ReactNativeDependencies' in project 'Pods'
        ➜ Explicit dependency on target 'Yoga' in project 'Pods'
        ➜ Explicit dependency on target 'hermes-engine' in project 'Pods'
    Target 'NitroModules' in project 'Pods'
        ➜ Explicit dependency on target 'RCTRequired' in project 'Pods'
        ➜ Explicit dependency on target 'RCTTypeSafety' in project 'Pods'
        ➜ Explicit dependency on target 'React-Core' in project 'Pods'
        ➜ Explicit dependency on target 'React-Core-prebuilt' in project 'Pods'
        ➜ Explicit dependency on target 'React-Fabric' in project 'Pods'
        ➜ Explicit dependency on target 'React-ImageManager' in project 'Pods'
        ➜ Explicit dependency on target 'React-NativeModulesApple' in project 'Pods'
        ➜ Explicit dependency on target 'React-RCTFabric' in project 'Pods'
        ➜ Explicit dependency on target 'React-callinvoker' in project 'Pods'
        ➜ Explicit dependency on target 'React-debug' in project 'Pods'
        ➜ Explicit dependency on target 'React-featureflags' in project 'Pods'
        ➜ Explicit dependency on target 'React-graphics' in project 'Pods'
        ➜ Explicit dependency on target 'React-jsi' in project 'Pods'
        ➜ Explicit dependency on target 'React-renderercss' in project 'Pods'
        ➜ Explicit dependency on target 'React-rendererdebug' in project 'Pods'
        ➜ Explicit dependency on target 'React-utils' in project 'Pods'
        ➜ Explicit dependency on target 'ReactCodegen' in project 'Pods'
        ➜ Explicit dependency on target 'ReactCommon' in project 'Pods'
        ➜ Explicit dependency on target 'ReactNativeDependencies' in project 'Pods'
        ➜ Explicit dependency on target 'Yoga' in project 'Pods'
        ➜ Explicit dependency on target 'hermes-engine' in project 'Pods'
    Target 'MMKVCore' in project 'Pods' (no dependencies)
    Target 'FirebaseAnalytics' in project 'Pods'
        ➜ Explicit dependency on target 'FirebaseCore' in project 'Pods'
        ➜ Explicit dependency on target 'FirebaseInstallations' in project 'Pods'
        ➜ Explicit dependency on target 'GoogleAppMeasurement' in project 'Pods'
        ➜ Explicit dependency on target 'GoogleUtilities' in project 'Pods'
        ➜ Explicit dependency on target 'nanopb' in project 'Pods'
    Target 'GoogleAppMeasurement' in project 'Pods'
        ➜ Explicit dependency on target 'GoogleUtilities' in project 'Pods'
        ➜ Explicit dependency on target 'nanopb' in project 'Pods'
    Target 'nanopb' in project 'Pods'
        ➜ Explicit dependency on target 'nanopb-nanopb_Privacy' in project 'Pods'
    Target 'nanopb-nanopb_Privacy' in project 'Pods' (no dependencies)
    Target 'FirebaseInstallations' in project 'Pods'
        ➜ Explicit dependency on target 'FirebaseCore' in project 'Pods'
        ➜ Explicit dependency on target 'FirebaseInstallations-FirebaseInstallations_Privacy' in project 'Pods'
        ➜ Explicit dependency on target 'GoogleUtilities' in project 'Pods'
        ➜ Explicit dependency on target 'PromisesObjC' in project 'Pods'
    Target 'PromisesObjC' in project 'Pods'
        ➜ Explicit dependency on target 'PromisesObjC-FBLPromises_Privacy' in project 'Pods'
    Target 'PromisesObjC-FBLPromises_Privacy' in project 'Pods' (no dependencies)
    Target 'FirebaseInstallations-FirebaseInstallations_Privacy' in project 'Pods' (no dependencies)
    Target 'Firebase' in project 'Pods'
        ➜ Explicit dependency on target 'FirebaseCore' in project 'Pods'
    Target 'FirebaseCore' in project 'Pods'
        ➜ Explicit dependency on target 'FirebaseCore-FirebaseCore_Privacy' in project 'Pods'
        ➜ Explicit dependency on target 'FirebaseCoreInternal' in project 'Pods'
        ➜ Explicit dependency on target 'GoogleUtilities' in project 'Pods'
    Target 'FirebaseCoreInternal' in project 'Pods'
        ➜ Explicit dependency on target 'FirebaseCoreInternal-FirebaseCoreInternal_Privacy' in project 'Pods'
        ➜ Explicit dependency on target 'GoogleUtilities' in project 'Pods'
    Target 'GoogleUtilities' in project 'Pods'
        ➜ Explicit dependency on target 'GoogleUtilities-GoogleUtilities_Privacy' in project 'Pods'
    Target 'GoogleUtilities-GoogleUtilities_Privacy' in project 'Pods' (no dependencies)
    Target 'FirebaseCoreInternal-FirebaseCoreInternal_Privacy' in project 'Pods' (no dependencies)
    Target 'FirebaseCore-FirebaseCore_Privacy' in project 'Pods' (no dependencies)
    Target 'FBSDKLoginKit' in project 'Pods'
        ➜ Explicit dependency on target 'FBSDKCoreKit' in project 'Pods'
    Target 'FBSDKGamingServicesKit' in project 'Pods'
        ➜ Explicit dependency on target 'FBSDKCoreKit' in project 'Pods'
        ➜ Explicit dependency on target 'FBSDKCoreKit_Basics' in project 'Pods'
        ➜ Explicit dependency on target 'FBSDKShareKit' in project 'Pods'
    Target 'FBSDKShareKit' in project 'Pods'
        ➜ Explicit dependency on target 'FBSDKCoreKit' in project 'Pods'
    Target 'ExpoWebBrowser' in project 'Pods'
        ➜ Explicit dependency on target 'ExpoModulesCore' in project 'Pods'
    Target 'ExpoTrackingTransparency' in project 'Pods'
        ➜ Explicit dependency on target 'ExpoModulesCore' in project 'Pods'
    Target 'ExpoStoreReview' in project 'Pods'
        ➜ Explicit dependency on target 'ExpoModulesCore' in project 'Pods'
    Target 'ExpoSplashScreen' in project 'Pods'
        ➜ Explicit dependency on target 'ExpoModulesCore' in project 'Pods'
    Target 'ExpoSecureStore' in project 'Pods'
        ➜ Explicit dependency on target 'ExpoModulesCore' in project 'Pods'
    Target 'ExpoLocalization' in project 'Pods'
        ➜ Explicit dependency on target 'ExpoLocalization-ExpoLocalization_privacy' in project 'Pods'
        ➜ Explicit dependency on target 'ExpoModulesCore' in project 'Pods'
    Target 'ExpoLocalization-ExpoLocalization_privacy' in project 'Pods' (no dependencies)
    Target 'ExpoLinking' in project 'Pods'
        ➜ Explicit dependency on target 'ExpoModulesCore' in project 'Pods'
    Target 'ExpoLinearGradient' in project 'Pods'
        ➜ Explicit dependency on target 'ExpoModulesCore' in project 'Pods'
    Target 'ExpoKeepAwake' in project 'Pods'
        ➜ Explicit dependency on target 'ExpoModulesCore' in project 'Pods'
    Target 'ExpoImage' in project 'Pods'
        ➜ Explicit dependency on target 'ExpoModulesCore' in project 'Pods'
        ➜ Explicit dependency on target 'SDWebImage' in project 'Pods'
        ➜ Explicit dependency on target 'SDWebImageAVIFCoder' in project 'Pods'
        ➜ Explicit dependency on target 'SDWebImageSVGCoder' in project 'Pods'
        ➜ Explicit dependency on target 'SDWebImageWebPCoder' in project 'Pods'
        ➜ Explicit dependency on target 'libavif' in project 'Pods'
    Target 'SDWebImageWebPCoder' in project 'Pods'
        ➜ Explicit dependency on target 'SDWebImage' in project 'Pods'
        ➜ Explicit dependency on target 'libwebp' in project 'Pods'
    Target 'libwebp' in project 'Pods' (no dependencies)
    Target 'SDWebImageSVGCoder' in project 'Pods'
        ➜ Explicit dependency on target 'SDWebImage' in project 'Pods'
    Target 'SDWebImageAVIFCoder' in project 'Pods'
        ➜ Explicit dependency on target 'SDWebImage' in project 'Pods'
        ➜ Explicit dependency on target 'libavif' in project 'Pods'
    Target 'libavif' in project 'Pods'
        ➜ Explicit dependency on target 'libdav1d' in project 'Pods'
    Target 'libdav1d' in project 'Pods' (no dependencies)
    Target 'SDWebImage' in project 'Pods'
        ➜ Explicit dependency on target 'SDWebImage-SDWebImage' in project 'Pods'
    Target 'SDWebImage-SDWebImage' in project 'Pods' (no dependencies)
    Target 'ExpoHead' in project 'Pods'
        ➜ Explicit dependency on target 'ExpoModulesCore' in project 'Pods'
        ➜ Explicit dependency on target 'RNScreens' in project 'Pods'
    Target 'RNScreens' in project 'Pods'
        ➜ Explicit dependency on target 'RCTRequired' in project 'Pods'
        ➜ Explicit dependency on target 'RCTTypeSafety' in project 'Pods'
        ➜ Explicit dependency on target 'React-Core' in project 'Pods'
        ➜ Explicit dependency on target 'React-Core-prebuilt' in project 'Pods'
        ➜ Explicit dependency on target 'React-Fabric' in project 'Pods'
        ➜ Explicit dependency on target 'React-ImageManager' in project 'Pods'
        ➜ Explicit dependency on target 'React-NativeModulesApple' in project 'Pods'
        ➜ Explicit dependency on target 'React-RCTFabric' in project 'Pods'
        ➜ Explicit dependency on target 'React-RCTImage' in project 'Pods'
        ➜ Explicit dependency on target 'React-debug' in project 'Pods'
        ➜ Explicit dependency on target 'React-featureflags' in project 'Pods'
        ➜ Explicit dependency on target 'React-graphics' in project 'Pods'
        ➜ Explicit dependency on target 'React-jsi' in project 'Pods'
        ➜ Explicit dependency on target 'React-renderercss' in project 'Pods'
        ➜ Explicit dependency on target 'React-rendererdebug' in project 'Pods'
        ➜ Explicit dependency on target 'React-utils' in project 'Pods'
        ➜ Explicit dependency on target 'ReactCodegen' in project 'Pods'
        ➜ Explicit dependency on target 'ReactCommon' in project 'Pods'
        ➜ Explicit dependency on target 'ReactNativeDependencies' in project 'Pods'
        ➜ Explicit dependency on target 'Yoga' in project 'Pods'
        ➜ Explicit dependency on target 'hermes-engine' in project 'Pods'
    Target 'ExpoFont' in project 'Pods'
        ➜ Explicit dependency on target 'ExpoModulesCore' in project 'Pods'
    Target 'ExpoFileSystem' in project 'Pods'
        ➜ Explicit dependency on target 'ExpoFileSystem-ExpoFileSystem_privacy' in project 'Pods'
        ➜ Explicit dependency on target 'ExpoModulesCore' in project 'Pods'
    Target 'ExpoFileSystem-ExpoFileSystem_privacy' in project 'Pods' (no dependencies)
    Target 'ExpoDevice' in project 'Pods'
        ➜ Explicit dependency on target 'ExpoDevice-ExpoDevice_privacy' in project 'Pods'
        ➜ Explicit dependency on target 'ExpoModulesCore' in project 'Pods'
    Target 'ExpoDevice-ExpoDevice_privacy' in project 'Pods' (no dependencies)
    Target 'ExpoCrypto' in project 'Pods'
        ➜ Explicit dependency on target 'ExpoModulesCore' in project 'Pods'
    Target 'ExpoCamera' in project 'Pods'
        ➜ Explicit dependency on target 'ExpoModulesCore' in project 'Pods'
        ➜ Explicit dependency on target 'ZXingObjC' in project 'Pods'
    Target 'ZXingObjC' in project 'Pods' (no dependencies)
    Target 'ExpoAsset' in project 'Pods'
        ➜ Explicit dependency on target 'ExpoModulesCore' in project 'Pods'
    Target 'ExpoAdapterFBSDKNext' in project 'Pods'
        ➜ Explicit dependency on target 'ExpoModulesCore' in project 'Pods'
        ➜ Explicit dependency on target 'FBSDKCoreKit' in project 'Pods'
        ➜ Explicit dependency on target 'React-Core' in project 'Pods'
    Target 'FBSDKCoreKit' in project 'Pods'
        ➜ Explicit dependency on target 'FBAEMKit' in project 'Pods'
        ➜ Explicit dependency on target 'FBSDKCoreKit_Basics' in project 'Pods'
    Target 'FBAEMKit' in project 'Pods'
        ➜ Explicit dependency on target 'FBSDKCoreKit_Basics' in project 'Pods'
    Target 'FBSDKCoreKit_Basics' in project 'Pods' (no dependencies)
    Target 'Expo' in project 'Pods'
        ➜ Explicit dependency on target 'ExpoModulesCore' in project 'Pods'
        ➜ Explicit dependency on target 'RCTRequired' in project 'Pods'
        ➜ Explicit dependency on target 'RCTTypeSafety' in project 'Pods'
        ➜ Explicit dependency on target 'React-Core' in project 'Pods'
        ➜ Explicit dependency on target 'React-Core-prebuilt' in project 'Pods'
        ➜ Explicit dependency on target 'React-Fabric' in project 'Pods'
        ➜ Explicit dependency on target 'React-ImageManager' in project 'Pods'
        ➜ Explicit dependency on target 'React-NativeModulesApple' in project 'Pods'
        ➜ Explicit dependency on target 'React-RCTAppDelegate' in project 'Pods'
        ➜ Explicit dependency on target 'React-RCTFabric' in project 'Pods'
        ➜ Explicit dependency on target 'React-debug' in project 'Pods'
        ➜ Explicit dependency on target 'React-featureflags' in project 'Pods'
        ➜ Explicit dependency on target 'React-graphics' in project 'Pods'
        ➜ Explicit dependency on target 'React-jsi' in project 'Pods'
        ➜ Explicit dependency on target 'React-renderercss' in project 'Pods'
        ➜ Explicit dependency on target 'React-rendererdebug' in project 'Pods'
        ➜ Explicit dependency on target 'React-utils' in project 'Pods'
        ➜ Explicit dependency on target 'ReactAppDependencyProvider' in project 'Pods'
        ➜ Explicit dependency on target 'ReactCodegen' in project 'Pods'
        ➜ Explicit dependency on target 'ReactCommon' in project 'Pods'
        ➜ Explicit dependency on target 'ReactNativeDependencies' in project 'Pods'
        ➜ Explicit dependency on target 'Yoga' in project 'Pods'
        ➜ Explicit dependency on target 'hermes-engine' in project 'Pods'
    Target 'ReactAppDependencyProvider' in project 'Pods'
        ➜ Explicit dependency on target 'ReactCodegen' in project 'Pods'
    Target 'EXUpdates' in project 'Pods'
        ➜ Explicit dependency on target 'EASClient' in project 'Pods'
        ➜ Explicit dependency on target 'EXManifests' in project 'Pods'
        ➜ Explicit dependency on target 'EXStructuredHeaders' in project 'Pods'
        ➜ Explicit dependency on target 'EXUpdates-EXUpdates' in project 'Pods'
        ➜ Explicit dependency on target 'EXUpdatesInterface' in project 'Pods'
        ➜ Explicit dependency on target 'ExpoModulesCore' in project 'Pods'
        ➜ Explicit dependency on target 'RCTRequired' in project 'Pods'
        ➜ Explicit dependency on target 'RCTTypeSafety' in project 'Pods'
        ➜ Explicit dependency on target 'ReachabilitySwift' in project 'Pods'
        ➜ Explicit dependency on target 'React-Core' in project 'Pods'
        ➜ Explicit dependency on target 'React-Core-prebuilt' in project 'Pods'
        ➜ Explicit dependency on target 'React-Fabric' in project 'Pods'
        ➜ Explicit dependency on target 'React-ImageManager' in project 'Pods'
        ➜ Explicit dependency on target 'React-NativeModulesApple' in project 'Pods'
        ➜ Explicit dependency on target 'React-RCTFabric' in project 'Pods'
        ➜ Explicit dependency on target 'React-debug' in project 'Pods'
        ➜ Explicit dependency on target 'React-featureflags' in project 'Pods'
        ➜ Explicit dependency on target 'React-graphics' in project 'Pods'
        ➜ Explicit dependency on target 'React-jsi' in project 'Pods'
        ➜ Explicit dependency on target 'React-renderercss' in project 'Pods'
        ➜ Explicit dependency on target 'React-rendererdebug' in project 'Pods'
        ➜ Explicit dependency on target 'React-utils' in project 'Pods'
        ➜ Explicit dependency on target 'ReactCodegen' in project 'Pods'
        ➜ Explicit dependency on target 'ReactCommon' in project 'Pods'
        ➜ Explicit dependency on target 'ReactNativeDependencies' in project 'Pods'
        ➜ Explicit dependency on target 'Yoga' in project 'Pods'
        ➜ Explicit dependency on target 'hermes-engine' in project 'Pods'
    Target 'ReachabilitySwift' in project 'Pods'
        ➜ Explicit dependency on target 'ReachabilitySwift-ReachabilitySwift' in project 'Pods'
    Target 'ReachabilitySwift-ReachabilitySwift' in project 'Pods' (no dependencies)
    Target 'EXUpdatesInterface' in project 'Pods'
        ➜ Explicit dependency on target 'ExpoModulesCore' in project 'Pods'
    Target 'EXUpdates-EXUpdates' in project 'Pods' (no dependencies)
    Target 'EXStructuredHeaders' in project 'Pods' (no dependencies)
    Target 'EXNotifications' in project 'Pods'
        ➜ Explicit dependency on target 'EXNotifications-ExpoNotifications_privacy' in project 'Pods'
        ➜ Explicit dependency on target 'ExpoModulesCore' in project 'Pods'
    Target 'EXNotifications-ExpoNotifications_privacy' in project 'Pods' (no dependencies)
    Target 'EXManifests' in project 'Pods'
        ➜ Explicit dependency on target 'ExpoModulesCore' in project 'Pods'
    Target 'EXJSONUtils' in project 'Pods' (no dependencies)
    Target 'EXConstants' in project 'Pods'
        ➜ Explicit dependency on target 'EXConstants-EXConstants' in project 'Pods'
        ➜ Explicit dependency on target 'EXConstants-ExpoConstants_privacy' in project 'Pods'
        ➜ Explicit dependency on target 'ExpoModulesCore' in project 'Pods'
    Target 'EXConstants-ExpoConstants_privacy' in project 'Pods' (no dependencies)
    Target 'EXConstants-EXConstants' in project 'Pods' (no dependencies)
    Target 'EXApplication' in project 'Pods'
        ➜ Explicit dependency on target 'EXApplication-ExpoApplication_privacy' in project 'Pods'
        ➜ Explicit dependency on target 'ExpoModulesCore' in project 'Pods'
    Target 'EXApplication-ExpoApplication_privacy' in project 'Pods' (no dependencies)
    Target 'EASClient' in project 'Pods'
        ➜ Explicit dependency on target 'ExpoModulesCore' in project 'Pods'
    Target 'ExpoModulesCore' in project 'Pods'
        ➜ Explicit dependency on target 'RCTRequired' in project 'Pods'
        ➜ Explicit dependency on target 'RCTTypeSafety' in project 'Pods'
        ➜ Explicit dependency on target 'React-Core' in project 'Pods'
        ➜ Explicit dependency on target 'React-Core-prebuilt' in project 'Pods'
        ➜ Explicit dependency on target 'React-Fabric' in project 'Pods'
        ➜ Explicit dependency on target 'React-ImageManager' in project 'Pods'
        ➜ Explicit dependency on target 'React-NativeModulesApple' in project 'Pods'
        ➜ Explicit dependency on target 'React-RCTFabric' in project 'Pods'
        ➜ Explicit dependency on target 'React-debug' in project 'Pods'
        ➜ Explicit dependency on target 'React-featureflags' in project 'Pods'
        ➜ Explicit dependency on target 'React-graphics' in project 'Pods'
        ➜ Explicit dependency on target 'React-jsi' in project 'Pods'
        ➜ Explicit dependency on target 'React-jsinspector' in project 'Pods'
        ➜ Explicit dependency on target 'React-renderercss' in project 'Pods'
        ➜ Explicit dependency on target 'React-rendererdebug' in project 'Pods'
        ➜ Explicit dependency on target 'React-utils' in project 'Pods'
        ➜ Explicit dependency on target 'ReactCodegen' in project 'Pods'
        ➜ Explicit dependency on target 'ReactCommon' in project 'Pods'
        ➜ Explicit dependency on target 'ReactNativeDependencies' in project 'Pods'
        ➜ Explicit dependency on target 'Yoga' in project 'Pods'
        ➜ Explicit dependency on target 'hermes-engine' in project 'Pods'
    Target 'ReactCodegen' in project 'Pods'
        ➜ Explicit dependency on target 'RCTRequired' in project 'Pods'
        ➜ Explicit dependency on target 'RCTTypeSafety' in project 'Pods'
        ➜ Explicit dependency on target 'React-Core' in project 'Pods'
        ➜ Explicit dependency on target 'React-Core-prebuilt' in project 'Pods'
        ➜ Explicit dependency on target 'React-Fabric' in project 'Pods'
        ➜ Explicit dependency on target 'React-FabricImage' in project 'Pods'
        ➜ Explicit dependency on target 'React-NativeModulesApple' in project 'Pods'
        ➜ Explicit dependency on target 'React-RCTAppDelegate' in project 'Pods'
        ➜ Explicit dependency on target 'React-debug' in project 'Pods'
        ➜ Explicit dependency on target 'React-featureflags' in project 'Pods'
        ➜ Explicit dependency on target 'React-graphics' in project 'Pods'
        ➜ Explicit dependency on target 'React-jsi' in project 'Pods'
        ➜ Explicit dependency on target 'React-jsiexecutor' in project 'Pods'
        ➜ Explicit dependency on target 'React-rendererdebug' in project 'Pods'
        ➜ Explicit dependency on target 'React-utils' in project 'Pods'
        ➜ Explicit dependency on target 'ReactCommon' in project 'Pods'
        ➜ Explicit dependency on target 'ReactNativeDependencies' in project 'Pods'
        ➜ Explicit dependency on target 'hermes-engine' in project 'Pods'
    Target 'React-RCTAppDelegate' in project 'Pods'
        ➜ Explicit dependency on target 'hermes-engine' in project 'Pods'
        ➜ Explicit dependency on target 'RCTRequired' in project 'Pods'
        ➜ Explicit dependency on target 'RCTTypeSafety' in project 'Pods'
        ➜ Explicit dependency on target 'React-Core' in project 'Pods'
        ➜ Explicit dependency on target 'React-Core-prebuilt' in project 'Pods'
        ➜ Explicit dependency on target 'React-CoreModules' in project 'Pods'
        ➜ Explicit dependency on target 'React-debug' in project 'Pods'
        ➜ Explicit dependency on target 'React-defaultsnativemodule' in project 'Pods'
        ➜ Explicit dependency on target 'React-Fabric' in project 'Pods'
        ➜ Explicit dependency on target 'React-featureflags' in project 'Pods'
        ➜ Explicit dependency on target 'React-graphics' in project 'Pods'
        ➜ Explicit dependency on target 'React-hermes' in project 'Pods'
        ➜ Explicit dependency on target 'React-jsitooling' in project 'Pods'
        ➜ Explicit dependency on target 'React-NativeModulesApple' in project 'Pods'
        ➜ Explicit dependency on target 'React-RCTFabric' in project 'Pods'
        ➜ Explicit dependency on target 'React-RCTFBReactNativeSpec' in project 'Pods'
        ➜ Explicit dependency on target 'React-RCTImage' in project 'Pods'
        ➜ Explicit dependency on target 'React-RCTNetwork' in project 'Pods'
        ➜ Explicit dependency on target 'React-RCTRuntime' in project 'Pods'
        ➜ Explicit dependency on target 'React-rendererdebug' in project 'Pods'
        ➜ Explicit dependency on target 'React-RuntimeApple' in project 'Pods'
        ➜ Explicit dependency on target 'React-RuntimeCore' in project 'Pods'
        ➜ Explicit dependency on target 'React-runtimeexecutor' in project 'Pods'
        ➜ Explicit dependency on target 'React-runtimescheduler' in project 'Pods'
        ➜ Explicit dependency on target 'React-utils' in project 'Pods'
        ➜ Explicit dependency on target 'ReactCommon' in project 'Pods'
        ➜ Explicit dependency on target 'ReactNativeDependencies' in project 'Pods'
    Target 'React-RCTRuntime' in project 'Pods'
        ➜ Explicit dependency on target 'hermes-engine' in project 'Pods'
        ➜ Explicit dependency on target 'React-Core' in project 'Pods'
        ➜ Explicit dependency on target 'React-Core-prebuilt' in project 'Pods'
        ➜ Explicit dependency on target 'React-jsi' in project 'Pods'
        ➜ Explicit dependency on target 'React-jsinspector' in project 'Pods'
        ➜ Explicit dependency on target 'React-jsinspectorcdp' in project 'Pods'
        ➜ Explicit dependency on target 'React-jsinspectortracing' in project 'Pods'
        ➜ Explicit dependency on target 'React-jsitooling' in project 'Pods'
        ➜ Explicit dependency on target 'React-RuntimeApple' in project 'Pods'
        ➜ Explicit dependency on target 'React-RuntimeCore' in project 'Pods'
        ➜ Explicit dependency on target 'React-runtimeexecutor' in project 'Pods'
        ➜ Explicit dependency on target 'React-RuntimeHermes' in project 'Pods'
        ➜ Explicit dependency on target 'ReactNativeDependencies' in project 'Pods'
    Target 'React-RuntimeApple' in project 'Pods'
        ➜ Explicit dependency on target 'hermes-engine' in project 'Pods'
        ➜ Explicit dependency on target 'React-callinvoker' in project 'Pods'
        ➜ Explicit dependency on target 'React-Core' in project 'Pods'
        ➜ Explicit dependency on target 'React-Core-prebuilt' in project 'Pods'
        ➜ Explicit dependency on target 'React-CoreModules' in project 'Pods'
        ➜ Explicit dependency on target 'React-cxxreact' in project 'Pods'
        ➜ Explicit dependency on target 'React-featureflags' in project 'Pods'
        ➜ Explicit dependency on target 'React-jserrorhandler' in project 'Pods'
        ➜ Explicit dependency on target 'React-jsi' in project 'Pods'
        ➜ Explicit dependency on target 'React-jsiexecutor' in project 'Pods'
        ➜ Explicit dependency on target 'React-jsinspector' in project 'Pods'
        ➜ Explicit dependency on target 'React-jsitooling' in project 'Pods'
        ➜ Explicit dependency on target 'React-Mapbuffer' in project 'Pods'
        ➜ Explicit dependency on target 'React-NativeModulesApple' in project 'Pods'
        ➜ Explicit dependency on target 'React-RCTFabric' in project 'Pods'
        ➜ Explicit dependency on target 'React-RCTFBReactNativeSpec' in project 'Pods'
        ➜ Explicit dependency on target 'React-RuntimeCore' in project 'Pods'
        ➜ Explicit dependency on target 'React-runtimeexecutor' in project 'Pods'
        ➜ Explicit dependency on target 'React-RuntimeHermes' in project 'Pods'
        ➜ Explicit dependency on target 'React-runtimescheduler' in project 'Pods'
        ➜ Explicit dependency on target 'React-utils' in project 'Pods'
        ➜ Explicit dependency on target 'ReactNativeDependencies' in project 'Pods'
    Target 'React-RuntimeHermes' in project 'Pods'
        ➜ Explicit dependency on target 'hermes-engine' in project 'Pods'
        ➜ Explicit dependency on target 'React-Core-prebuilt' in project 'Pods'
        ➜ Explicit dependency on target 'React-featureflags' in project 'Pods'
        ➜ Explicit dependency on target 'React-hermes' in project 'Pods'
        ➜ Explicit dependency on target 'React-jsi' in project 'Pods'
        ➜ Explicit dependency on target 'React-jsinspector' in project 'Pods'
        ➜ Explicit dependency on target 'React-jsinspectorcdp' in project 'Pods'
        ➜ Explicit dependency on target 'React-jsinspectortracing' in project 'Pods'
        ➜ Explicit dependency on target 'React-jsitooling' in project 'Pods'
        ➜ Explicit dependency on target 'React-jsitracing' in project 'Pods'
        ➜ Explicit dependency on target 'React-RuntimeCore' in project 'Pods'
        ➜ Explicit dependency on target 'React-runtimeexecutor' in project 'Pods'
        ➜ Explicit dependency on target 'React-utils' in project 'Pods'
        ➜ Explicit dependency on target 'ReactNativeDependencies' in project 'Pods'
    Target 'React-jsitracing' in project 'Pods'
        ➜ Explicit dependency on target 'React-jsi' in project 'Pods'
    Target 'React-RuntimeCore' in project 'Pods'
        ➜ Explicit dependency on target 'hermes-engine' in project 'Pods'
        ➜ Explicit dependency on target 'React-Core-prebuilt' in project 'Pods'
        ➜ Explicit dependency on target 'React-cxxreact' in project 'Pods'
        ➜ Explicit dependency on target 'React-Fabric' in project 'Pods'
        ➜ Explicit dependency on target 'React-featureflags' in project 'Pods'
        ➜ Explicit dependency on target 'React-jserrorhandler' in project 'Pods'
        ➜ Explicit dependency on target 'React-jsi' in project 'Pods'
        ➜ Explicit dependency on target 'React-jsiexecutor' in project 'Pods'
        ➜ Explicit dependency on target 'React-jsinspector' in project 'Pods'
        ➜ Explicit dependency on target 'React-jsitooling' in project 'Pods'
        ➜ Explicit dependency on target 'React-performancetimeline' in project 'Pods'
        ➜ Explicit dependency on target 'React-runtimeexecutor' in project 'Pods'
        ➜ Explicit dependency on target 'React-runtimescheduler' in project 'Pods'
        ➜ Explicit dependency on target 'React-utils' in project 'Pods'
        ➜ Explicit dependency on target 'ReactNativeDependencies' in project 'Pods'
    Target 'React-Mapbuffer' in project 'Pods'
        ➜ Explicit dependency on target 'React-Core-prebuilt' in project 'Pods'
        ➜ Explicit dependency on target 'React-debug' in project 'Pods'
        ➜ Explicit dependency on target 'ReactNativeDependencies' in project 'Pods'
    Target 'React-jserrorhandler' in project 'Pods'
        ➜ Explicit dependency on target 'hermes-engine' in project 'Pods'
        ➜ Explicit dependency on target 'React-Core-prebuilt' in project 'Pods'
        ➜ Explicit dependency on target 'React-cxxreact' in project 'Pods'
        ➜ Explicit dependency on target 'React-debug' in project 'Pods'
        ➜ Explicit dependency on target 'React-featureflags' in project 'Pods'
        ➜ Explicit dependency on target 'React-jsi' in project 'Pods'
        ➜ Explicit dependency on target 'ReactCommon' in project 'Pods'
        ➜ Explicit dependency on target 'ReactNativeDependencies' in project 'Pods'
    Target 'React-defaultsnativemodule' in project 'Pods'
        ➜ Explicit dependency on target 'hermes-engine' in project 'Pods'
        ➜ Explicit dependency on target 'React-Core-prebuilt' in project 'Pods'
        ➜ Explicit dependency on target 'React-domnativemodule' in project 'Pods'
        ➜ Explicit dependency on target 'React-featureflagsnativemodule' in project 'Pods'
        ➜ Explicit dependency on target 'React-idlecallbacksnativemodule' in project 'Pods'
        ➜ Explicit dependency on target 'React-jsi' in project 'Pods'
        ➜ Explicit dependency on target 'React-jsiexecutor' in project 'Pods'
        ➜ Explicit dependency on target 'React-microtasksnativemodule' in project 'Pods'
        ➜ Explicit dependency on target 'React-RCTFBReactNativeSpec' in project 'Pods'
        ➜ Explicit dependency on target 'ReactNativeDependencies' in project 'Pods'
    Target 'React-microtasksnativemodule' in project 'Pods'
        ➜ Explicit dependency on target 'hermes-engine' in project 'Pods'
        ➜ Explicit dependency on target 'React-Core-prebuilt' in project 'Pods'
        ➜ Explicit dependency on target 'React-jsi' in project 'Pods'
        ➜ Explicit dependency on target 'React-jsiexecutor' in project 'Pods'
        ➜ Explicit dependency on target 'React-RCTFBReactNativeSpec' in project 'Pods'
        ➜ Explicit dependency on target 'ReactCommon' in project 'Pods'
        ➜ Explicit dependency on target 'ReactNativeDependencies' in project 'Pods'
    Target 'React-idlecallbacksnativemodule' in project 'Pods'
        ➜ Explicit dependency on target 'hermes-engine' in project 'Pods'
        ➜ Explicit dependency on target 'React-Core-prebuilt' in project 'Pods'
        ➜ Explicit dependency on target 'React-jsi' in project 'Pods'
        ➜ Explicit dependency on target 'React-jsiexecutor' in project 'Pods'
        ➜ Explicit dependency on target 'React-RCTFBReactNativeSpec' in project 'Pods'
        ➜ Explicit dependency on target 'React-runtimeexecutor' in project 'Pods'
        ➜ Explicit dependency on target 'React-runtimescheduler' in project 'Pods'
        ➜ Explicit dependency on target 'ReactCommon' in project 'Pods'
        ➜ Explicit dependency on target 'ReactNativeDependencies' in project 'Pods'
    Target 'React-featureflagsnativemodule' in project 'Pods'
        ➜ Explicit dependency on target 'hermes-engine' in project 'Pods'
        ➜ Explicit dependency on target 'React-Core-prebuilt' in project 'Pods'
        ➜ Explicit dependency on target 'React-featureflags' in project 'Pods'
        ➜ Explicit dependency on target 'React-jsi' in project 'Pods'
        ➜ Explicit dependency on target 'React-jsiexecutor' in project 'Pods'
        ➜ Explicit dependency on target 'React-RCTFBReactNativeSpec' in project 'Pods'
        ➜ Explicit dependency on target 'ReactCommon' in project 'Pods'
        ➜ Explicit dependency on target 'ReactNativeDependencies' in project 'Pods'
    Target 'React-domnativemodule' in project 'Pods'
        ➜ Explicit dependency on target 'hermes-engine' in project 'Pods'
        ➜ Explicit dependency on target 'React-Core-prebuilt' in project 'Pods'
        ➜ Explicit dependency on target 'React-Fabric' in project 'Pods'
        ➜ Explicit dependency on target 'React-FabricComponents' in project 'Pods'
        ➜ Explicit dependency on target 'React-graphics' in project 'Pods'
        ➜ Explicit dependency on target 'React-jsi' in project 'Pods'
        ➜ Explicit dependency on target 'React-jsiexecutor' in project 'Pods'
        ➜ Explicit dependency on target 'React-RCTFBReactNativeSpec' in project 'Pods'
        ➜ Explicit dependency on target 'React-runtimeexecutor' in project 'Pods'
        ➜ Explicit dependency on target 'ReactCommon' in project 'Pods'
        ➜ Explicit dependency on target 'ReactNativeDependencies' in project 'Pods'
        ➜ Explicit dependency on target 'Yoga' in project 'Pods'
    Target 'React-CoreModules' in project 'Pods'
        ➜ Explicit dependency on target 'RCTTypeSafety' in project 'Pods'
        ➜ Explicit dependency on target 'React-Core' in project 'Pods'
        ➜ Explicit dependency on target 'React-Core-prebuilt' in project 'Pods'
        ➜ Explicit dependency on target 'React-jsi' in project 'Pods'
        ➜ Explicit dependency on target 'React-jsinspector' in project 'Pods'
        ➜ Explicit dependency on target 'React-jsinspectorcdp' in project 'Pods'
        ➜ Explicit dependency on target 'React-jsinspectortracing' in project 'Pods'
        ➜ Explicit dependency on target 'React-NativeModulesApple' in project 'Pods'
        ➜ Explicit dependency on target 'React-RCTBlob' in project 'Pods'
        ➜ Explicit dependency on target 'React-RCTFBReactNativeSpec' in project 'Pods'
        ➜ Explicit dependency on target 'React-RCTImage' in project 'Pods'
        ➜ Explicit dependency on target 'React-runtimeexecutor' in project 'Pods'
        ➜ Explicit dependency on target 'ReactCommon' in project 'Pods'
        ➜ Explicit dependency on target 'ReactNativeDependencies' in project 'Pods'
    Target 'React-RCTBlob' in project 'Pods'
        ➜ Explicit dependency on target 'hermes-engine' in project 'Pods'
        ➜ Explicit dependency on target 'React-Core' in project 'Pods'
        ➜ Explicit dependency on target 'React-Core-prebuilt' in project 'Pods'
        ➜ Explicit dependency on target 'React-jsi' in project 'Pods'
        ➜ Explicit dependency on target 'React-jsinspector' in project 'Pods'
        ➜ Explicit dependency on target 'React-jsinspectorcdp' in project 'Pods'
        ➜ Explicit dependency on target 'React-NativeModulesApple' in project 'Pods'
        ➜ Explicit dependency on target 'React-RCTFBReactNativeSpec' in project 'Pods'
        ➜ Explicit dependency on target 'React-RCTNetwork' in project 'Pods'
        ➜ Explicit dependency on target 'ReactCommon' in project 'Pods'
        ➜ Explicit dependency on target 'ReactNativeDependencies' in project 'Pods'
    Target 'React-RCTFabric' in project 'Pods'
        ➜ Explicit dependency on target 'hermes-engine' in project 'Pods'
        ➜ Explicit dependency on target 'React-Core' in project 'Pods'
        ➜ Explicit dependency on target 'React-Core-prebuilt' in project 'Pods'
        ➜ Explicit dependency on target 'React-debug' in project 'Pods'
        ➜ Explicit dependency on target 'React-Fabric' in project 'Pods'
        ➜ Explicit dependency on target 'React-FabricComponents' in project 'Pods'
        ➜ Explicit dependency on target 'React-FabricImage' in project 'Pods'
        ➜ Explicit dependency on target 'React-featureflags' in project 'Pods'
        ➜ Explicit dependency on target 'React-graphics' in project 'Pods'
        ➜ Explicit dependency on target 'React-ImageManager' in project 'Pods'
        ➜ Explicit dependency on target 'React-jsi' in project 'Pods'
        ➜ Explicit dependency on target 'React-jsinspector' in project 'Pods'
        ➜ Explicit dependency on target 'React-jsinspectorcdp' in project 'Pods'
        ➜ Explicit dependency on target 'React-jsinspectornetwork' in project 'Pods'
        ➜ Explicit dependency on target 'React-jsinspectortracing' in project 'Pods'
        ➜ Explicit dependency on target 'React-performancetimeline' in project 'Pods'
        ➜ Explicit dependency on target 'React-RCTAnimation' in project 'Pods'
        ➜ Explicit dependency on target 'React-RCTFBReactNativeSpec' in project 'Pods'
        ➜ Explicit dependency on target 'React-RCTImage' in project 'Pods'
        ➜ Explicit dependency on target 'React-RCTText' in project 'Pods'
        ➜ Explicit dependency on target 'React-rendererconsistency' in project 'Pods'
        ➜ Explicit dependency on target 'React-renderercss' in project 'Pods'
        ➜ Explicit dependency on target 'React-rendererdebug' in project 'Pods'
        ➜ Explicit dependency on target 'React-runtimeexecutor' in project 'Pods'
        ➜ Explicit dependency on target 'React-runtimescheduler' in project 'Pods'
        ➜ Explicit dependency on target 'React-utils' in project 'Pods'
        ➜ Explicit dependency on target 'ReactNativeDependencies' in project 'Pods'
        ➜ Explicit dependency on target 'Yoga' in project 'Pods'
    Target 'React-RCTText' in project 'Pods'
        ➜ Explicit dependency on target 'React-Core' in project 'Pods'
        ➜ Explicit dependency on target 'Yoga' in project 'Pods'
    Target 'React-RCTImage' in project 'Pods'
        ➜ Explicit dependency on target 'RCTTypeSafety' in project 'Pods'
        ➜ Explicit dependency on target 'React-Core' in project 'Pods'
        ➜ Explicit dependency on target 'React-Core-prebuilt' in project 'Pods'
        ➜ Explicit dependency on target 'React-jsi' in project 'Pods'
        ➜ Explicit dependency on target 'React-NativeModulesApple' in project 'Pods'
        ➜ Explicit dependency on target 'React-RCTFBReactNativeSpec' in project 'Pods'
        ➜ Explicit dependency on target 'React-RCTNetwork' in project 'Pods'
        ➜ Explicit dependency on target 'ReactCommon' in project 'Pods'
        ➜ Explicit dependency on target 'ReactNativeDependencies' in project 'Pods'
    Target 'React-RCTNetwork' in project 'Pods'
        ➜ Explicit dependency on target 'RCTTypeSafety' in project 'Pods'
        ➜ Explicit dependency on target 'React-Core' in project 'Pods'
        ➜ Explicit dependency on target 'React-Core-prebuilt' in project 'Pods'
        ➜ Explicit dependency on target 'React-featureflags' in project 'Pods'
        ➜ Explicit dependency on target 'React-jsi' in project 'Pods'
        ➜ Explicit dependency on target 'React-jsinspectorcdp' in project 'Pods'
        ➜ Explicit dependency on target 'React-jsinspectornetwork' in project 'Pods'
        ➜ Explicit dependency on target 'React-NativeModulesApple' in project 'Pods'
        ➜ Explicit dependency on target 'React-RCTFBReactNativeSpec' in project 'Pods'
        ➜ Explicit dependency on target 'ReactCommon' in project 'Pods'
        ➜ Explicit dependency on target 'ReactNativeDependencies' in project 'Pods'
    Target 'React-RCTAnimation' in project 'Pods'
        ➜ Explicit dependency on target 'RCTTypeSafety' in project 'Pods'
        ➜ Explicit dependency on target 'React-Core' in project 'Pods'
        ➜ Explicit dependency on target 'React-Core-prebuilt' in project 'Pods'
        ➜ Explicit dependency on target 'React-featureflags' in project 'Pods'
        ➜ Explicit dependency on target 'React-jsi' in project 'Pods'
        ➜ Explicit dependency on target 'React-NativeModulesApple' in project 'Pods'
        ➜ Explicit dependency on target 'React-RCTFBReactNativeSpec' in project 'Pods'
        ➜ Explicit dependency on target 'ReactCommon' in project 'Pods'
        ➜ Explicit dependency on target 'ReactNativeDependencies' in project 'Pods'
    Target 'React-FabricImage' in project 'Pods'
        ➜ Explicit dependency on target 'hermes-engine' in project 'Pods'
        ➜ Explicit dependency on target 'RCTRequired' in project 'Pods'
        ➜ Explicit dependency on target 'RCTTypeSafety' in project 'Pods'
        ➜ Explicit dependency on target 'React-Core-prebuilt' in project 'Pods'
        ➜ Explicit dependency on target 'React-Fabric' in project 'Pods'
        ➜ Explicit dependency on target 'React-featureflags' in project 'Pods'
        ➜ Explicit dependency on target 'React-graphics' in project 'Pods'
        ➜ Explicit dependency on target 'React-ImageManager' in project 'Pods'
        ➜ Explicit dependency on target 'React-jsi' in project 'Pods'
        ➜ Explicit dependency on target 'React-jsiexecutor' in project 'Pods'
        ➜ Explicit dependency on target 'React-logger' in project 'Pods'
        ➜ Explicit dependency on target 'React-rendererdebug' in project 'Pods'
        ➜ Explicit dependency on target 'React-utils' in project 'Pods'
        ➜ Explicit dependency on target 'ReactCommon' in project 'Pods'
        ➜ Explicit dependency on target 'ReactNativeDependencies' in project 'Pods'
        ➜ Explicit dependency on target 'Yoga' in project 'Pods'
    Target 'React-FabricComponents' in project 'Pods'
        ➜ Explicit dependency on target 'hermes-engine' in project 'Pods'
        ➜ Explicit dependency on target 'RCTRequired' in project 'Pods'
        ➜ Explicit dependency on target 'RCTTypeSafety' in project 'Pods'
        ➜ Explicit dependency on target 'React-Core' in project 'Pods'
        ➜ Explicit dependency on target 'React-Core-prebuilt' in project 'Pods'
        ➜ Explicit dependency on target 'React-cxxreact' in project 'Pods'
        ➜ Explicit dependency on target 'React-debug' in project 'Pods'
        ➜ Explicit dependency on target 'React-Fabric' in project 'Pods'
        ➜ Explicit dependency on target 'React-featureflags' in project 'Pods'
        ➜ Explicit dependency on target 'React-graphics' in project 'Pods'
        ➜ Explicit dependency on target 'React-jsi' in project 'Pods'
        ➜ Explicit dependency on target 'React-jsiexecutor' in project 'Pods'
        ➜ Explicit dependency on target 'React-logger' in project 'Pods'
        ➜ Explicit dependency on target 'React-RCTFBReactNativeSpec' in project 'Pods'
        ➜ Explicit dependency on target 'React-rendererdebug' in project 'Pods'
        ➜ Explicit dependency on target 'React-runtimescheduler' in project 'Pods'
        ➜ Explicit dependency on target 'React-utils' in project 'Pods'
        ➜ Explicit dependency on target 'ReactCommon' in project 'Pods'
        ➜ Explicit dependency on target 'ReactNativeDependencies' in project 'Pods'
        ➜ Explicit dependency on target 'Yoga' in project 'Pods'
    Target 'React-RCTFBReactNativeSpec' in project 'Pods'
        ➜ Explicit dependency on target 'hermes-engine' in project 'Pods'
        ➜ Explicit dependency on target 'RCTRequired' in project 'Pods'
        ➜ Explicit dependency on target 'RCTTypeSafety' in project 'Pods'
        ➜ Explicit dependency on target 'React-Core' in project 'Pods'
        ➜ Explicit dependency on target 'React-Core-prebuilt' in project 'Pods'
        ➜ Explicit dependency on target 'React-debug' in project 'Pods'
        ➜ Explicit dependency on target 'React-Fabric' in project 'Pods'
        ➜ Explicit dependency on target 'React-featureflags' in project 'Pods'
        ➜ Explicit dependency on target 'React-graphics' in project 'Pods'
        ➜ Explicit dependency on target 'React-jsi' in project 'Pods'
        ➜ Explicit dependency on target 'React-NativeModulesApple' in project 'Pods'
        ➜ Explicit dependency on target 'React-rendererdebug' in project 'Pods'
        ➜ Explicit dependency on target 'React-utils' in project 'Pods'
        ➜ Explicit dependency on target 'ReactCommon' in project 'Pods'
        ➜ Explicit dependency on target 'ReactNativeDependencies' in project 'Pods'
        ➜ Explicit dependency on target 'Yoga' in project 'Pods'
    Target 'React-NativeModulesApple' in project 'Pods'
        ➜ Explicit dependency on target 'hermes-engine' in project 'Pods'
        ➜ Explicit dependency on target 'React-callinvoker' in project 'Pods'
        ➜ Explicit dependency on target 'React-Core' in project 'Pods'
        ➜ Explicit dependency on target 'React-Core-prebuilt' in project 'Pods'
        ➜ Explicit dependency on target 'React-cxxreact' in project 'Pods'
        ➜ Explicit dependency on target 'React-featureflags' in project 'Pods'
        ➜ Explicit dependency on target 'React-jsi' in project 'Pods'
        ➜ Explicit dependency on target 'React-jsinspector' in project 'Pods'
        ➜ Explicit dependency on target 'React-jsinspectorcdp' in project 'Pods'
        ➜ Explicit dependency on target 'React-runtimeexecutor' in project 'Pods'
        ➜ Explicit dependency on target 'ReactCommon' in project 'Pods'
        ➜ Explicit dependency on target 'ReactNativeDependencies' in project 'Pods'
    Target 'React-ImageManager' in project 'Pods'
        ➜ Explicit dependency on target 'React-Core' in project 'Pods'
        ➜ Explicit dependency on target 'React-Core-prebuilt' in project 'Pods'
        ➜ Explicit dependency on target 'React-debug' in project 'Pods'
        ➜ Explicit dependency on target 'React-Fabric' in project 'Pods'
        ➜ Explicit dependency on target 'React-graphics' in project 'Pods'
        ➜ Explicit dependency on target 'React-rendererdebug' in project 'Pods'
        ➜ Explicit dependency on target 'React-utils' in project 'Pods'
        ➜ Explicit dependency on target 'ReactNativeDependencies' in project 'Pods'
    Target 'React-Fabric' in project 'Pods'
        ➜ Explicit dependency on target 'hermes-engine' in project 'Pods'
        ➜ Explicit dependency on target 'RCTRequired' in project 'Pods'
        ➜ Explicit dependency on target 'RCTTypeSafety' in project 'Pods'
        ➜ Explicit dependency on target 'React-Core' in project 'Pods'
        ➜ Explicit dependency on target 'React-Core-prebuilt' in project 'Pods'
        ➜ Explicit dependency on target 'React-cxxreact' in project 'Pods'
        ➜ Explicit dependency on target 'React-debug' in project 'Pods'
        ➜ Explicit dependency on target 'React-featureflags' in project 'Pods'
        ➜ Explicit dependency on target 'React-graphics' in project 'Pods'
        ➜ Explicit dependency on target 'React-jsi' in project 'Pods'
        ➜ Explicit dependency on target 'React-jsiexecutor' in project 'Pods'
        ➜ Explicit dependency on target 'React-logger' in project 'Pods'
        ➜ Explicit dependency on target 'React-performancetimeline' in project 'Pods'
        ➜ Explicit dependency on target 'React-rendererconsistency' in project 'Pods'
        ➜ Explicit dependency on target 'React-renderercss' in project 'Pods'
        ➜ Explicit dependency on target 'React-rendererdebug' in project 'Pods'
        ➜ Explicit dependency on target 'React-runtimeexecutor' in project 'Pods'
        ➜ Explicit dependency on target 'React-runtimescheduler' in project 'Pods'
        ➜ Explicit dependency on target 'React-utils' in project 'Pods'
        ➜ Explicit dependency on target 'ReactCommon' in project 'Pods'
        ➜ Explicit dependency on target 'ReactNativeDependencies' in project 'Pods'
        ➜ Explicit dependency on target 'Yoga' in project 'Pods'
    Target 'ReactCommon' in project 'Pods'
        ➜ Explicit dependency on target 'hermes-engine' in project 'Pods'
        ➜ Explicit dependency on target 'React-callinvoker' in project 'Pods'
        ➜ Explicit dependency on target 'React-Core-prebuilt' in project 'Pods'
        ➜ Explicit dependency on target 'React-cxxreact' in project 'Pods'
        ➜ Explicit dependency on target 'React-debug' in project 'Pods'
        ➜ Explicit dependency on target 'React-featureflags' in project 'Pods'
        ➜ Explicit dependency on target 'React-jsi' in project 'Pods'
        ➜ Explicit dependency on target 'React-logger' in project 'Pods'
        ➜ Explicit dependency on target 'React-perflogger' in project 'Pods'
        ➜ Explicit dependency on target 'React-utils' in project 'Pods'
        ➜ Explicit dependency on target 'ReactNativeDependencies' in project 'Pods'
    Target 'React-renderercss' in project 'Pods'
        ➜ Explicit dependency on target 'React-debug' in project 'Pods'
        ➜ Explicit dependency on target 'React-utils' in project 'Pods'
    Target 'React-graphics' in project 'Pods'
        ➜ Explicit dependency on target 'hermes-engine' in project 'Pods'
        ➜ Explicit dependency on target 'React-Core-prebuilt' in project 'Pods'
        ➜ Explicit dependency on target 'React-jsi' in project 'Pods'
        ➜ Explicit dependency on target 'React-jsiexecutor' in project 'Pods'
        ➜ Explicit dependency on target 'React-utils' in project 'Pods'
        ➜ Explicit dependency on target 'ReactNativeDependencies' in project 'Pods'
    Target 'RCTTypeSafety' in project 'Pods'
        ➜ Explicit dependency on target 'FBLazyVector' in project 'Pods'
        ➜ Explicit dependency on target 'RCTRequired' in project 'Pods'
        ➜ Explicit dependency on target 'React-Core' in project 'Pods'
    Target 'React-Core' in project 'Pods'
        ➜ Explicit dependency on target 'hermes-engine' in project 'Pods'
        ➜ Explicit dependency on target 'RCTDeprecation' in project 'Pods'
        ➜ Explicit dependency on target 'React-Core-prebuilt' in project 'Pods'
        ➜ Explicit dependency on target 'React-Core-React-Core_privacy' in project 'Pods'
        ➜ Explicit dependency on target 'React-cxxreact' in project 'Pods'
        ➜ Explicit dependency on target 'React-featureflags' in project 'Pods'
        ➜ Explicit dependency on target 'React-hermes' in project 'Pods'
        ➜ Explicit dependency on target 'React-jsi' in project 'Pods'
        ➜ Explicit dependency on target 'React-jsiexecutor' in project 'Pods'
        ➜ Explicit dependency on target 'React-jsinspector' in project 'Pods'
        ➜ Explicit dependency on target 'React-jsinspectorcdp' in project 'Pods'
        ➜ Explicit dependency on target 'React-jsitooling' in project 'Pods'
        ➜ Explicit dependency on target 'React-perflogger' in project 'Pods'
        ➜ Explicit dependency on target 'React-runtimeexecutor' in project 'Pods'
        ➜ Explicit dependency on target 'React-runtimescheduler' in project 'Pods'
        ➜ Explicit dependency on target 'React-utils' in project 'Pods'
        ➜ Explicit dependency on target 'ReactNativeDependencies' in project 'Pods'
        ➜ Explicit dependency on target 'Yoga' in project 'Pods'
    Target 'Yoga' in project 'Pods' (no dependencies)
    Target 'React-runtimescheduler' in project 'Pods'
        ➜ Explicit dependency on target 'hermes-engine' in project 'Pods'
        ➜ Explicit dependency on target 'React-callinvoker' in project 'Pods'
        ➜ Explicit dependency on target 'React-Core-prebuilt' in project 'Pods'
        ➜ Explicit dependency on target 'React-cxxreact' in project 'Pods'
        ➜ Explicit dependency on target 'React-debug' in project 'Pods'
        ➜ Explicit dependency on target 'React-featureflags' in project 'Pods'
        ➜ Explicit dependency on target 'React-jsi' in project 'Pods'
        ➜ Explicit dependency on target 'React-jsinspectortracing' in project 'Pods'
        ➜ Explicit dependency on target 'React-performancetimeline' in project 'Pods'
        ➜ Explicit dependency on target 'React-rendererconsistency' in project 'Pods'
        ➜ Explicit dependency on target 'React-rendererdebug' in project 'Pods'
        ➜ Explicit dependency on target 'React-runtimeexecutor' in project 'Pods'
        ➜ Explicit dependency on target 'React-timing' in project 'Pods'
        ➜ Explicit dependency on target 'React-utils' in project 'Pods'
        ➜ Explicit dependency on target 'ReactNativeDependencies' in project 'Pods'
    Target 'React-rendererdebug' in project 'Pods'
        ➜ Explicit dependency on target 'React-Core-prebuilt' in project 'Pods'
        ➜ Explicit dependency on target 'React-debug' in project 'Pods'
        ➜ Explicit dependency on target 'ReactNativeDependencies' in project 'Pods'
    Target 'React-rendererconsistency' in project 'Pods' (no dependencies)
    Target 'React-jsitooling' in project 'Pods'
        ➜ Explicit dependency on target 'React-Core-prebuilt' in project 'Pods'
        ➜ Explicit dependency on target 'React-cxxreact' in project 'Pods'
        ➜ Explicit dependency on target 'React-jsi' in project 'Pods'
        ➜ Explicit dependency on target 'React-jsinspector' in project 'Pods'
        ➜ Explicit dependency on target 'React-jsinspectorcdp' in project 'Pods'
        ➜ Explicit dependency on target 'React-jsinspectortracing' in project 'Pods'
        ➜ Explicit dependency on target 'React-runtimeexecutor' in project 'Pods'
        ➜ Explicit dependency on target 'ReactNativeDependencies' in project 'Pods'
    Target 'React-hermes' in project 'Pods'
        ➜ Explicit dependency on target 'hermes-engine' in project 'Pods'
        ➜ Explicit dependency on target 'React-Core-prebuilt' in project 'Pods'
        ➜ Explicit dependency on target 'React-cxxreact' in project 'Pods'
        ➜ Explicit dependency on target 'React-jsi' in project 'Pods'
        ➜ Explicit dependency on target 'React-jsiexecutor' in project 'Pods'
        ➜ Explicit dependency on target 'React-jsinspector' in project 'Pods'
        ➜ Explicit dependency on target 'React-jsinspectorcdp' in project 'Pods'
        ➜ Explicit dependency on target 'React-jsinspectortracing' in project 'Pods'
        ➜ Explicit dependency on target 'React-perflogger' in project 'Pods'
        ➜ Explicit dependency on target 'React-runtimeexecutor' in project 'Pods'
        ➜ Explicit dependency on target 'ReactNativeDependencies' in project 'Pods'
    Target 'React-jsiexecutor' in project 'Pods'
        ➜ Explicit dependency on target 'hermes-engine' in project 'Pods'
        ➜ Explicit dependency on target 'React-Core-prebuilt' in project 'Pods'
        ➜ Explicit dependency on target 'React-cxxreact' in project 'Pods'
        ➜ Explicit dependency on target 'React-jsi' in project 'Pods'
        ➜ Explicit dependency on target 'React-jsinspector' in project 'Pods'
        ➜ Explicit dependency on target 'React-jsinspectorcdp' in project 'Pods'
        ➜ Explicit dependency on target 'React-jsinspectortracing' in project 'Pods'
        ➜ Explicit dependency on target 'React-perflogger' in project 'Pods'
        ➜ Explicit dependency on target 'React-runtimeexecutor' in project 'Pods'
        ➜ Explicit dependency on target 'ReactNativeDependencies' in project 'Pods'
    Target 'React-cxxreact' in project 'Pods'
        ➜ Explicit dependency on target 'hermes-engine' in project 'Pods'
        ➜ Explicit dependency on target 'React-callinvoker' in project 'Pods'
        ➜ Explicit dependency on target 'React-Core-prebuilt' in project 'Pods'
        ➜ Explicit dependency on target 'React-cxxreact-React-cxxreact_privacy' in project 'Pods'
        ➜ Explicit dependency on target 'React-debug' in project 'Pods'
        ➜ Explicit dependency on target 'React-jsi' in project 'Pods'
        ➜ Explicit dependency on target 'React-jsinspector' in project 'Pods'
        ➜ Explicit dependency on target 'React-jsinspectorcdp' in project 'Pods'
        ➜ Explicit dependency on target 'React-jsinspectortracing' in project 'Pods'
        ➜ Explicit dependency on target 'React-logger' in project 'Pods'
        ➜ Explicit dependency on target 'React-perflogger' in project 'Pods'
        ➜ Explicit dependency on target 'React-runtimeexecutor' in project 'Pods'
        ➜ Explicit dependency on target 'React-timing' in project 'Pods'
        ➜ Explicit dependency on target 'ReactNativeDependencies' in project 'Pods'
    Target 'React-logger' in project 'Pods'
        ➜ Explicit dependency on target 'React-Core-prebuilt' in project 'Pods'
        ➜ Explicit dependency on target 'ReactNativeDependencies' in project 'Pods'
    Target 'React-jsinspector' in project 'Pods'
        ➜ Explicit dependency on target 'hermes-engine' in project 'Pods'
        ➜ Explicit dependency on target 'React-Core-prebuilt' in project 'Pods'
        ➜ Explicit dependency on target 'React-featureflags' in project 'Pods'
        ➜ Explicit dependency on target 'React-jsi' in project 'Pods'
        ➜ Explicit dependency on target 'React-jsinspectorcdp' in project 'Pods'
        ➜ Explicit dependency on target 'React-jsinspectornetwork' in project 'Pods'
        ➜ Explicit dependency on target 'React-jsinspectortracing' in project 'Pods'
        ➜ Explicit dependency on target 'React-oscompat' in project 'Pods'
        ➜ Explicit dependency on target 'React-perflogger' in project 'Pods'
        ➜ Explicit dependency on target 'React-runtimeexecutor' in project 'Pods'
        ➜ Explicit dependency on target 'ReactNativeDependencies' in project 'Pods'
    Target 'React-runtimeexecutor' in project 'Pods'
        ➜ Explicit dependency on target 'React-Core-prebuilt' in project 'Pods'
        ➜ Explicit dependency on target 'React-debug' in project 'Pods'
        ➜ Explicit dependency on target 'React-featureflags' in project 'Pods'
        ➜ Explicit dependency on target 'React-jsi' in project 'Pods'
        ➜ Explicit dependency on target 'React-utils' in project 'Pods'
        ➜ Explicit dependency on target 'ReactNativeDependencies' in project 'Pods'
    Target 'React-utils' in project 'Pods'
        ➜ Explicit dependency on target 'hermes-engine' in project 'Pods'
        ➜ Explicit dependency on target 'React-Core-prebuilt' in project 'Pods'
        ➜ Explicit dependency on target 'React-debug' in project 'Pods'
        ➜ Explicit dependency on target 'React-jsi' in project 'Pods'
        ➜ Explicit dependency on target 'ReactNativeDependencies' in project 'Pods'
    Target 'React-jsinspectornetwork' in project 'Pods'
        ➜ Explicit dependency on target 'React-Core-prebuilt' in project 'Pods'
        ➜ Explicit dependency on target 'React-featureflags' in project 'Pods'
        ➜ Explicit dependency on target 'React-jsinspectorcdp' in project 'Pods'
        ➜ Explicit dependency on target 'React-performancetimeline' in project 'Pods'
        ➜ Explicit dependency on target 'React-timing' in project 'Pods'
        ➜ Explicit dependency on target 'ReactNativeDependencies' in project 'Pods'
    Target 'React-performancetimeline' in project 'Pods'
        ➜ Explicit dependency on target 'React-Core-prebuilt' in project 'Pods'
        ➜ Explicit dependency on target 'React-featureflags' in project 'Pods'
        ➜ Explicit dependency on target 'React-jsinspectortracing' in project 'Pods'
        ➜ Explicit dependency on target 'React-perflogger' in project 'Pods'
        ➜ Explicit dependency on target 'React-timing' in project 'Pods'
        ➜ Explicit dependency on target 'ReactNativeDependencies' in project 'Pods'
    Target 'React-perflogger' in project 'Pods'
        ➜ Explicit dependency on target 'React-Core-prebuilt' in project 'Pods'
        ➜ Explicit dependency on target 'ReactNativeDependencies' in project 'Pods'
    Target 'React-jsinspectortracing' in project 'Pods'
        ➜ Explicit dependency on target 'React-Core-prebuilt' in project 'Pods'
        ➜ Explicit dependency on target 'React-oscompat' in project 'Pods'
        ➜ Explicit dependency on target 'React-timing' in project 'Pods'
        ➜ Explicit dependency on target 'ReactNativeDependencies' in project 'Pods'
    Target 'React-timing' in project 'Pods'
        ➜ Explicit dependency on target 'React-debug' in project 'Pods'
    Target 'React-oscompat' in project 'Pods' (no dependencies)
    Target 'React-jsinspectorcdp' in project 'Pods'
        ➜ Explicit dependency on target 'React-Core-prebuilt' in project 'Pods'
        ➜ Explicit dependency on target 'ReactNativeDependencies' in project 'Pods'
    Target 'React-featureflags' in project 'Pods'
        ➜ Explicit dependency on target 'React-Core-prebuilt' in project 'Pods'
        ➜ Explicit dependency on target 'ReactNativeDependencies' in project 'Pods'
    Target 'React-jsi' in project 'Pods'
        ➜ Explicit dependency on target 'hermes-engine' in project 'Pods'
        ➜ Explicit dependency on target 'React-Core-prebuilt' in project 'Pods'
        ➜ Explicit dependency on target 'ReactNativeDependencies' in project 'Pods'
    Target 'React-debug' in project 'Pods' (no dependencies)
    Target 'React-cxxreact-React-cxxreact_privacy' in project 'Pods' (no dependencies)
    Target 'React-callinvoker' in project 'Pods' (no dependencies)
    Target 'React-Core-React-Core_privacy' in project 'Pods' (no dependencies)
    Target 'React-Core-prebuilt' in project 'Pods'
        ➜ Explicit dependency on target 'ReactNativeDependencies' in project 'Pods'
    Target 'ReactNativeDependencies' in project 'Pods' (no dependencies)
    Target 'RCTDeprecation' in project 'Pods' (no dependencies)
    Target 'hermes-engine' in project 'Pods' (no dependencies)
    Target 'FBLazyVector' in project 'Pods' (no dependencies)
    Target 'RCTRequired' in project 'Pods' (no dependencies)

GatherProvisioningInputs

CreateBuildDescription

ExecuteExternalTool /Applications/Xcode.app/Contents/Developer/Toolchains/XcodeDefault.xctoolchain/usr/bin/clang -v -E -dM -isysroot /Applications/Xcode.app/Contents/Developer/Platforms/iPhoneSimulator.platform/Developer/SDKs/iPhoneSimulator26.2.sdk -x c -c /dev/null

ExecuteExternalTool /Applications/Xcode.app/Contents/Developer/Toolchains/XcodeDefault.xctoolchain/usr/bin/clang -v -E -dM -arch arm64 -isysroot /Applications/Xcode.app/Contents/Developer/Platforms/iPhoneSimulator.platform/Developer/SDKs/iPhoneSimulator26.2.sdk -x c -c /dev/null

ExecuteExternalTool /Applications/Xcode.app/Contents/Developer/Toolchains/XcodeDefault.xctoolchain/usr/bin/clang -v -E -dM -arch arm64 -isysroot /Applications/Xcode.app/Contents/Developer/Platforms/iPhoneSimulator.platform/Developer/SDKs/iPhoneSimulator26.2.sdk -x objective-c -c /dev/null

ExecuteExternalTool /Applications/Xcode.app/Contents/Developer/Toolchains/XcodeDefault.xctoolchain/usr/bin/clang -v -E -dM -arch arm64 -isysroot /Applications/Xcode.app/Contents/Developer/Platforms/iPhoneSimulator.platform/Developer/SDKs/iPhoneSimulator26.2.sdk -x objective-c++ -c /dev/null

ExecuteExternalTool /Applications/Xcode.app/Contents/Developer/Toolchains/XcodeDefault.xctoolchain/usr/bin/clang -v -E -dM -arch arm64 -isysroot /Applications/Xcode.app/Contents/Developer/Platforms/iPhoneSimulator.platform/Developer/SDKs/iPhoneSimulator26.2.sdk -x c++ -c /dev/null

ExecuteExternalTool /Applications/Xcode.app/Contents/Developer/Toolchains/XcodeDefault.xctoolchain/usr/bin/swiftc --version

ExecuteExternalTool /Applications/Xcode.app/Contents/Developer/Toolchains/XcodeDefault.xctoolchain/usr/bin/libtool -V

ExecuteExternalTool /Applications/Xcode.app/Contents/Developer/Toolchains/XcodeDefault.xctoolchain/usr/bin/clang -v -E -dM -arch arm64 -isysroot /Applications/Xcode.app/Contents/Developer/Platforms/iPhoneSimulator.platform/Developer/SDKs/iPhoneSimulator26.2.sdk -x assembler-with-cpp -c /dev/null

ExecuteExternalTool /Applications/Xcode.app/Contents/Developer/usr/bin/actool --version --output-format xml1

ExecuteExternalTool /Applications/Xcode.app/Contents/Developer/usr/bin/ibtool --version --output-format xml1

ExecuteExternalTool /Applications/Xcode.app/Contents/Developer/usr/bin/actool --print-asset-tag-combinations --output-format xml1 /Users/mac/Baci-app/apps/mobile-storefront/ios/Ogabassey/Images.xcassets

ExecuteExternalTool /Applications/Xcode.app/Contents/Developer/Toolchains/XcodeDefault.xctoolchain/usr/bin/clang -v -E -dM -arch x86_64 -isysroot /Applications/Xcode.app/Contents/Developer/Platforms/iPhoneSimulator.platform/Developer/SDKs/iPhoneSimulator26.2.sdk -x objective-c++ -c /dev/null

ExecuteExternalTool /Applications/Xcode.app/Contents/Developer/Toolchains/XcodeDefault.xctoolchain/usr/bin/clang -v -E -dM -arch x86_64 -isysroot /Applications/Xcode.app/Contents/Developer/Platforms/iPhoneSimulator.platform/Developer/SDKs/iPhoneSimulator26.2.sdk -x c -c /dev/null

ExecuteExternalTool /Applications/Xcode.app/Contents/Developer/Toolchains/XcodeDefault.xctoolchain/usr/bin/clang -v -E -dM -arch x86_64 -isysroot /Applications/Xcode.app/Contents/Developer/Platforms/iPhoneSimulator.platform/Developer/SDKs/iPhoneSimulator26.2.sdk -x objective-c -c /dev/null

ExecuteExternalTool /Applications/Xcode.app/Contents/Developer/Toolchains/XcodeDefault.xctoolchain/usr/bin/clang -v -E -dM -arch x86_64 -isysroot /Applications/Xcode.app/Contents/Developer/Platforms/iPhoneSimulator.platform/Developer/SDKs/iPhoneSimulator26.2.sdk -x c++ -c /dev/null

ExecuteExternalTool /Applications/Xcode.app/Contents/Developer/Toolchains/XcodeDefault.xctoolchain/usr/bin/clang -v -E -dM -arch x86_64 -isysroot /Applications/Xcode.app/Contents/Developer/Platforms/iPhoneSimulator.platform/Developer/SDKs/iPhoneSimulator26.2.sdk -x assembler-with-cpp -c /dev/null

ExecuteExternalTool /Applications/Xcode.app/Contents/Developer/Toolchains/XcodeDefault.xctoolchain/usr/bin/ld -version_details

Build description signature: 52de6ecfa11e2ba454c51bb4eef31d66
Build description path: /Users/mac/Library/Developer/Xcode/DerivedData/Ogabassey-blqylevdfkkrazffwgxycstpmcto/Build/Intermediates.noindex/XCBuildData/52de6ecfa11e2ba454c51bb4eef31d66.xcbuilddata
ClangStatCache /Applications/Xcode.app/Contents/Developer/Toolchains/XcodeDefault.xctoolchain/usr/bin/clang-stat-cache /Applications/Xcode.app/Contents/Developer/Platforms/iPhoneSimulator.platform/Developer/SDKs/iPhoneSimulator26.2.sdk /Users/mac/Library/Developer/Xcode/DerivedData/SDKStatCaches.noindex/iphonesimulator26.2-23C53-7d00a8b37fbd7999ea79df8ebc024bf0.sdkstatcache
    cd /Users/mac/Baci-app/apps/mobile-storefront/ios
    /Applications/Xcode.app/Contents/Developer/Toolchains/XcodeDefault.xctoolchain/usr/bin/clang-stat-cache /Applications/Xcode.app/Contents/Developer/Platforms/iPhoneSimulator.platform/Developer/SDKs/iPhoneSimulator26.2.sdk -o /Users/mac/Library/Developer/Xcode/DerivedData/SDKStatCaches.noindex/iphonesimulator26.2-23C53-7d00a8b37fbd7999ea79df8ebc024bf0.sdkstatcache

CreateBuildDirectory /Users/mac/Library/Developer/Xcode/DerivedData/Ogabassey-blqylevdfkkrazffwgxycstpmcto/Build/Intermediates.noindex
    cd /Users/mac/Baci-app/apps/mobile-storefront/ios
    builtin-create-build-directory /Users/mac/Library/Developer/Xcode/DerivedData/Ogabassey-blqylevdfkkrazffwgxycstpmcto/Build/Intermediates.noindex

CreateBuildDirectory /Users/mac/Library/Developer/Xcode/DerivedData/Ogabassey-blqylevdfkkrazffwgxycstpmcto/Build/Products
    cd /Users/mac/Baci-app/apps/mobile-storefront/ios
    builtin-create-build-directory /Users/mac/Library/Developer/Xcode/DerivedData/Ogabassey-blqylevdfkkrazffwgxycstpmcto/Build/Products

WriteAuxiliaryFile /Users/mac/Library/Developer/Xcode/DerivedData/Ogabassey-blqylevdfkkrazffwgxycstpmcto/Build/Intermediates.noindex/Pods.build/Debug-iphonesimulator/Pods-8699adb1dd336b26511df848a716bd42-VFS-iphonesimulator/all-product-headers.yaml
    cd /Users/mac/Baci-app/apps/mobile-storefront/ios
    write-file /Users/mac/Library/Developer/Xcode/DerivedData/Ogabassey-blqylevdfkkrazffwgxycstpmcto/Build/Intermediates.noindex/Pods.build/Debug-iphonesimulator/Pods-8699adb1dd336b26511df848a716bd42-VFS-iphonesimulator/all-product-headers.yaml

WriteAuxiliaryFile /Users/mac/Library/Developer/Xcode/DerivedData/Ogabassey-blqylevdfkkrazffwgxycstpmcto/Build/Intermediates.noindex/Ogabassey.build/Debug-iphonesimulator/Ogabassey-d34ca1bc2349e6ecd487579c27f859fa-VFS-iphonesimulator/all-product-headers.yaml
    cd /Users/mac/Baci-app/apps/mobile-storefront/ios
    write-file /Users/mac/Library/Developer/Xcode/DerivedData/Ogabassey-blqylevdfkkrazffwgxycstpmcto/Build/Intermediates.noindex/Ogabassey.build/Debug-iphonesimulator/Ogabassey-d34ca1bc2349e6ecd487579c27f859fa-VFS-iphonesimulator/all-product-headers.yaml

CreateBuildDirectory /Users/mac/Library/Developer/Xcode/DerivedData/Ogabassey-blqylevdfkkrazffwgxycstpmcto/Build/Products/Debug-iphonesimulator
    cd /Users/mac/Baci-app/apps/mobile-storefront/ios
    builtin-create-build-directory /Users/mac/Library/Developer/Xcode/DerivedData/Ogabassey-blqylevdfkkrazffwgxycstpmcto/Build/Products/Debug-iphonesimulator

CreateBuildDirectory /Users/mac/Library/Developer/Xcode/DerivedData/Ogabassey-blqylevdfkkrazffwgxycstpmcto/Build/Intermediates.noindex/SwiftExplicitPrecompiledModules
    cd /Users/mac/Baci-app/apps/mobile-storefront/ios
    builtin-create-build-directory /Users/mac/Library/Developer/Xcode/DerivedData/Ogabassey-blqylevdfkkrazffwgxycstpmcto/Build/Intermediates.noindex/SwiftExplicitPrecompiledModules

CreateBuildDirectory /Users/mac/Library/Developer/Xcode/DerivedData/Ogabassey-blqylevdfkkrazffwgxycstpmcto/Build/Intermediates.noindex/ExplicitPrecompiledModules
    cd /Users/mac/Baci-app/apps/mobile-storefront/ios
    builtin-create-build-directory /Users/mac/Library/Developer/Xcode/DerivedData/Ogabassey-blqylevdfkkrazffwgxycstpmcto/Build/Intermediates.noindex/ExplicitPrecompiledModules

CreateBuildDirectory /Users/mac/Library/Developer/Xcode/DerivedData/Ogabassey-blqylevdfkkrazffwgxycstpmcto/Build/Intermediates.noindex/EagerLinkingTBDs/Debug-iphonesimulator
    cd /Users/mac/Baci-app/apps/mobile-storefront/ios
    builtin-create-build-directory /Users/mac/Library/Developer/Xcode/DerivedData/Ogabassey-blqylevdfkkrazffwgxycstpmcto/Build/Intermediates.noindex/EagerLinkingTBDs/Debug-iphonesimulator

WriteAuxiliaryFile /Users/mac/Library/Developer/Xcode/DerivedData/Ogabassey-blqylevdfkkrazffwgxycstpmcto/Build/Intermediates.noindex/Pods.build/Debug-iphonesimulator/hermes-engine.build/Script-46EB2E00036190.sh (in target 'hermes-engine' from project 'Pods')
    cd /Users/mac/Baci-app/apps/mobile-storefront/ios/Pods
    write-file /Users/mac/Library/Developer/Xcode/DerivedData/Ogabassey-blqylevdfkkrazffwgxycstpmcto/Build/Intermediates.noindex/Pods.build/Debug-iphonesimulator/hermes-engine.build/Script-46EB2E00036190.sh

WriteAuxiliaryFile /Users/mac/Library/Developer/Xcode/DerivedData/Ogabassey-blqylevdfkkrazffwgxycstpmcto/Build/Intermediates.noindex/Pods.build/Debug-iphonesimulator/hermes-engine.build/OutputFileList-46EB2E00036190-hermes-engine-xcframeworks-output-files-80d7ef0e6a0acabd614beba2eb24a467-resolved.xcfilelist (in target 'hermes-engine' from project 'Pods')
    cd /Users/mac/Baci-app/apps/mobile-storefront/ios/Pods
    write-file /Users/mac/Library/Developer/Xcode/DerivedData/Ogabassey-blqylevdfkkrazffwgxycstpmcto/Build/Intermediates.noindex/Pods.build/Debug-iphonesimulator/hermes-engine.build/OutputFileList-46EB2E00036190-hermes-engine-xcframeworks-output-files-80d7ef0e6a0acabd614beba2eb24a467-resolved.xcfilelist

WriteAuxiliaryFile /Users/mac/Library/Developer/Xcode/DerivedData/Ogabassey-blqylevdfkkrazffwgxycstpmcto/Build/Intermediates.noindex/Pods.build/Debug-iphonesimulator/hermes-engine.build/Script-46EB2E000361A0.sh (in target 'hermes-engine' from project 'Pods')
    cd /Users/mac/Baci-app/apps/mobile-storefront/ios/Pods
    write-file /Users/mac/Library/Developer/Xcode/DerivedData/Ogabassey-blqylevdfkkrazffwgxycstpmcto/Build/Intermediates.noindex/Pods.build/Debug-iphonesimulator/hermes-engine.build/Script-46EB2E000361A0.sh

WriteAuxiliaryFile /Users/mac/Library/Developer/Xcode/DerivedData/Ogabassey-blqylevdfkkrazffwgxycstpmcto/Build/Intermediates.noindex/Pods.build/Debug-iphonesimulator/hermes-engine.build/InputFileList-46EB2E00036190-hermes-engine-xcframeworks-input-files-98db5b7d4bed4549bb2467d2e8fac232-resolved.xcfilelist (in target 'hermes-engine' from project 'Pods')
    cd /Users/mac/Baci-app/apps/mobile-storefront/ios/Pods
    write-file /Users/mac/Library/Developer/Xcode/DerivedData/Ogabassey-blqylevdfkkrazffwgxycstpmcto/Build/Intermediates.noindex/Pods.build/Debug-iphonesimulator/hermes-engine.build/InputFileList-46EB2E00036190-hermes-engine-xcframeworks-input-files-98db5b7d4bed4549bb2467d2e8fac232-resolved.xcfilelist

WriteAuxiliaryFile /Users/mac/Library/Developer/Xcode/DerivedData/Ogabassey-blqylevdfkkrazffwgxycstpmcto/Build/Intermediates.noindex/Pods.build/Debug-iphonesimulator/ReactNativeDependencies.build/Script-46EB2E00036170.sh (in target 'ReactNativeDependencies' from project 'Pods')
    cd /Users/mac/Baci-app/apps/mobile-storefront/ios/Pods
    write-file /Users/mac/Library/Developer/Xcode/DerivedData/Ogabassey-blqylevdfkkrazffwgxycstpmcto/Build/Intermediates.noindex/Pods.build/Debug-iphonesimulator/ReactNativeDependencies.build/Script-46EB2E00036170.sh

WriteAuxiliaryFile /Users/mac/Library/Developer/Xcode/DerivedData/Ogabassey-blqylevdfkkrazffwgxycstpmcto/Build/Intermediates.noindex/Pods.build/Debug-iphonesimulator/ReactNativeDependencies.build/OutputFileList-46EB2E00036170-ReactNativeDependencies-xcframeworks-output-files-5977279d60e4385068881cfdc06b63ec-resolved.xcfilelist (in target 'ReactNativeDependencies' from project 'Pods')
    cd /Users/mac/Baci-app/apps/mobile-storefront/ios/Pods
    write-file /Users/mac/Library/Developer/Xcode/DerivedData/Ogabassey-blqylevdfkkrazffwgxycstpmcto/Build/Intermediates.noindex/Pods.build/Debug-iphonesimulator/ReactNativeDependencies.build/OutputFileList-46EB2E00036170-ReactNativeDependencies-xcframeworks-output-files-5977279d60e4385068881cfdc06b63ec-resolved.xcfilelist

WriteAuxiliaryFile /Users/mac/Library/Developer/Xcode/DerivedData/Ogabassey-blqylevdfkkrazffwgxycstpmcto/Build/Intermediates.noindex/Pods.build/Debug-iphonesimulator/ReactNativeDependencies.build/InputFileList-46EB2E00036170-ReactNativeDependencies-xcframeworks-input-files-3a079f121362f3019619658bbb6a03d9-resolved.xcfilelist (in target 'ReactNativeDependencies' from project 'Pods')
    cd /Users/mac/Baci-app/apps/mobile-storefront/ios/Pods
    write-file /Users/mac/Library/Developer/Xcode/DerivedData/Ogabassey-blqylevdfkkrazffwgxycstpmcto/Build/Intermediates.noindex/Pods.build/Debug-iphonesimulator/ReactNativeDependencies.build/InputFileList-46EB2E00036170-ReactNativeDependencies-xcframeworks-input-files-3a079f121362f3019619658bbb6a03d9-resolved.xcfilelist

WriteAuxiliaryFile /Users/mac/Library/Developer/Xcode/DerivedData/Ogabassey-blqylevdfkkrazffwgxycstpmcto/Build/Intermediates.noindex/Pods.build/Debug-iphonesimulator/React-RCTFBReactNativeSpec.build/Script-46EB2E00036150.sh (in target 'React-RCTFBReactNativeSpec' from project 'Pods')
    cd /Users/mac/Baci-app/apps/mobile-storefront/ios/Pods
    write-file /Users/mac/Library/Developer/Xcode/DerivedData/Ogabassey-blqylevdfkkrazffwgxycstpmcto/Build/Intermediates.noindex/Pods.build/Debug-iphonesimulator/React-RCTFBReactNativeSpec.build/Script-46EB2E00036150.sh

WriteAuxiliaryFile /Users/mac/Library/Developer/Xcode/DerivedData/Ogabassey-blqylevdfkkrazffwgxycstpmcto/Build/Intermediates.noindex/Pods.build/Debug-iphonesimulator/ReactNativeDependencies.build/Script-46EB2E00036180.sh (in target 'ReactNativeDependencies' from project 'Pods')
    cd /Users/mac/Baci-app/apps/mobile-storefront/ios/Pods
    write-file /Users/mac/Library/Developer/Xcode/DerivedData/Ogabassey-blqylevdfkkrazffwgxycstpmcto/Build/Intermediates.noindex/Pods.build/Debug-iphonesimulator/ReactNativeDependencies.build/Script-46EB2E00036180.sh

WriteAuxiliaryFile /Users/mac/Library/Developer/Xcode/DerivedData/Ogabassey-blqylevdfkkrazffwgxycstpmcto/Build/Intermediates.noindex/Pods.build/Debug-iphonesimulator/React-Core-prebuilt.build/Script-46EB2E00036140.sh (in target 'React-Core-prebuilt' from project 'Pods')
    cd /Users/mac/Baci-app/apps/mobile-storefront/ios/Pods
    write-file /Users/mac/Library/Developer/Xcode/DerivedData/Ogabassey-blqylevdfkkrazffwgxycstpmcto/Build/Intermediates.noindex/Pods.build/Debug-iphonesimulator/React-Core-prebuilt.build/Script-46EB2E00036140.sh

WriteAuxiliaryFile /Users/mac/Library/Developer/Xcode/DerivedData/Ogabassey-blqylevdfkkrazffwgxycstpmcto/Build/Intermediates.noindex/Pods.build/Debug-iphonesimulator/React-Core-prebuilt.build/Script-46EB2E00036130.sh (in target 'React-Core-prebuilt' from project 'Pods')
    cd /Users/mac/Baci-app/apps/mobile-storefront/ios/Pods
    write-file /Users/mac/Library/Developer/Xcode/DerivedData/Ogabassey-blqylevdfkkrazffwgxycstpmcto/Build/Intermediates.noindex/Pods.build/Debug-iphonesimulator/React-Core-prebuilt.build/Script-46EB2E00036130.sh

WriteAuxiliaryFile /Users/mac/Library/Developer/Xcode/DerivedData/Ogabassey-blqylevdfkkrazffwgxycstpmcto/Build/Intermediates.noindex/Pods.build/Debug-iphonesimulator/React-Core-prebuilt.build/OutputFileList-46EB2E00036130-React-Core-prebuilt-xcframeworks-output-files-a9ccfac43b64d6182a1bd607b8c95465-resolved.xcfilelist (in target 'React-Core-prebuilt' from project 'Pods')
    cd /Users/mac/Baci-app/apps/mobile-storefront/ios/Pods
    write-file /Users/mac/Library/Developer/Xcode/DerivedData/Ogabassey-blqylevdfkkrazffwgxycstpmcto/Build/Intermediates.noindex/Pods.build/Debug-iphonesimulator/React-Core-prebuilt.build/OutputFileList-46EB2E00036130-React-Core-prebuilt-xcframeworks-output-files-a9ccfac43b64d6182a1bd607b8c95465-resolved.xcfilelist

WriteAuxiliaryFile /Users/mac/Library/Developer/Xcode/DerivedData/Ogabassey-blqylevdfkkrazffwgxycstpmcto/Build/Intermediates.noindex/Pods.build/Debug-iphonesimulator/React-Core-prebuilt.build/InputFileList-46EB2E00036130-React-Core-prebuilt-xcframeworks-input-files-9b4934d6a553f76f2d695e45d4b2b7b2-resolved.xcfilelist (in target 'React-Core-prebuilt' from project 'Pods')
    cd /Users/mac/Baci-app/apps/mobile-storefront/ios/Pods
    write-file /Users/mac/Library/Developer/Xcode/DerivedData/Ogabassey-blqylevdfkkrazffwgxycstpmcto/Build/Intermediates.noindex/Pods.build/Debug-iphonesimulator/React-Core-prebuilt.build/InputFileList-46EB2E00036130-React-Core-prebuilt-xcframeworks-input-files-9b4934d6a553f76f2d695e45d4b2b7b2-resolved.xcfilelist

WriteAuxiliaryFile /Users/mac/Library/Developer/Xcode/DerivedData/Ogabassey-blqylevdfkkrazffwgxycstpmcto/Build/Intermediates.noindex/Pods.build/Debug-iphonesimulator/GoogleAppMeasurement.build/Script-46EB2E00036120.sh (in target 'GoogleAppMeasurement' from project 'Pods')
    cd /Users/mac/Baci-app/apps/mobile-storefront/ios/Pods
    write-file /Users/mac/Library/Developer/Xcode/DerivedData/Ogabassey-blqylevdfkkrazffwgxycstpmcto/Build/Intermediates.noindex/Pods.build/Debug-iphonesimulator/GoogleAppMeasurement.build/Script-46EB2E00036120.sh

WriteAuxiliaryFile /Users/mac/Library/Developer/Xcode/DerivedData/Ogabassey-blqylevdfkkrazffwgxycstpmcto/Build/Intermediates.noindex/Pods.build/Debug-iphonesimulator/GoogleAppMeasurement.build/OutputFileList-46EB2E00036120-GoogleAppMeasurement-xcframeworks-output-files-594d61097374f879d32506c29e54882e-resolved.xcfilelist (in target 'GoogleAppMeasurement' from project 'Pods')
    cd /Users/mac/Baci-app/apps/mobile-storefront/ios/Pods
    write-file /Users/mac/Library/Developer/Xcode/DerivedData/Ogabassey-blqylevdfkkrazffwgxycstpmcto/Build/Intermediates.noindex/Pods.build/Debug-iphonesimulator/GoogleAppMeasurement.build/OutputFileList-46EB2E00036120-GoogleAppMeasurement-xcframeworks-output-files-594d61097374f879d32506c29e54882e-resolved.xcfilelist

WriteAuxiliaryFile /Users/mac/Library/Developer/Xcode/DerivedData/Ogabassey-blqylevdfkkrazffwgxycstpmcto/Build/Intermediates.noindex/Pods.build/Debug-iphonesimulator/GoogleAppMeasurement.build/InputFileList-46EB2E00036120-GoogleAppMeasurement-xcframeworks-input-files-ebc53a1ed825ad95d386e981f6c90153-resolved.xcfilelist (in target 'GoogleAppMeasurement' from project 'Pods')
    cd /Users/mac/Baci-app/apps/mobile-storefront/ios/Pods
    write-file /Users/mac/Library/Developer/Xcode/DerivedData/Ogabassey-blqylevdfkkrazffwgxycstpmcto/Build/Intermediates.noindex/Pods.build/Debug-iphonesimulator/GoogleAppMeasurement.build/InputFileList-46EB2E00036120-GoogleAppMeasurement-xcframeworks-input-files-ebc53a1ed825ad95d386e981f6c90153-resolved.xcfilelist

WriteAuxiliaryFile /Users/mac/Library/Developer/Xcode/DerivedData/Ogabassey-blqylevdfkkrazffwgxycstpmcto/Build/Intermediates.noindex/Pods.build/Debug-iphonesimulator/FirebaseAnalytics.build/Script-46EB2E00036110.sh (in target 'FirebaseAnalytics' from project 'Pods')
    cd /Users/mac/Baci-app/apps/mobile-storefront/ios/Pods
    write-file /Users/mac/Library/Developer/Xcode/DerivedData/Ogabassey-blqylevdfkkrazffwgxycstpmcto/Build/Intermediates.noindex/Pods.build/Debug-iphonesimulator/FirebaseAnalytics.build/Script-46EB2E00036110.sh

WriteAuxiliaryFile /Users/mac/Library/Developer/Xcode/DerivedData/Ogabassey-blqylevdfkkrazffwgxycstpmcto/Build/Intermediates.noindex/Pods.build/Debug-iphonesimulator/FirebaseAnalytics.build/OutputFileList-46EB2E00036110-FirebaseAnalytics-xcframeworks-output-files-7d401920e8bc013dddf2a2e41079fda0-resolved.xcfilelist (in target 'FirebaseAnalytics' from project 'Pods')
    cd /Users/mac/Baci-app/apps/mobile-storefront/ios/Pods
    write-file /Users/mac/Library/Developer/Xcode/DerivedData/Ogabassey-blqylevdfkkrazffwgxycstpmcto/Build/Intermediates.noindex/Pods.build/Debug-iphonesimulator/FirebaseAnalytics.build/OutputFileList-46EB2E00036110-FirebaseAnalytics-xcframeworks-output-files-7d401920e8bc013dddf2a2e41079fda0-resolved.xcfilelist

WriteAuxiliaryFile /Users/mac/Library/Developer/Xcode/DerivedData/Ogabassey-blqylevdfkkrazffwgxycstpmcto/Build/Intermediates.noindex/Pods.build/Debug-iphonesimulator/FirebaseAnalytics.build/InputFileList-46EB2E00036110-FirebaseAnalytics-xcframeworks-input-files-086c29cbda6e8699ac19488b0b267805-resolved.xcfilelist (in target 'FirebaseAnalytics' from project 'Pods')
    cd /Users/mac/Baci-app/apps/mobile-storefront/ios/Pods
    write-file /Users/mac/Library/Developer/Xcode/DerivedData/Ogabassey-blqylevdfkkrazffwgxycstpmcto/Build/Intermediates.noindex/Pods.build/Debug-iphonesimulator/FirebaseAnalytics.build/InputFileList-46EB2E00036110-FirebaseAnalytics-xcframeworks-input-files-086c29cbda6e8699ac19488b0b267805-resolved.xcfilelist

WriteAuxiliaryFile /Users/mac/Library/Developer/Xcode/DerivedData/Ogabassey-blqylevdfkkrazffwgxycstpmcto/Build/Intermediates.noindex/Pods.build/Debug-iphonesimulator/FBSDKShareKit.build/Script-46EB2E00036100.sh (in target 'FBSDKShareKit' from project 'Pods')
    cd /Users/mac/Baci-app/apps/mobile-storefront/ios/Pods
    write-file /Users/mac/Library/Developer/Xcode/DerivedData/Ogabassey-blqylevdfkkrazffwgxycstpmcto/Build/Intermediates.noindex/Pods.build/Debug-iphonesimulator/FBSDKShareKit.build/Script-46EB2E00036100.sh

WriteAuxiliaryFile /Users/mac/Library/Developer/Xcode/DerivedData/Ogabassey-blqylevdfkkrazffwgxycstpmcto/Build/Intermediates.noindex/Pods.build/Debug-iphonesimulator/FBSDKShareKit.build/OutputFileList-46EB2E00036100-FBSDKShareKit-xcframeworks-output-files-52cff1f7156857169f2a6204380306eb-resolved.xcfilelist (in target 'FBSDKShareKit' from project 'Pods')
    cd /Users/mac/Baci-app/apps/mobile-storefront/ios/Pods
    write-file /Users/mac/Library/Developer/Xcode/DerivedData/Ogabassey-blqylevdfkkrazffwgxycstpmcto/Build/Intermediates.noindex/Pods.build/Debug-iphonesimulator/FBSDKShareKit.build/OutputFileList-46EB2E00036100-FBSDKShareKit-xcframeworks-output-files-52cff1f7156857169f2a6204380306eb-resolved.xcfilelist

WriteAuxiliaryFile /Users/mac/Library/Developer/Xcode/DerivedData/Ogabassey-blqylevdfkkrazffwgxycstpmcto/Build/Intermediates.noindex/Pods.build/Debug-iphonesimulator/FBSDKShareKit.build/InputFileList-46EB2E00036100-FBSDKShareKit-xcframeworks-input-files-ef58c56e5ecf4727983b34a035ca8ce4-resolved.xcfilelist (in target 'FBSDKShareKit' from project 'Pods')
    cd /Users/mac/Baci-app/apps/mobile-storefront/ios/Pods
    write-file /Users/mac/Library/Developer/Xcode/DerivedData/Ogabassey-blqylevdfkkrazffwgxycstpmcto/Build/Intermediates.noindex/Pods.build/Debug-iphonesimulator/FBSDKShareKit.build/InputFileList-46EB2E00036100-FBSDKShareKit-xcframeworks-input-files-ef58c56e5ecf4727983b34a035ca8ce4-resolved.xcfilelist

WriteAuxiliaryFile /Users/mac/Library/Developer/Xcode/DerivedData/Ogabassey-blqylevdfkkrazffwgxycstpmcto/Build/Intermediates.noindex/Pods.build/Debug-iphonesimulator/FBSDKLoginKit.build/Script-46EB2E000360F0.sh (in target 'FBSDKLoginKit' from project 'Pods')
    cd /Users/mac/Baci-app/apps/mobile-storefront/ios/Pods
    write-file /Users/mac/Library/Developer/Xcode/DerivedData/Ogabassey-blqylevdfkkrazffwgxycstpmcto/Build/Intermediates.noindex/Pods.build/Debug-iphonesimulator/FBSDKLoginKit.build/Script-46EB2E000360F0.sh

WriteAuxiliaryFile /Users/mac/Library/Developer/Xcode/DerivedData/Ogabassey-blqylevdfkkrazffwgxycstpmcto/Build/Intermediates.noindex/Pods.build/Debug-iphonesimulator/FBSDKLoginKit.build/OutputFileList-46EB2E000360F0-FBSDKLoginKit-xcframeworks-output-files-769210bef83337a0eeb78e944f3b862a-resolved.xcfilelist (in target 'FBSDKLoginKit' from project 'Pods')
    cd /Users/mac/Baci-app/apps/mobile-storefront/ios/Pods
    write-file /Users/mac/Library/Developer/Xcode/DerivedData/Ogabassey-blqylevdfkkrazffwgxycstpmcto/Build/Intermediates.noindex/Pods.build/Debug-iphonesimulator/FBSDKLoginKit.build/OutputFileList-46EB2E000360F0-FBSDKLoginKit-xcframeworks-output-files-769210bef83337a0eeb78e944f3b862a-resolved.xcfilelist

WriteAuxiliaryFile /Users/mac/Library/Developer/Xcode/DerivedData/Ogabassey-blqylevdfkkrazffwgxycstpmcto/Build/Intermediates.noindex/Pods.build/Debug-iphonesimulator/FBSDKLoginKit.build/InputFileList-46EB2E000360F0-FBSDKLoginKit-xcframeworks-input-files-c0252ff35846cad853b3081489c87948-resolved.xcfilelist (in target 'FBSDKLoginKit' from project 'Pods')
    cd /Users/mac/Baci-app/apps/mobile-storefront/ios/Pods
    write-file /Users/mac/Library/Developer/Xcode/DerivedData/Ogabassey-blqylevdfkkrazffwgxycstpmcto/Build/Intermediates.noindex/Pods.build/Debug-iphonesimulator/FBSDKLoginKit.build/InputFileList-46EB2E000360F0-FBSDKLoginKit-xcframeworks-input-files-c0252ff35846cad853b3081489c87948-resolved.xcfilelist

WriteAuxiliaryFile /Users/mac/Library/Developer/Xcode/DerivedData/Ogabassey-blqylevdfkkrazffwgxycstpmcto/Build/Intermediates.noindex/Pods.build/Debug-iphonesimulator/FBSDKGamingServicesKit.build/Script-46EB2E000360E0.sh (in target 'FBSDKGamingServicesKit' from project 'Pods')
    cd /Users/mac/Baci-app/apps/mobile-storefront/ios/Pods
    write-file /Users/mac/Library/Developer/Xcode/DerivedData/Ogabassey-blqylevdfkkrazffwgxycstpmcto/Build/Intermediates.noindex/Pods.build/Debug-iphonesimulator/FBSDKGamingServicesKit.build/Script-46EB2E000360E0.sh

WriteAuxiliaryFile /Users/mac/Library/Developer/Xcode/DerivedData/Ogabassey-blqylevdfkkrazffwgxycstpmcto/Build/Intermediates.noindex/Pods.build/Debug-iphonesimulator/FBSDKGamingServicesKit.build/OutputFileList-46EB2E000360E0-FBSDKGamingServicesKit-xcframeworks-output-files-71b83ef7103e6477359ccfc5b9e6c83f-resolved.xcfilelist (in target 'FBSDKGamingServicesKit' from project 'Pods')
    cd /Users/mac/Baci-app/apps/mobile-storefront/ios/Pods
    write-file /Users/mac/Library/Developer/Xcode/DerivedData/Ogabassey-blqylevdfkkrazffwgxycstpmcto/Build/Intermediates.noindex/Pods.build/Debug-iphonesimulator/FBSDKGamingServicesKit.build/OutputFileList-46EB2E000360E0-FBSDKGamingServicesKit-xcframeworks-output-files-71b83ef7103e6477359ccfc5b9e6c83f-resolved.xcfilelist

WriteAuxiliaryFile /Users/mac/Library/Developer/Xcode/DerivedData/Ogabassey-blqylevdfkkrazffwgxycstpmcto/Build/Intermediates.noindex/Pods.build/Debug-iphonesimulator/FBSDKGamingServicesKit.build/InputFileList-46EB2E000360E0-FBSDKGamingServicesKit-xcframeworks-input-files-fadd1f2c66ed9b5fd5f5a45b67a2026c-resolved.xcfilelist (in target 'FBSDKGamingServicesKit' from project 'Pods')
    cd /Users/mac/Baci-app/apps/mobile-storefront/ios/Pods
    write-file /Users/mac/Library/Developer/Xcode/DerivedData/Ogabassey-blqylevdfkkrazffwgxycstpmcto/Build/Intermediates.noindex/Pods.build/Debug-iphonesimulator/FBSDKGamingServicesKit.build/InputFileList-46EB2E000360E0-FBSDKGamingServicesKit-xcframeworks-input-files-fadd1f2c66ed9b5fd5f5a45b67a2026c-resolved.xcfilelist

WriteAuxiliaryFile /Users/mac/Library/Developer/Xcode/DerivedData/Ogabassey-blqylevdfkkrazffwgxycstpmcto/Build/Intermediates.noindex/Pods.build/Debug-iphonesimulator/FBSDKCoreKit_Basics.build/Script-46EB2E000360D0.sh (in target 'FBSDKCoreKit_Basics' from project 'Pods')
    cd /Users/mac/Baci-app/apps/mobile-storefront/ios/Pods
    write-file /Users/mac/Library/Developer/Xcode/DerivedData/Ogabassey-blqylevdfkkrazffwgxycstpmcto/Build/Intermediates.noindex/Pods.build/Debug-iphonesimulator/FBSDKCoreKit_Basics.build/Script-46EB2E000360D0.sh

WriteAuxiliaryFile /Users/mac/Library/Developer/Xcode/DerivedData/Ogabassey-blqylevdfkkrazffwgxycstpmcto/Build/Intermediates.noindex/Pods.build/Debug-iphonesimulator/FBSDKCoreKit_Basics.build/OutputFileList-46EB2E000360D0-FBSDKCoreKit_Basics-xcframeworks-output-files-6edbcd6a7d0e750192de0f306427f287-resolved.xcfilelist (in target 'FBSDKCoreKit_Basics' from project 'Pods')
    cd /Users/mac/Baci-app/apps/mobile-storefront/ios/Pods
    write-file /Users/mac/Library/Developer/Xcode/DerivedData/Ogabassey-blqylevdfkkrazffwgxycstpmcto/Build/Intermediates.noindex/Pods.build/Debug-iphonesimulator/FBSDKCoreKit_Basics.build/OutputFileList-46EB2E000360D0-FBSDKCoreKit_Basics-xcframeworks-output-files-6edbcd6a7d0e750192de0f306427f287-resolved.xcfilelist

WriteAuxiliaryFile /Users/mac/Library/Developer/Xcode/DerivedData/Ogabassey-blqylevdfkkrazffwgxycstpmcto/Build/Intermediates.noindex/Pods.build/Debug-iphonesimulator/FBSDKCoreKit_Basics.build/InputFileList-46EB2E000360D0-FBSDKCoreKit_Basics-xcframeworks-input-files-c22818754d5a44e31009a1aa60b11e58-resolved.xcfilelist (in target 'FBSDKCoreKit_Basics' from project 'Pods')
    cd /Users/mac/Baci-app/apps/mobile-storefront/ios/Pods
    write-file /Users/mac/Library/Developer/Xcode/DerivedData/Ogabassey-blqylevdfkkrazffwgxycstpmcto/Build/Intermediates.noindex/Pods.build/Debug-iphonesimulator/FBSDKCoreKit_Basics.build/InputFileList-46EB2E000360D0-FBSDKCoreKit_Basics-xcframeworks-input-files-c22818754d5a44e31009a1aa60b11e58-resolved.xcfilelist

WriteAuxiliaryFile /Users/mac/Library/Developer/Xcode/DerivedData/Ogabassey-blqylevdfkkrazffwgxycstpmcto/Build/Intermediates.noindex/Pods.build/Debug-iphonesimulator/FBSDKCoreKit.build/Script-46EB2E000360C0.sh (in target 'FBSDKCoreKit' from project 'Pods')
    cd /Users/mac/Baci-app/apps/mobile-storefront/ios/Pods
    write-file /Users/mac/Library/Developer/Xcode/DerivedData/Ogabassey-blqylevdfkkrazffwgxycstpmcto/Build/Intermediates.noindex/Pods.build/Debug-iphonesimulator/FBSDKCoreKit.build/Script-46EB2E000360C0.sh

WriteAuxiliaryFile /Users/mac/Library/Developer/Xcode/DerivedData/Ogabassey-blqylevdfkkrazffwgxycstpmcto/Build/Intermediates.noindex/Pods.build/Debug-iphonesimulator/FBSDKCoreKit.build/OutputFileList-46EB2E000360C0-FBSDKCoreKit-xcframeworks-output-files-19ef275699595195a94020e0695f2b79-resolved.xcfilelist (in target 'FBSDKCoreKit' from project 'Pods')
    cd /Users/mac/Baci-app/apps/mobile-storefront/ios/Pods
    write-file /Users/mac/Library/Developer/Xcode/DerivedData/Ogabassey-blqylevdfkkrazffwgxycstpmcto/Build/Intermediates.noindex/Pods.build/Debug-iphonesimulator/FBSDKCoreKit.build/OutputFileList-46EB2E000360C0-FBSDKCoreKit-xcframeworks-output-files-19ef275699595195a94020e0695f2b79-resolved.xcfilelist

WriteAuxiliaryFile /Users/mac/Library/Developer/Xcode/DerivedData/Ogabassey-blqylevdfkkrazffwgxycstpmcto/Build/Intermediates.noindex/Pods.build/Debug-iphonesimulator/FBSDKCoreKit.build/InputFileList-46EB2E000360C0-FBSDKCoreKit-xcframeworks-input-files-78f0ed5da09a93f5b6fbc6156ba41fba-resolved.xcfilelist (in target 'FBSDKCoreKit' from project 'Pods')
    cd /Users/mac/Baci-app/apps/mobile-storefront/ios/Pods
    write-file /Users/mac/Library/Developer/Xcode/DerivedData/Ogabassey-blqylevdfkkrazffwgxycstpmcto/Build/Intermediates.noindex/Pods.build/Debug-iphonesimulator/FBSDKCoreKit.build/InputFileList-46EB2E000360C0-FBSDKCoreKit-xcframeworks-input-files-78f0ed5da09a93f5b6fbc6156ba41fba-resolved.xcfilelist

WriteAuxiliaryFile /Users/mac/Library/Developer/Xcode/DerivedData/Ogabassey-blqylevdfkkrazffwgxycstpmcto/Build/Intermediates.noindex/Pods.build/Debug-iphonesimulator/FBAEMKit.build/Script-46EB2E000360B0.sh (in target 'FBAEMKit' from project 'Pods')
    cd /Users/mac/Baci-app/apps/mobile-storefront/ios/Pods
    write-file /Users/mac/Library/Developer/Xcode/DerivedData/Ogabassey-blqylevdfkkrazffwgxycstpmcto/Build/Intermediates.noindex/Pods.build/Debug-iphonesimulator/FBAEMKit.build/Script-46EB2E000360B0.sh

WriteAuxiliaryFile /Users/mac/Library/Developer/Xcode/DerivedData/Ogabassey-blqylevdfkkrazffwgxycstpmcto/Build/Intermediates.noindex/Pods.build/Debug-iphonesimulator/FBAEMKit.build/OutputFileList-46EB2E000360B0-FBAEMKit-xcframeworks-output-files-cb0073be237051c38461035b76ac3513-resolved.xcfilelist (in target 'FBAEMKit' from project 'Pods')
    cd /Users/mac/Baci-app/apps/mobile-storefront/ios/Pods
    write-file /Users/mac/Library/Developer/Xcode/DerivedData/Ogabassey-blqylevdfkkrazffwgxycstpmcto/Build/Intermediates.noindex/Pods.build/Debug-iphonesimulator/FBAEMKit.build/OutputFileList-46EB2E000360B0-FBAEMKit-xcframeworks-output-files-cb0073be237051c38461035b76ac3513-resolved.xcfilelist

WriteAuxiliaryFile /Users/mac/Library/Developer/Xcode/DerivedData/Ogabassey-blqylevdfkkrazffwgxycstpmcto/Build/Intermediates.noindex/Pods.build/Debug-iphonesimulator/FBAEMKit.build/InputFileList-46EB2E000360B0-FBAEMKit-xcframeworks-input-files-3e316d5999f9911f44113973be47e881-resolved.xcfilelist (in target 'FBAEMKit' from project 'Pods')
    cd /Users/mac/Baci-app/apps/mobile-storefront/ios/Pods
    write-file /Users/mac/Library/Developer/Xcode/DerivedData/Ogabassey-blqylevdfkkrazffwgxycstpmcto/Build/Intermediates.noindex/Pods.build/Debug-iphonesimulator/FBAEMKit.build/InputFileList-46EB2E000360B0-FBAEMKit-xcframeworks-input-files-3e316d5999f9911f44113973be47e881-resolved.xcfilelist

CreateBuildDirectory /Users/mac/Library/Developer/Xcode/DerivedData/Ogabassey-blqylevdfkkrazffwgxycstpmcto/Build/Products/Debug-iphonesimulator/react-native-safe-area-context
    cd /Users/mac/Baci-app/apps/mobile-storefront/ios
    builtin-create-build-directory /Users/mac/Library/Developer/Xcode/DerivedData/Ogabassey-blqylevdfkkrazffwgxycstpmcto/Build/Products/Debug-iphonesimulator/react-native-safe-area-context

CreateBuildDirectory /Users/mac/Library/Developer/Xcode/DerivedData/Ogabassey-blqylevdfkkrazffwgxycstpmcto/Build/Products/Debug-iphonesimulator/react-native-netinfo
    cd /Users/mac/Baci-app/apps/mobile-storefront/ios
    builtin-create-build-directory /Users/mac/Library/Developer/Xcode/DerivedData/Ogabassey-blqylevdfkkrazffwgxycstpmcto/Build/Products/Debug-iphonesimulator/react-native-netinfo

CreateBuildDirectory /Users/mac/Library/Developer/Xcode/DerivedData/Ogabassey-blqylevdfkkrazffwgxycstpmcto/Build/Products/Debug-iphonesimulator/react-native-fbsdk-next
    cd /Users/mac/Baci-app/apps/mobile-storefront/ios
    builtin-create-build-directory /Users/mac/Library/Developer/Xcode/DerivedData/Ogabassey-blqylevdfkkrazffwgxycstpmcto/Build/Products/Debug-iphonesimulator/react-native-fbsdk-next

CreateBuildDirectory /Users/mac/Library/Developer/Xcode/DerivedData/Ogabassey-blqylevdfkkrazffwgxycstpmcto/Build/Products/Debug-iphonesimulator/lottie-react-native
    cd /Users/mac/Baci-app/apps/mobile-storefront/ios
    builtin-create-build-directory /Users/mac/Library/Developer/Xcode/DerivedData/Ogabassey-blqylevdfkkrazffwgxycstpmcto/Build/Products/Debug-iphonesimulator/lottie-react-native

CreateBuildDirectory /Users/mac/Library/Developer/Xcode/DerivedData/Ogabassey-blqylevdfkkrazffwgxycstpmcto/Build/Products/Debug-iphonesimulator/nanopb
    cd /Users/mac/Baci-app/apps/mobile-storefront/ios
    builtin-create-build-directory /Users/mac/Library/Developer/Xcode/DerivedData/Ogabassey-blqylevdfkkrazffwgxycstpmcto/Build/Products/Debug-iphonesimulator/nanopb

CreateBuildDirectory /Users/mac/Library/Developer/Xcode/DerivedData/Ogabassey-blqylevdfkkrazffwgxycstpmcto/Build/Products/Debug-iphonesimulator/lottie-ios
    cd /Users/mac/Baci-app/apps/mobile-storefront/ios
    builtin-create-build-directory /Users/mac/Library/Developer/Xcode/DerivedData/Ogabassey-blqylevdfkkrazffwgxycstpmcto/Build/Products/Debug-iphonesimulator/lottie-ios

CreateBuildDirectory /Users/mac/Library/Developer/Xcode/DerivedData/Ogabassey-blqylevdfkkrazffwgxycstpmcto/Build/Products/Debug-iphonesimulator/libwebp
    cd /Users/mac/Baci-app/apps/mobile-storefront/ios
    builtin-create-build-directory /Users/mac/Library/Developer/Xcode/DerivedData/Ogabassey-blqylevdfkkrazffwgxycstpmcto/Build/Products/Debug-iphonesimulator/libwebp

CreateBuildDirectory /Users/mac/Library/Developer/Xcode/DerivedData/Ogabassey-blqylevdfkkrazffwgxycstpmcto/Build/Products/Debug-iphonesimulator/libdav1d
    cd /Users/mac/Baci-app/apps/mobile-storefront/ios
    builtin-create-build-directory /Users/mac/Library/Developer/Xcode/DerivedData/Ogabassey-blqylevdfkkrazffwgxycstpmcto/Build/Products/Debug-iphonesimulator/libdav1d

CreateBuildDirectory /Users/mac/Library/Developer/Xcode/DerivedData/Ogabassey-blqylevdfkkrazffwgxycstpmcto/Build/Products/Debug-iphonesimulator/libavif
    cd /Users/mac/Baci-app/apps/mobile-storefront/ios
    builtin-create-build-directory /Users/mac/Library/Developer/Xcode/DerivedData/Ogabassey-blqylevdfkkrazffwgxycstpmcto/Build/Products/Debug-iphonesimulator/libavif

CreateBuildDirectory /Users/mac/Library/Developer/Xcode/DerivedData/Ogabassey-blqylevdfkkrazffwgxycstpmcto/Build/Products/Debug-iphonesimulator/hermes-engine
    cd /Users/mac/Baci-app/apps/mobile-storefront/ios
    builtin-create-build-directory /Users/mac/Library/Developer/Xcode/DerivedData/Ogabassey-blqylevdfkkrazffwgxycstpmcto/Build/Products/Debug-iphonesimulator/hermes-engine

CreateBuildDirectory /Users/mac/Library/Developer/Xcode/DerivedData/Ogabassey-blqylevdfkkrazffwgxycstpmcto/Build/Products/Debug-iphonesimulator/expo-dev-menu-interface
    cd /Users/mac/Baci-app/apps/mobile-storefront/ios
    builtin-create-build-directory /Users/mac/Library/Developer/Xcode/DerivedData/Ogabassey-blqylevdfkkrazffwgxycstpmcto/Build/Products/Debug-iphonesimulator/expo-dev-menu-interface

CreateBuildDirectory /Users/mac/Library/Developer/Xcode/DerivedData/Ogabassey-blqylevdfkkrazffwgxycstpmcto/Build/Products/Debug-iphonesimulator/expo-dev-menu
    cd /Users/mac/Baci-app/apps/mobile-storefront/ios
    builtin-create-build-directory /Users/mac/Library/Developer/Xcode/DerivedData/Ogabassey-blqylevdfkkrazffwgxycstpmcto/Build/Products/Debug-iphonesimulator/expo-dev-menu

CreateBuildDirectory /Users/mac/Library/Developer/Xcode/DerivedData/Ogabassey-blqylevdfkkrazffwgxycstpmcto/Build/Products/Debug-iphonesimulator/expo-dev-launcher
    cd /Users/mac/Baci-app/apps/mobile-storefront/ios
    builtin-create-build-directory /Users/mac/Library/Developer/Xcode/DerivedData/Ogabassey-blqylevdfkkrazffwgxycstpmcto/Build/Products/Debug-iphonesimulator/expo-dev-launcher

CreateBuildDirectory /Users/mac/Library/Developer/Xcode/DerivedData/Ogabassey-blqylevdfkkrazffwgxycstpmcto/Build/Products/Debug-iphonesimulator/ZXingObjC
    cd /Users/mac/Baci-app/apps/mobile-storefront/ios
    builtin-create-build-directory /Users/mac/Library/Developer/Xcode/DerivedData/Ogabassey-blqylevdfkkrazffwgxycstpmcto/Build/Products/Debug-iphonesimulator/ZXingObjC

CreateBuildDirectory /Users/mac/Library/Developer/Xcode/DerivedData/Ogabassey-blqylevdfkkrazffwgxycstpmcto/Build/Products/Debug-iphonesimulator/expo-dev-client
    cd /Users/mac/Baci-app/apps/mobile-storefront/ios
    builtin-create-build-directory /Users/mac/Library/Developer/Xcode/DerivedData/Ogabassey-blqylevdfkkrazffwgxycstpmcto/Build/Products/Debug-iphonesimulator/expo-dev-client

CreateBuildDirectory /Users/mac/Library/Developer/Xcode/DerivedData/Ogabassey-blqylevdfkkrazffwgxycstpmcto/Build/Products/Debug-iphonesimulator/Yoga
    cd /Users/mac/Baci-app/apps/mobile-storefront/ios
    builtin-create-build-directory /Users/mac/Library/Developer/Xcode/DerivedData/Ogabassey-blqylevdfkkrazffwgxycstpmcto/Build/Products/Debug-iphonesimulator/Yoga

CreateBuildDirectory /Users/mac/Library/Developer/Xcode/DerivedData/Ogabassey-blqylevdfkkrazffwgxycstpmcto/Build/Products/Debug-iphonesimulator/TiktokBusiness
    cd /Users/mac/Baci-app/apps/mobile-storefront/ios
    builtin-create-build-directory /Users/mac/Library/Developer/Xcode/DerivedData/Ogabassey-blqylevdfkkrazffwgxycstpmcto/Build/Products/Debug-iphonesimulator/TiktokBusiness

CreateBuildDirectory /Users/mac/Library/Developer/Xcode/DerivedData/Ogabassey-blqylevdfkkrazffwgxycstpmcto/Build/Products/Debug-iphonesimulator/TikTokBusinessSDK
    cd /Users/mac/Baci-app/apps/mobile-storefront/ios
    builtin-create-build-directory /Users/mac/Library/Developer/Xcode/DerivedData/Ogabassey-blqylevdfkkrazffwgxycstpmcto/Build/Products/Debug-iphonesimulator/TikTokBusinessSDK

CreateBuildDirectory /Users/mac/Library/Developer/Xcode/DerivedData/Ogabassey-blqylevdfkkrazffwgxycstpmcto/Build/Products/Debug-iphonesimulator/SDWebImageWebPCoder
    cd /Users/mac/Baci-app/apps/mobile-storefront/ios
    builtin-create-build-directory /Users/mac/Library/Developer/Xcode/DerivedData/Ogabassey-blqylevdfkkrazffwgxycstpmcto/Build/Products/Debug-iphonesimulator/SDWebImageWebPCoder

CreateBuildDirectory /Users/mac/Library/Developer/Xcode/DerivedData/Ogabassey-blqylevdfkkrazffwgxycstpmcto/Build/Products/Debug-iphonesimulator/SDWebImageSVGCoder
    cd /Users/mac/Baci-app/apps/mobile-storefront/ios
    builtin-create-build-directory /Users/mac/Library/Developer/Xcode/DerivedData/Ogabassey-blqylevdfkkrazffwgxycstpmcto/Build/Products/Debug-iphonesimulator/SDWebImageSVGCoder

CreateBuildDirectory /Users/mac/Library/Developer/Xcode/DerivedData/Ogabassey-blqylevdfkkrazffwgxycstpmcto/Build/Products/Debug-iphonesimulator/SDWebImageAVIFCoder
    cd /Users/mac/Baci-app/apps/mobile-storefront/ios
    builtin-create-build-directory /Users/mac/Library/Developer/Xcode/DerivedData/Ogabassey-blqylevdfkkrazffwgxycstpmcto/Build/Products/Debug-iphonesimulator/SDWebImageAVIFCoder

CreateBuildDirectory /Users/mac/Library/Developer/Xcode/DerivedData/Ogabassey-blqylevdfkkrazffwgxycstpmcto/Build/Products/Debug-iphonesimulator/SDWebImage
    cd /Users/mac/Baci-app/apps/mobile-storefront/ios
    builtin-create-build-directory /Users/mac/Library/Developer/Xcode/DerivedData/Ogabassey-blqylevdfkkrazffwgxycstpmcto/Build/Products/Debug-iphonesimulator/SDWebImage

CreateBuildDirectory /Users/mac/Library/Developer/Xcode/DerivedData/Ogabassey-blqylevdfkkrazffwgxycstpmcto/Build/Products/Debug-iphonesimulator/ReactNativeDependencies
    cd /Users/mac/Baci-app/apps/mobile-storefront/ios
    builtin-create-build-directory /Users/mac/Library/Developer/Xcode/DerivedData/Ogabassey-blqylevdfkkrazffwgxycstpmcto/Build/Products/Debug-iphonesimulator/ReactNativeDependencies

CreateBuildDirectory /Users/mac/Library/Developer/Xcode/DerivedData/Ogabassey-blqylevdfkkrazffwgxycstpmcto/Build/Products/Debug-iphonesimulator/ReactCommon
    cd /Users/mac/Baci-app/apps/mobile-storefront/ios
    builtin-create-build-directory /Users/mac/Library/Developer/Xcode/DerivedData/Ogabassey-blqylevdfkkrazffwgxycstpmcto/Build/Products/Debug-iphonesimulator/ReactCommon

CreateBuildDirectory /Users/mac/Library/Developer/Xcode/DerivedData/Ogabassey-blqylevdfkkrazffwgxycstpmcto/Build/Products/Debug-iphonesimulator/ReactCodegen
    cd /Users/mac/Baci-app/apps/mobile-storefront/ios
    builtin-create-build-directory /Users/mac/Library/Developer/Xcode/DerivedData/Ogabassey-blqylevdfkkrazffwgxycstpmcto/Build/Products/Debug-iphonesimulator/ReactCodegen

CreateBuildDirectory /Users/mac/Library/Developer/Xcode/DerivedData/Ogabassey-blqylevdfkkrazffwgxycstpmcto/Build/Products/Debug-iphonesimulator/ReactAppDependencyProvider
    cd /Users/mac/Baci-app/apps/mobile-storefront/ios
    builtin-create-build-directory /Users/mac/Library/Developer/Xcode/DerivedData/Ogabassey-blqylevdfkkrazffwgxycstpmcto/Build/Products/Debug-iphonesimulator/ReactAppDependencyProvider

CreateBuildDirectory /Users/mac/Library/Developer/Xcode/DerivedData/Ogabassey-blqylevdfkkrazffwgxycstpmcto/Build/Products/Debug-iphonesimulator/React-utils
    cd /Users/mac/Baci-app/apps/mobile-storefront/ios
    builtin-create-build-directory /Users/mac/Library/Developer/Xcode/DerivedData/Ogabassey-blqylevdfkkrazffwgxycstpmcto/Build/Products/Debug-iphonesimulator/React-utils

CreateBuildDirectory /Users/mac/Library/Developer/Xcode/DerivedData/Ogabassey-blqylevdfkkrazffwgxycstpmcto/Build/Products/Debug-iphonesimulator/React-timing
    cd /Users/mac/Baci-app/apps/mobile-storefront/ios
    builtin-create-build-directory /Users/mac/Library/Developer/Xcode/DerivedData/Ogabassey-blqylevdfkkrazffwgxycstpmcto/Build/Products/Debug-iphonesimulator/React-timing

CreateBuildDirectory /Users/mac/Library/Developer/Xcode/DerivedData/Ogabassey-blqylevdfkkrazffwgxycstpmcto/Build/Products/Debug-iphonesimulator/React-runtimescheduler
    cd /Users/mac/Baci-app/apps/mobile-storefront/ios
    builtin-create-build-directory /Users/mac/Library/Developer/Xcode/DerivedData/Ogabassey-blqylevdfkkrazffwgxycstpmcto/Build/Products/Debug-iphonesimulator/React-runtimescheduler

CreateBuildDirectory /Users/mac/Library/Developer/Xcode/DerivedData/Ogabassey-blqylevdfkkrazffwgxycstpmcto/Build/Products/Debug-iphonesimulator/React-runtimeexecutor
    cd /Users/mac/Baci-app/apps/mobile-storefront/ios
    builtin-create-build-directory /Users/mac/Library/Developer/Xcode/DerivedData/Ogabassey-blqylevdfkkrazffwgxycstpmcto/Build/Products/Debug-iphonesimulator/React-runtimeexecutor

CreateBuildDirectory /Users/mac/Library/Developer/Xcode/DerivedData/Ogabassey-blqylevdfkkrazffwgxycstpmcto/Build/Products/Debug-iphonesimulator/React-rendererdebug
    cd /Users/mac/Baci-app/apps/mobile-storefront/ios
    builtin-create-build-directory /Users/mac/Library/Developer/Xcode/DerivedData/Ogabassey-blqylevdfkkrazffwgxycstpmcto/Build/Products/Debug-iphonesimulator/React-rendererdebug

CreateBuildDirectory /Users/mac/Library/Developer/Xcode/DerivedData/Ogabassey-blqylevdfkkrazffwgxycstpmcto/Build/Products/Debug-iphonesimulator/React-renderercss
    cd /Users/mac/Baci-app/apps/mobile-storefront/ios
    builtin-create-build-directory /Users/mac/Library/Developer/Xcode/DerivedData/Ogabassey-blqylevdfkkrazffwgxycstpmcto/Build/Products/Debug-iphonesimulator/React-renderercss

CreateBuildDirectory /Users/mac/Library/Developer/Xcode/DerivedData/Ogabassey-blqylevdfkkrazffwgxycstpmcto/Build/Products/Debug-iphonesimulator/React-rendererconsistency
    cd /Users/mac/Baci-app/apps/mobile-storefront/ios
    builtin-create-build-directory /Users/mac/Library/Developer/Xcode/DerivedData/Ogabassey-blqylevdfkkrazffwgxycstpmcto/Build/Products/Debug-iphonesimulator/React-rendererconsistency

CreateBuildDirectory /Users/mac/Library/Developer/Xcode/DerivedData/Ogabassey-blqylevdfkkrazffwgxycstpmcto/Build/Products/Debug-iphonesimulator/React-performancetimeline
    cd /Users/mac/Baci-app/apps/mobile-storefront/ios
    builtin-create-build-directory /Users/mac/Library/Developer/Xcode/DerivedData/Ogabassey-blqylevdfkkrazffwgxycstpmcto/Build/Products/Debug-iphonesimulator/React-performancetimeline

CreateBuildDirectory /Users/mac/Library/Developer/Xcode/DerivedData/Ogabassey-blqylevdfkkrazffwgxycstpmcto/Build/Products/Debug-iphonesimulator/React-perflogger
    cd /Users/mac/Baci-app/apps/mobile-storefront/ios
    builtin-create-build-directory /Users/mac/Library/Developer/Xcode/DerivedData/Ogabassey-blqylevdfkkrazffwgxycstpmcto/Build/Products/Debug-iphonesimulator/React-perflogger

CreateBuildDirectory /Users/mac/Library/Developer/Xcode/DerivedData/Ogabassey-blqylevdfkkrazffwgxycstpmcto/Build/Products/Debug-iphonesimulator/React-oscompat
    cd /Users/mac/Baci-app/apps/mobile-storefront/ios
    builtin-create-build-directory /Users/mac/Library/Developer/Xcode/DerivedData/Ogabassey-blqylevdfkkrazffwgxycstpmcto/Build/Products/Debug-iphonesimulator/React-oscompat

CreateBuildDirectory /Users/mac/Library/Developer/Xcode/DerivedData/Ogabassey-blqylevdfkkrazffwgxycstpmcto/Build/Products/Debug-iphonesimulator/React-microtasksnativemodule
    cd /Users/mac/Baci-app/apps/mobile-storefront/ios
    builtin-create-build-directory /Users/mac/Library/Developer/Xcode/DerivedData/Ogabassey-blqylevdfkkrazffwgxycstpmcto/Build/Products/Debug-iphonesimulator/React-microtasksnativemodule

CreateBuildDirectory /Users/mac/Library/Developer/Xcode/DerivedData/Ogabassey-blqylevdfkkrazffwgxycstpmcto/Build/Products/Debug-iphonesimulator/React-logger
    cd /Users/mac/Baci-app/apps/mobile-storefront/ios
    builtin-create-build-directory /Users/mac/Library/Developer/Xcode/DerivedData/Ogabassey-blqylevdfkkrazffwgxycstpmcto/Build/Products/Debug-iphonesimulator/React-logger

CreateBuildDirectory /Users/mac/Library/Developer/Xcode/DerivedData/Ogabassey-blqylevdfkkrazffwgxycstpmcto/Build/Products/Debug-iphonesimulator/React-jsitracing
    cd /Users/mac/Baci-app/apps/mobile-storefront/ios
    builtin-create-build-directory /Users/mac/Library/Developer/Xcode/DerivedData/Ogabassey-blqylevdfkkrazffwgxycstpmcto/Build/Products/Debug-iphonesimulator/React-jsitracing

CreateBuildDirectory /Users/mac/Library/Developer/Xcode/DerivedData/Ogabassey-blqylevdfkkrazffwgxycstpmcto/Build/Products/Debug-iphonesimulator/React-jsitooling
    cd /Users/mac/Baci-app/apps/mobile-storefront/ios
    builtin-create-build-directory /Users/mac/Library/Developer/Xcode/DerivedData/Ogabassey-blqylevdfkkrazffwgxycstpmcto/Build/Products/Debug-iphonesimulator/React-jsitooling

CreateBuildDirectory /Users/mac/Library/Developer/Xcode/DerivedData/Ogabassey-blqylevdfkkrazffwgxycstpmcto/Build/Products/Debug-iphonesimulator/React-jsinspectortracing
    cd /Users/mac/Baci-app/apps/mobile-storefront/ios
    builtin-create-build-directory /Users/mac/Library/Developer/Xcode/DerivedData/Ogabassey-blqylevdfkkrazffwgxycstpmcto/Build/Products/Debug-iphonesimulator/React-jsinspectortracing

CreateBuildDirectory /Users/mac/Library/Developer/Xcode/DerivedData/Ogabassey-blqylevdfkkrazffwgxycstpmcto/Build/Products/Debug-iphonesimulator/React-jsinspectornetwork
    cd /Users/mac/Baci-app/apps/mobile-storefront/ios
    builtin-create-build-directory /Users/mac/Library/Developer/Xcode/DerivedData/Ogabassey-blqylevdfkkrazffwgxycstpmcto/Build/Products/Debug-iphonesimulator/React-jsinspectornetwork

CreateBuildDirectory /Users/mac/Library/Developer/Xcode/DerivedData/Ogabassey-blqylevdfkkrazffwgxycstpmcto/Build/Products/Debug-iphonesimulator/React-jsinspectorcdp
    cd /Users/mac/Baci-app/apps/mobile-storefront/ios
    builtin-create-build-directory /Users/mac/Library/Developer/Xcode/DerivedData/Ogabassey-blqylevdfkkrazffwgxycstpmcto/Build/Products/Debug-iphonesimulator/React-jsinspectorcdp

CreateBuildDirectory /Users/mac/Library/Developer/Xcode/DerivedData/Ogabassey-blqylevdfkkrazffwgxycstpmcto/Build/Products/Debug-iphonesimulator/React-jsinspector
    cd /Users/mac/Baci-app/apps/mobile-storefront/ios
    builtin-create-build-directory /Users/mac/Library/Developer/Xcode/DerivedData/Ogabassey-blqylevdfkkrazffwgxycstpmcto/Build/Products/Debug-iphonesimulator/React-jsinspector

CreateBuildDirectory /Users/mac/Library/Developer/Xcode/DerivedData/Ogabassey-blqylevdfkkrazffwgxycstpmcto/Build/Products/Debug-iphonesimulator/React-jsiexecutor
    cd /Users/mac/Baci-app/apps/mobile-storefront/ios
    builtin-create-build-directory /Users/mac/Library/Developer/Xcode/DerivedData/Ogabassey-blqylevdfkkrazffwgxycstpmcto/Build/Products/Debug-iphonesimulator/React-jsiexecutor

CreateBuildDirectory /Users/mac/Library/Developer/Xcode/DerivedData/Ogabassey-blqylevdfkkrazffwgxycstpmcto/Build/Products/Debug-iphonesimulator/React-jsi
    cd /Users/mac/Baci-app/apps/mobile-storefront/ios
    builtin-create-build-directory /Users/mac/Library/Developer/Xcode/DerivedData/Ogabassey-blqylevdfkkrazffwgxycstpmcto/Build/Products/Debug-iphonesimulator/React-jsi

CreateBuildDirectory /Users/mac/Library/Developer/Xcode/DerivedData/Ogabassey-blqylevdfkkrazffwgxycstpmcto/Build/Products/Debug-iphonesimulator/React-jserrorhandler
    cd /Users/mac/Baci-app/apps/mobile-storefront/ios
    builtin-create-build-directory /Users/mac/Library/Developer/Xcode/DerivedData/Ogabassey-blqylevdfkkrazffwgxycstpmcto/Build/Products/Debug-iphonesimulator/React-jserrorhandler

CreateBuildDirectory /Users/mac/Library/Developer/Xcode/DerivedData/Ogabassey-blqylevdfkkrazffwgxycstpmcto/Build/Products/Debug-iphonesimulator/React-idlecallbacksnativemodule
    cd /Users/mac/Baci-app/apps/mobile-storefront/ios
    builtin-create-build-directory /Users/mac/Library/Developer/Xcode/DerivedData/Ogabassey-blqylevdfkkrazffwgxycstpmcto/Build/Products/Debug-iphonesimulator/React-idlecallbacksnativemodule

CreateBuildDirectory /Users/mac/Library/Developer/Xcode/DerivedData/Ogabassey-blqylevdfkkrazffwgxycstpmcto/Build/Products/Debug-iphonesimulator/React-hermes
    cd /Users/mac/Baci-app/apps/mobile-storefront/ios
    builtin-create-build-directory /Users/mac/Library/Developer/Xcode/DerivedData/Ogabassey-blqylevdfkkrazffwgxycstpmcto/Build/Products/Debug-iphonesimulator/React-hermes

CreateBuildDirectory /Users/mac/Library/Developer/Xcode/DerivedData/Ogabassey-blqylevdfkkrazffwgxycstpmcto/Build/Products/Debug-iphonesimulator/React-graphics
    cd /Users/mac/Baci-app/apps/mobile-storefront/ios
    builtin-create-build-directory /Users/mac/Library/Developer/Xcode/DerivedData/Ogabassey-blqylevdfkkrazffwgxycstpmcto/Build/Products/Debug-iphonesimulator/React-graphics

CreateBuildDirectory /Users/mac/Library/Developer/Xcode/DerivedData/Ogabassey-blqylevdfkkrazffwgxycstpmcto/Build/Products/Debug-iphonesimulator/React-featureflagsnativemodule
    cd /Users/mac/Baci-app/apps/mobile-storefront/ios
    builtin-create-build-directory /Users/mac/Library/Developer/Xcode/DerivedData/Ogabassey-blqylevdfkkrazffwgxycstpmcto/Build/Products/Debug-iphonesimulator/React-featureflagsnativemodule

CreateBuildDirectory /Users/mac/Library/Developer/Xcode/DerivedData/Ogabassey-blqylevdfkkrazffwgxycstpmcto/Build/Products/Debug-iphonesimulator/React-featureflags
    cd /Users/mac/Baci-app/apps/mobile-storefront/ios
    builtin-create-build-directory /Users/mac/Library/Developer/Xcode/DerivedData/Ogabassey-blqylevdfkkrazffwgxycstpmcto/Build/Products/Debug-iphonesimulator/React-featureflags

CreateBuildDirectory /Users/mac/Library/Developer/Xcode/DerivedData/Ogabassey-blqylevdfkkrazffwgxycstpmcto/Build/Products/Debug-iphonesimulator/React-domnativemodule
    cd /Users/mac/Baci-app/apps/mobile-storefront/ios
    builtin-create-build-directory /Users/mac/Library/Developer/Xcode/DerivedData/Ogabassey-blqylevdfkkrazffwgxycstpmcto/Build/Products/Debug-iphonesimulator/React-domnativemodule

CreateBuildDirectory /Users/mac/Library/Developer/Xcode/DerivedData/Ogabassey-blqylevdfkkrazffwgxycstpmcto/Build/Products/Debug-iphonesimulator/React-defaultsnativemodule
    cd /Users/mac/Baci-app/apps/mobile-storefront/ios
    builtin-create-build-directory /Users/mac/Library/Developer/Xcode/DerivedData/Ogabassey-blqylevdfkkrazffwgxycstpmcto/Build/Products/Debug-iphonesimulator/React-defaultsnativemodule

CreateBuildDirectory /Users/mac/Library/Developer/Xcode/DerivedData/Ogabassey-blqylevdfkkrazffwgxycstpmcto/Build/Products/Debug-iphonesimulator/React-debug
    cd /Users/mac/Baci-app/apps/mobile-storefront/ios
    builtin-create-build-directory /Users/mac/Library/Developer/Xcode/DerivedData/Ogabassey-blqylevdfkkrazffwgxycstpmcto/Build/Products/Debug-iphonesimulator/React-debug

CreateBuildDirectory /Users/mac/Library/Developer/Xcode/DerivedData/Ogabassey-blqylevdfkkrazffwgxycstpmcto/Build/Products/Debug-iphonesimulator/React-cxxreact
    cd /Users/mac/Baci-app/apps/mobile-storefront/ios
    builtin-create-build-directory /Users/mac/Library/Developer/Xcode/DerivedData/Ogabassey-blqylevdfkkrazffwgxycstpmcto/Build/Products/Debug-iphonesimulator/React-cxxreact

CreateBuildDirectory /Users/mac/Library/Developer/Xcode/DerivedData/Ogabassey-blqylevdfkkrazffwgxycstpmcto/Build/Products/Debug-iphonesimulator/React-callinvoker
    cd /Users/mac/Baci-app/apps/mobile-storefront/ios
    builtin-create-build-directory /Users/mac/Library/Developer/Xcode/DerivedData/Ogabassey-blqylevdfkkrazffwgxycstpmcto/Build/Products/Debug-iphonesimulator/React-callinvoker

CreateBuildDirectory /Users/mac/Library/Developer/Xcode/DerivedData/Ogabassey-blqylevdfkkrazffwgxycstpmcto/Build/Products/Debug-iphonesimulator/React-RuntimeHermes
    cd /Users/mac/Baci-app/apps/mobile-storefront/ios
    builtin-create-build-directory /Users/mac/Library/Developer/Xcode/DerivedData/Ogabassey-blqylevdfkkrazffwgxycstpmcto/Build/Products/Debug-iphonesimulator/React-RuntimeHermes

CreateBuildDirectory /Users/mac/Library/Developer/Xcode/DerivedData/Ogabassey-blqylevdfkkrazffwgxycstpmcto/Build/Products/Debug-iphonesimulator/React-RuntimeCore
    cd /Users/mac/Baci-app/apps/mobile-storefront/ios
    builtin-create-build-directory /Users/mac/Library/Developer/Xcode/DerivedData/Ogabassey-blqylevdfkkrazffwgxycstpmcto/Build/Products/Debug-iphonesimulator/React-RuntimeCore

CreateBuildDirectory /Users/mac/Library/Developer/Xcode/DerivedData/Ogabassey-blqylevdfkkrazffwgxycstpmcto/Build/Products/Debug-iphonesimulator/React-RuntimeApple
    cd /Users/mac/Baci-app/apps/mobile-storefront/ios
    builtin-create-build-directory /Users/mac/Library/Developer/Xcode/DerivedData/Ogabassey-blqylevdfkkrazffwgxycstpmcto/Build/Products/Debug-iphonesimulator/React-RuntimeApple

CreateBuildDirectory /Users/mac/Library/Developer/Xcode/DerivedData/Ogabassey-blqylevdfkkrazffwgxycstpmcto/Build/Products/Debug-iphonesimulator/React-RCTVibration
    cd /Users/mac/Baci-app/apps/mobile-storefront/ios
    builtin-create-build-directory /Users/mac/Library/Developer/Xcode/DerivedData/Ogabassey-blqylevdfkkrazffwgxycstpmcto/Build/Products/Debug-iphonesimulator/React-RCTVibration

CreateBuildDirectory /Users/mac/Library/Developer/Xcode/DerivedData/Ogabassey-blqylevdfkkrazffwgxycstpmcto/Build/Products/Debug-iphonesimulator/React-RCTText
    cd /Users/mac/Baci-app/apps/mobile-storefront/ios
    builtin-create-build-directory /Users/mac/Library/Developer/Xcode/DerivedData/Ogabassey-blqylevdfkkrazffwgxycstpmcto/Build/Products/Debug-iphonesimulator/React-RCTText

CreateBuildDirectory /Users/mac/Library/Developer/Xcode/DerivedData/Ogabassey-blqylevdfkkrazffwgxycstpmcto/Build/Products/Debug-iphonesimulator/React-RCTSettings
    cd /Users/mac/Baci-app/apps/mobile-storefront/ios
    builtin-create-build-directory /Users/mac/Library/Developer/Xcode/DerivedData/Ogabassey-blqylevdfkkrazffwgxycstpmcto/Build/Products/Debug-iphonesimulator/React-RCTSettings

CreateBuildDirectory /Users/mac/Library/Developer/Xcode/DerivedData/Ogabassey-blqylevdfkkrazffwgxycstpmcto/Build/Products/Debug-iphonesimulator/React-RCTRuntime
    cd /Users/mac/Baci-app/apps/mobile-storefront/ios
    builtin-create-build-directory /Users/mac/Library/Developer/Xcode/DerivedData/Ogabassey-blqylevdfkkrazffwgxycstpmcto/Build/Products/Debug-iphonesimulator/React-RCTRuntime

CreateBuildDirectory /Users/mac/Library/Developer/Xcode/DerivedData/Ogabassey-blqylevdfkkrazffwgxycstpmcto/Build/Products/Debug-iphonesimulator/React-RCTNetwork
    cd /Users/mac/Baci-app/apps/mobile-storefront/ios
    builtin-create-build-directory /Users/mac/Library/Developer/Xcode/DerivedData/Ogabassey-blqylevdfkkrazffwgxycstpmcto/Build/Products/Debug-iphonesimulator/React-RCTNetwork

CreateBuildDirectory /Users/mac/Library/Developer/Xcode/DerivedData/Ogabassey-blqylevdfkkrazffwgxycstpmcto/Build/Products/Debug-iphonesimulator/React-RCTLinking
    cd /Users/mac/Baci-app/apps/mobile-storefront/ios
    builtin-create-build-directory /Users/mac/Library/Developer/Xcode/DerivedData/Ogabassey-blqylevdfkkrazffwgxycstpmcto/Build/Products/Debug-iphonesimulator/React-RCTLinking

CreateBuildDirectory /Users/mac/Library/Developer/Xcode/DerivedData/Ogabassey-blqylevdfkkrazffwgxycstpmcto/Build/Products/Debug-iphonesimulator/React-RCTImage
    cd /Users/mac/Baci-app/apps/mobile-storefront/ios
    builtin-create-build-directory /Users/mac/Library/Developer/Xcode/DerivedData/Ogabassey-blqylevdfkkrazffwgxycstpmcto/Build/Products/Debug-iphonesimulator/React-RCTImage

CreateBuildDirectory /Users/mac/Library/Developer/Xcode/DerivedData/Ogabassey-blqylevdfkkrazffwgxycstpmcto/Build/Products/Debug-iphonesimulator/React-RCTFabric
    cd /Users/mac/Baci-app/apps/mobile-storefront/ios
    builtin-create-build-directory /Users/mac/Library/Developer/Xcode/DerivedData/Ogabassey-blqylevdfkkrazffwgxycstpmcto/Build/Products/Debug-iphonesimulator/React-RCTFabric

CreateBuildDirectory /Users/mac/Library/Developer/Xcode/DerivedData/Ogabassey-blqylevdfkkrazffwgxycstpmcto/Build/Products/Debug-iphonesimulator/React-RCTFBReactNativeSpec
    cd /Users/mac/Baci-app/apps/mobile-storefront/ios
    builtin-create-build-directory /Users/mac/Library/Developer/Xcode/DerivedData/Ogabassey-blqylevdfkkrazffwgxycstpmcto/Build/Products/Debug-iphonesimulator/React-RCTFBReactNativeSpec

CreateBuildDirectory /Users/mac/Library/Developer/Xcode/DerivedData/Ogabassey-blqylevdfkkrazffwgxycstpmcto/Build/Products/Debug-iphonesimulator/React-RCTBlob
    cd /Users/mac/Baci-app/apps/mobile-storefront/ios
    builtin-create-build-directory /Users/mac/Library/Developer/Xcode/DerivedData/Ogabassey-blqylevdfkkrazffwgxycstpmcto/Build/Products/Debug-iphonesimulator/React-RCTBlob

CreateBuildDirectory /Users/mac/Library/Developer/Xcode/DerivedData/Ogabassey-blqylevdfkkrazffwgxycstpmcto/Build/Products/Debug-iphonesimulator/React-RCTAppDelegate
    cd /Users/mac/Baci-app/apps/mobile-storefront/ios
    builtin-create-build-directory /Users/mac/Library/Developer/Xcode/DerivedData/Ogabassey-blqylevdfkkrazffwgxycstpmcto/Build/Products/Debug-iphonesimulator/React-RCTAppDelegate

CreateBuildDirectory /Users/mac/Library/Developer/Xcode/DerivedData/Ogabassey-blqylevdfkkrazffwgxycstpmcto/Build/Products/Debug-iphonesimulator/React-RCTAnimation
    cd /Users/mac/Baci-app/apps/mobile-storefront/ios
    builtin-create-build-directory /Users/mac/Library/Developer/Xcode/DerivedData/Ogabassey-blqylevdfkkrazffwgxycstpmcto/Build/Products/Debug-iphonesimulator/React-RCTAnimation

CreateBuildDirectory /Users/mac/Library/Developer/Xcode/DerivedData/Ogabassey-blqylevdfkkrazffwgxycstpmcto/Build/Products/Debug-iphonesimulator/React-RCTActionSheet
    cd /Users/mac/Baci-app/apps/mobile-storefront/ios
    builtin-create-build-directory /Users/mac/Library/Developer/Xcode/DerivedData/Ogabassey-blqylevdfkkrazffwgxycstpmcto/Build/Products/Debug-iphonesimulator/React-RCTActionSheet

CreateBuildDirectory /Users/mac/Library/Developer/Xcode/DerivedData/Ogabassey-blqylevdfkkrazffwgxycstpmcto/Build/Products/Debug-iphonesimulator/React-NativeModulesApple
    cd /Users/mac/Baci-app/apps/mobile-storefront/ios
    builtin-create-build-directory /Users/mac/Library/Developer/Xcode/DerivedData/Ogabassey-blqylevdfkkrazffwgxycstpmcto/Build/Products/Debug-iphonesimulator/React-NativeModulesApple

CreateBuildDirectory /Users/mac/Library/Developer/Xcode/DerivedData/Ogabassey-blqylevdfkkrazffwgxycstpmcto/Build/Products/Debug-iphonesimulator/React-Mapbuffer
    cd /Users/mac/Baci-app/apps/mobile-storefront/ios
    builtin-create-build-directory /Users/mac/Library/Developer/Xcode/DerivedData/Ogabassey-blqylevdfkkrazffwgxycstpmcto/Build/Products/Debug-iphonesimulator/React-Mapbuffer

CreateBuildDirectory /Users/mac/Library/Developer/Xcode/DerivedData/Ogabassey-blqylevdfkkrazffwgxycstpmcto/Build/Products/Debug-iphonesimulator/React-ImageManager
    cd /Users/mac/Baci-app/apps/mobile-storefront/ios
    builtin-create-build-directory /Users/mac/Library/Developer/Xcode/DerivedData/Ogabassey-blqylevdfkkrazffwgxycstpmcto/Build/Products/Debug-iphonesimulator/React-ImageManager

CreateBuildDirectory /Users/mac/Library/Developer/Xcode/DerivedData/Ogabassey-blqylevdfkkrazffwgxycstpmcto/Build/Products/Debug-iphonesimulator/React-FabricImage
    cd /Users/mac/Baci-app/apps/mobile-storefront/ios
    builtin-create-build-directory /Users/mac/Library/Developer/Xcode/DerivedData/Ogabassey-blqylevdfkkrazffwgxycstpmcto/Build/Products/Debug-iphonesimulator/React-FabricImage

CreateBuildDirectory /Users/mac/Library/Developer/Xcode/DerivedData/Ogabassey-blqylevdfkkrazffwgxycstpmcto/Build/Products/Debug-iphonesimulator/React-FabricComponents
    cd /Users/mac/Baci-app/apps/mobile-storefront/ios
    builtin-create-build-directory /Users/mac/Library/Developer/Xcode/DerivedData/Ogabassey-blqylevdfkkrazffwgxycstpmcto/Build/Products/Debug-iphonesimulator/React-FabricComponents

CreateBuildDirectory /Users/mac/Library/Developer/Xcode/DerivedData/Ogabassey-blqylevdfkkrazffwgxycstpmcto/Build/Products/Debug-iphonesimulator/React-CoreModules
    cd /Users/mac/Baci-app/apps/mobile-storefront/ios
    builtin-create-build-directory /Users/mac/Library/Developer/Xcode/DerivedData/Ogabassey-blqylevdfkkrazffwgxycstpmcto/Build/Products/Debug-iphonesimulator/React-CoreModules

CreateBuildDirectory /Users/mac/Library/Developer/Xcode/DerivedData/Ogabassey-blqylevdfkkrazffwgxycstpmcto/Build/Products/Debug-iphonesimulator/React-Fabric
    cd /Users/mac/Baci-app/apps/mobile-storefront/ios
    builtin-create-build-directory /Users/mac/Library/Developer/Xcode/DerivedData/Ogabassey-blqylevdfkkrazffwgxycstpmcto/Build/Products/Debug-iphonesimulator/React-Fabric

CreateBuildDirectory /Users/mac/Library/Developer/Xcode/DerivedData/Ogabassey-blqylevdfkkrazffwgxycstpmcto/Build/Products/Debug-iphonesimulator/React-Core-prebuilt
    cd /Users/mac/Baci-app/apps/mobile-storefront/ios
    builtin-create-build-directory /Users/mac/Library/Developer/Xcode/DerivedData/Ogabassey-blqylevdfkkrazffwgxycstpmcto/Build/Products/Debug-iphonesimulator/React-Core-prebuilt

CreateBuildDirectory /Users/mac/Library/Developer/Xcode/DerivedData/Ogabassey-blqylevdfkkrazffwgxycstpmcto/Build/Products/Debug-iphonesimulator/React-Core
    cd /Users/mac/Baci-app/apps/mobile-storefront/ios
    builtin-create-build-directory /Users/mac/Library/Developer/Xcode/DerivedData/Ogabassey-blqylevdfkkrazffwgxycstpmcto/Build/Products/Debug-iphonesimulator/React-Core

CreateBuildDirectory /Users/mac/Library/Developer/Xcode/DerivedData/Ogabassey-blqylevdfkkrazffwgxycstpmcto/Build/Products/Debug-iphonesimulator/React
    cd /Users/mac/Baci-app/apps/mobile-storefront/ios
    builtin-create-build-directory /Users/mac/Library/Developer/Xcode/DerivedData/Ogabassey-blqylevdfkkrazffwgxycstpmcto/Build/Products/Debug-iphonesimulator/React

CreateBuildDirectory /Users/mac/Library/Developer/Xcode/DerivedData/Ogabassey-blqylevdfkkrazffwgxycstpmcto/Build/Products/Debug-iphonesimulator/ReachabilitySwift
    cd /Users/mac/Baci-app/apps/mobile-storefront/ios
    builtin-create-build-directory /Users/mac/Library/Developer/Xcode/DerivedData/Ogabassey-blqylevdfkkrazffwgxycstpmcto/Build/Products/Debug-iphonesimulator/ReachabilitySwift

CreateBuildDirectory /Users/mac/Library/Developer/Xcode/DerivedData/Ogabassey-blqylevdfkkrazffwgxycstpmcto/Build/Products/Debug-iphonesimulator/RNWorklets
    cd /Users/mac/Baci-app/apps/mobile-storefront/ios
    builtin-create-build-directory /Users/mac/Library/Developer/Xcode/DerivedData/Ogabassey-blqylevdfkkrazffwgxycstpmcto/Build/Products/Debug-iphonesimulator/RNWorklets

CreateBuildDirectory /Users/mac/Library/Developer/Xcode/DerivedData/Ogabassey-blqylevdfkkrazffwgxycstpmcto/Build/Products/Debug-iphonesimulator/RNScreens
    cd /Users/mac/Baci-app/apps/mobile-storefront/ios
    builtin-create-build-directory /Users/mac/Library/Developer/Xcode/DerivedData/Ogabassey-blqylevdfkkrazffwgxycstpmcto/Build/Products/Debug-iphonesimulator/RNScreens

CreateBuildDirectory /Users/mac/Library/Developer/Xcode/DerivedData/Ogabassey-blqylevdfkkrazffwgxycstpmcto/Build/Products/Debug-iphonesimulator/RNReanimated
    cd /Users/mac/Baci-app/apps/mobile-storefront/ios
    builtin-create-build-directory /Users/mac/Library/Developer/Xcode/DerivedData/Ogabassey-blqylevdfkkrazffwgxycstpmcto/Build/Products/Debug-iphonesimulator/RNReanimated

CreateBuildDirectory /Users/mac/Library/Developer/Xcode/DerivedData/Ogabassey-blqylevdfkkrazffwgxycstpmcto/Build/Products/Debug-iphonesimulator/RNSVG
    cd /Users/mac/Baci-app/apps/mobile-storefront/ios
    builtin-create-build-directory /Users/mac/Library/Developer/Xcode/DerivedData/Ogabassey-blqylevdfkkrazffwgxycstpmcto/Build/Products/Debug-iphonesimulator/RNSVG

CreateBuildDirectory /Users/mac/Library/Developer/Xcode/DerivedData/Ogabassey-blqylevdfkkrazffwgxycstpmcto/Build/Products/Debug-iphonesimulator/RNGestureHandler
    cd /Users/mac/Baci-app/apps/mobile-storefront/ios
    builtin-create-build-directory /Users/mac/Library/Developer/Xcode/DerivedData/Ogabassey-blqylevdfkkrazffwgxycstpmcto/Build/Products/Debug-iphonesimulator/RNGestureHandler

CreateBuildDirectory /Users/mac/Library/Developer/Xcode/DerivedData/Ogabassey-blqylevdfkkrazffwgxycstpmcto/Build/Products/Debug-iphonesimulator/RNFBApp
    cd /Users/mac/Baci-app/apps/mobile-storefront/ios
    builtin-create-build-directory /Users/mac/Library/Developer/Xcode/DerivedData/Ogabassey-blqylevdfkkrazffwgxycstpmcto/Build/Products/Debug-iphonesimulator/RNFBApp

CreateBuildDirectory /Users/mac/Library/Developer/Xcode/DerivedData/Ogabassey-blqylevdfkkrazffwgxycstpmcto/Build/Products/Debug-iphonesimulator/RNFBAnalytics
    cd /Users/mac/Baci-app/apps/mobile-storefront/ios
    builtin-create-build-directory /Users/mac/Library/Developer/Xcode/DerivedData/Ogabassey-blqylevdfkkrazffwgxycstpmcto/Build/Products/Debug-iphonesimulator/RNFBAnalytics

CreateBuildDirectory /Users/mac/Library/Developer/Xcode/DerivedData/Ogabassey-blqylevdfkkrazffwgxycstpmcto/Build/Products/Debug-iphonesimulator/RNCAsyncStorage
    cd /Users/mac/Baci-app/apps/mobile-storefront/ios
    builtin-create-build-directory /Users/mac/Library/Developer/Xcode/DerivedData/Ogabassey-blqylevdfkkrazffwgxycstpmcto/Build/Products/Debug-iphonesimulator/RNCAsyncStorage

CreateBuildDirectory /Users/mac/Library/Developer/Xcode/DerivedData/Ogabassey-blqylevdfkkrazffwgxycstpmcto/Build/Products/Debug-iphonesimulator/RCTTypeSafety
    cd /Users/mac/Baci-app/apps/mobile-storefront/ios
    builtin-create-build-directory /Users/mac/Library/Developer/Xcode/DerivedData/Ogabassey-blqylevdfkkrazffwgxycstpmcto/Build/Products/Debug-iphonesimulator/RCTTypeSafety

CreateBuildDirectory /Users/mac/Library/Developer/Xcode/DerivedData/Ogabassey-blqylevdfkkrazffwgxycstpmcto/Build/Products/Debug-iphonesimulator/RCTRequired
    cd /Users/mac/Baci-app/apps/mobile-storefront/ios
    builtin-create-build-directory /Users/mac/Library/Developer/Xcode/DerivedData/Ogabassey-blqylevdfkkrazffwgxycstpmcto/Build/Products/Debug-iphonesimulator/RCTRequired

CreateBuildDirectory /Users/mac/Library/Developer/Xcode/DerivedData/Ogabassey-blqylevdfkkrazffwgxycstpmcto/Build/Products/Debug-iphonesimulator/RCTDeprecation
    cd /Users/mac/Baci-app/apps/mobile-storefront/ios
    builtin-create-build-directory /Users/mac/Library/Developer/Xcode/DerivedData/Ogabassey-blqylevdfkkrazffwgxycstpmcto/Build/Products/Debug-iphonesimulator/RCTDeprecation

CreateBuildDirectory /Users/mac/Library/Developer/Xcode/DerivedData/Ogabassey-blqylevdfkkrazffwgxycstpmcto/Build/Products/Debug-iphonesimulator/PromisesObjC
    cd /Users/mac/Baci-app/apps/mobile-storefront/ios
    builtin-create-build-directory /Users/mac/Library/Developer/Xcode/DerivedData/Ogabassey-blqylevdfkkrazffwgxycstpmcto/Build/Products/Debug-iphonesimulator/PromisesObjC

CreateBuildDirectory /Users/mac/Library/Developer/Xcode/DerivedData/Ogabassey-blqylevdfkkrazffwgxycstpmcto/Build/Products/Debug-iphonesimulator/NitroModules
    cd /Users/mac/Baci-app/apps/mobile-storefront/ios
    builtin-create-build-directory /Users/mac/Library/Developer/Xcode/DerivedData/Ogabassey-blqylevdfkkrazffwgxycstpmcto/Build/Products/Debug-iphonesimulator/NitroModules

CreateBuildDirectory /Users/mac/Library/Developer/Xcode/DerivedData/Ogabassey-blqylevdfkkrazffwgxycstpmcto/Build/Products/Debug-iphonesimulator/NitroMmkv
    cd /Users/mac/Baci-app/apps/mobile-storefront/ios
    builtin-create-build-directory /Users/mac/Library/Developer/Xcode/DerivedData/Ogabassey-blqylevdfkkrazffwgxycstpmcto/Build/Products/Debug-iphonesimulator/NitroMmkv

CreateBuildDirectory /Users/mac/Library/Developer/Xcode/DerivedData/Ogabassey-blqylevdfkkrazffwgxycstpmcto/Build/Products/Debug-iphonesimulator/MMKVCore
    cd /Users/mac/Baci-app/apps/mobile-storefront/ios
    builtin-create-build-directory /Users/mac/Library/Developer/Xcode/DerivedData/Ogabassey-blqylevdfkkrazffwgxycstpmcto/Build/Products/Debug-iphonesimulator/MMKVCore

CreateBuildDirectory /Users/mac/Library/Developer/Xcode/DerivedData/Ogabassey-blqylevdfkkrazffwgxycstpmcto/Build/Products/Debug-iphonesimulator/GoogleUtilities
    cd /Users/mac/Baci-app/apps/mobile-storefront/ios
    builtin-create-build-directory /Users/mac/Library/Developer/Xcode/DerivedData/Ogabassey-blqylevdfkkrazffwgxycstpmcto/Build/Products/Debug-iphonesimulator/GoogleUtilities

CreateBuildDirectory /Users/mac/Library/Developer/Xcode/DerivedData/Ogabassey-blqylevdfkkrazffwgxycstpmcto/Build/Products/Debug-iphonesimulator/GoogleAppMeasurement
    cd /Users/mac/Baci-app/apps/mobile-storefront/ios
    builtin-create-build-directory /Users/mac/Library/Developer/Xcode/DerivedData/Ogabassey-blqylevdfkkrazffwgxycstpmcto/Build/Products/Debug-iphonesimulator/GoogleAppMeasurement

CreateBuildDirectory /Users/mac/Library/Developer/Xcode/DerivedData/Ogabassey-blqylevdfkkrazffwgxycstpmcto/Build/Products/Debug-iphonesimulator/FirebaseInstallations
    cd /Users/mac/Baci-app/apps/mobile-storefront/ios
    builtin-create-build-directory /Users/mac/Library/Developer/Xcode/DerivedData/Ogabassey-blqylevdfkkrazffwgxycstpmcto/Build/Products/Debug-iphonesimulator/FirebaseInstallations

CreateBuildDirectory /Users/mac/Library/Developer/Xcode/DerivedData/Ogabassey-blqylevdfkkrazffwgxycstpmcto/Build/Products/Debug-iphonesimulator/FirebaseCoreInternal
    cd /Users/mac/Baci-app/apps/mobile-storefront/ios
    builtin-create-build-directory /Users/mac/Library/Developer/Xcode/DerivedData/Ogabassey-blqylevdfkkrazffwgxycstpmcto/Build/Products/Debug-iphonesimulator/FirebaseCoreInternal

CreateBuildDirectory /Users/mac/Library/Developer/Xcode/DerivedData/Ogabassey-blqylevdfkkrazffwgxycstpmcto/Build/Products/Debug-iphonesimulator/FirebaseCore
    cd /Users/mac/Baci-app/apps/mobile-storefront/ios
    builtin-create-build-directory /Users/mac/Library/Developer/Xcode/DerivedData/Ogabassey-blqylevdfkkrazffwgxycstpmcto/Build/Products/Debug-iphonesimulator/FirebaseCore

CreateBuildDirectory /Users/mac/Library/Developer/Xcode/DerivedData/Ogabassey-blqylevdfkkrazffwgxycstpmcto/Build/Products/Debug-iphonesimulator/FirebaseAnalytics
    cd /Users/mac/Baci-app/apps/mobile-storefront/ios
    builtin-create-build-directory /Users/mac/Library/Developer/Xcode/DerivedData/Ogabassey-blqylevdfkkrazffwgxycstpmcto/Build/Products/Debug-iphonesimulator/FirebaseAnalytics

CreateBuildDirectory /Users/mac/Library/Developer/Xcode/DerivedData/Ogabassey-blqylevdfkkrazffwgxycstpmcto/Build/Products/Debug-iphonesimulator/Firebase
    cd /Users/mac/Baci-app/apps/mobile-storefront/ios
    builtin-create-build-directory /Users/mac/Library/Developer/Xcode/DerivedData/Ogabassey-blqylevdfkkrazffwgxycstpmcto/Build/Products/Debug-iphonesimulator/Firebase

CreateBuildDirectory /Users/mac/Library/Developer/Xcode/DerivedData/Ogabassey-blqylevdfkkrazffwgxycstpmcto/Build/Products/Debug-iphonesimulator/FBSDKShareKit
    cd /Users/mac/Baci-app/apps/mobile-storefront/ios
    builtin-create-build-directory /Users/mac/Library/Developer/Xcode/DerivedData/Ogabassey-blqylevdfkkrazffwgxycstpmcto/Build/Products/Debug-iphonesimulator/FBSDKShareKit

CreateBuildDirectory /Users/mac/Library/Developer/Xcode/DerivedData/Ogabassey-blqylevdfkkrazffwgxycstpmcto/Build/Products/Debug-iphonesimulator/FBSDKLoginKit
    cd /Users/mac/Baci-app/apps/mobile-storefront/ios
    builtin-create-build-directory /Users/mac/Library/Developer/Xcode/DerivedData/Ogabassey-blqylevdfkkrazffwgxycstpmcto/Build/Products/Debug-iphonesimulator/FBSDKLoginKit

CreateBuildDirectory /Users/mac/Library/Developer/Xcode/DerivedData/Ogabassey-blqylevdfkkrazffwgxycstpmcto/Build/Products/Debug-iphonesimulator/FBSDKGamingServicesKit
    cd /Users/mac/Baci-app/apps/mobile-storefront/ios
    builtin-create-build-directory /Users/mac/Library/Developer/Xcode/DerivedData/Ogabassey-blqylevdfkkrazffwgxycstpmcto/Build/Products/Debug-iphonesimulator/FBSDKGamingServicesKit

CreateBuildDirectory /Users/mac/Library/Developer/Xcode/DerivedData/Ogabassey-blqylevdfkkrazffwgxycstpmcto/Build/Products/Debug-iphonesimulator/FBSDKCoreKit_Basics
    cd /Users/mac/Baci-app/apps/mobile-storefront/ios
    builtin-create-build-directory /Users/mac/Library/Developer/Xcode/DerivedData/Ogabassey-blqylevdfkkrazffwgxycstpmcto/Build/Products/Debug-iphonesimulator/FBSDKCoreKit_Basics

CreateBuildDirectory /Users/mac/Library/Developer/Xcode/DerivedData/Ogabassey-blqylevdfkkrazffwgxycstpmcto/Build/Products/Debug-iphonesimulator/FBSDKCoreKit
    cd /Users/mac/Baci-app/apps/mobile-storefront/ios
    builtin-create-build-directory /Users/mac/Library/Developer/Xcode/DerivedData/Ogabassey-blqylevdfkkrazffwgxycstpmcto/Build/Products/Debug-iphonesimulator/FBSDKCoreKit

CreateBuildDirectory /Users/mac/Library/Developer/Xcode/DerivedData/Ogabassey-blqylevdfkkrazffwgxycstpmcto/Build/Products/Debug-iphonesimulator/FBLazyVector
    cd /Users/mac/Baci-app/apps/mobile-storefront/ios
    builtin-create-build-directory /Users/mac/Library/Developer/Xcode/DerivedData/Ogabassey-blqylevdfkkrazffwgxycstpmcto/Build/Products/Debug-iphonesimulator/FBLazyVector

CreateBuildDirectory /Users/mac/Library/Developer/Xcode/DerivedData/Ogabassey-blqylevdfkkrazffwgxycstpmcto/Build/Products/Debug-iphonesimulator/FBAEMKit
    cd /Users/mac/Baci-app/apps/mobile-storefront/ios
    builtin-create-build-directory /Users/mac/Library/Developer/Xcode/DerivedData/Ogabassey-blqylevdfkkrazffwgxycstpmcto/Build/Products/Debug-iphonesimulator/FBAEMKit

CreateBuildDirectory /Users/mac/Library/Developer/Xcode/DerivedData/Ogabassey-blqylevdfkkrazffwgxycstpmcto/Build/Products/Debug-iphonesimulator/ExpoWebBrowser
    cd /Users/mac/Baci-app/apps/mobile-storefront/ios
    builtin-create-build-directory /Users/mac/Library/Developer/Xcode/DerivedData/Ogabassey-blqylevdfkkrazffwgxycstpmcto/Build/Products/Debug-iphonesimulator/ExpoWebBrowser

CreateBuildDirectory /Users/mac/Library/Developer/Xcode/DerivedData/Ogabassey-blqylevdfkkrazffwgxycstpmcto/Build/Products/Debug-iphonesimulator/ExpoTrackingTransparency
    cd /Users/mac/Baci-app/apps/mobile-storefront/ios
    builtin-create-build-directory /Users/mac/Library/Developer/Xcode/DerivedData/Ogabassey-blqylevdfkkrazffwgxycstpmcto/Build/Products/Debug-iphonesimulator/ExpoTrackingTransparency

CreateBuildDirectory /Users/mac/Library/Developer/Xcode/DerivedData/Ogabassey-blqylevdfkkrazffwgxycstpmcto/Build/Products/Debug-iphonesimulator/ExpoStoreReview
    cd /Users/mac/Baci-app/apps/mobile-storefront/ios
    builtin-create-build-directory /Users/mac/Library/Developer/Xcode/DerivedData/Ogabassey-blqylevdfkkrazffwgxycstpmcto/Build/Products/Debug-iphonesimulator/ExpoStoreReview

CreateBuildDirectory /Users/mac/Library/Developer/Xcode/DerivedData/Ogabassey-blqylevdfkkrazffwgxycstpmcto/Build/Products/Debug-iphonesimulator/ExpoSplashScreen
    cd /Users/mac/Baci-app/apps/mobile-storefront/ios
    builtin-create-build-directory /Users/mac/Library/Developer/Xcode/DerivedData/Ogabassey-blqylevdfkkrazffwgxycstpmcto/Build/Products/Debug-iphonesimulator/ExpoSplashScreen

CreateBuildDirectory /Users/mac/Library/Developer/Xcode/DerivedData/Ogabassey-blqylevdfkkrazffwgxycstpmcto/Build/Products/Debug-iphonesimulator/ExpoSecureStore
    cd /Users/mac/Baci-app/apps/mobile-storefront/ios
    builtin-create-build-directory /Users/mac/Library/Developer/Xcode/DerivedData/Ogabassey-blqylevdfkkrazffwgxycstpmcto/Build/Products/Debug-iphonesimulator/ExpoSecureStore

CreateBuildDirectory /Users/mac/Library/Developer/Xcode/DerivedData/Ogabassey-blqylevdfkkrazffwgxycstpmcto/Build/Products/Debug-iphonesimulator/ExpoModulesCore
    cd /Users/mac/Baci-app/apps/mobile-storefront/ios
    builtin-create-build-directory /Users/mac/Library/Developer/Xcode/DerivedData/Ogabassey-blqylevdfkkrazffwgxycstpmcto/Build/Products/Debug-iphonesimulator/ExpoModulesCore

CreateBuildDirectory /Users/mac/Library/Developer/Xcode/DerivedData/Ogabassey-blqylevdfkkrazffwgxycstpmcto/Build/Products/Debug-iphonesimulator/ExpoLocalization
    cd /Users/mac/Baci-app/apps/mobile-storefront/ios
    builtin-create-build-directory /Users/mac/Library/Developer/Xcode/DerivedData/Ogabassey-blqylevdfkkrazffwgxycstpmcto/Build/Products/Debug-iphonesimulator/ExpoLocalization

CreateBuildDirectory /Users/mac/Library/Developer/Xcode/DerivedData/Ogabassey-blqylevdfkkrazffwgxycstpmcto/Build/Products/Debug-iphonesimulator/ExpoLinking
    cd /Users/mac/Baci-app/apps/mobile-storefront/ios
    builtin-create-build-directory /Users/mac/Library/Developer/Xcode/DerivedData/Ogabassey-blqylevdfkkrazffwgxycstpmcto/Build/Products/Debug-iphonesimulator/ExpoLinking

CreateBuildDirectory /Users/mac/Library/Developer/Xcode/DerivedData/Ogabassey-blqylevdfkkrazffwgxycstpmcto/Build/Products/Debug-iphonesimulator/ExpoLinearGradient
    cd /Users/mac/Baci-app/apps/mobile-storefront/ios
    builtin-create-build-directory /Users/mac/Library/Developer/Xcode/DerivedData/Ogabassey-blqylevdfkkrazffwgxycstpmcto/Build/Products/Debug-iphonesimulator/ExpoLinearGradient

CreateBuildDirectory /Users/mac/Library/Developer/Xcode/DerivedData/Ogabassey-blqylevdfkkrazffwgxycstpmcto/Build/Products/Debug-iphonesimulator/ExpoKeepAwake
    cd /Users/mac/Baci-app/apps/mobile-storefront/ios
    builtin-create-build-directory /Users/mac/Library/Developer/Xcode/DerivedData/Ogabassey-blqylevdfkkrazffwgxycstpmcto/Build/Products/Debug-iphonesimulator/ExpoKeepAwake

CreateBuildDirectory /Users/mac/Library/Developer/Xcode/DerivedData/Ogabassey-blqylevdfkkrazffwgxycstpmcto/Build/Products/Debug-iphonesimulator/ExpoImage
    cd /Users/mac/Baci-app/apps/mobile-storefront/ios
    builtin-create-build-directory /Users/mac/Library/Developer/Xcode/DerivedData/Ogabassey-blqylevdfkkrazffwgxycstpmcto/Build/Products/Debug-iphonesimulator/ExpoImage

CreateBuildDirectory /Users/mac/Library/Developer/Xcode/DerivedData/Ogabassey-blqylevdfkkrazffwgxycstpmcto/Build/Products/Debug-iphonesimulator/ExpoHead
    cd /Users/mac/Baci-app/apps/mobile-storefront/ios
    builtin-create-build-directory /Users/mac/Library/Developer/Xcode/DerivedData/Ogabassey-blqylevdfkkrazffwgxycstpmcto/Build/Products/Debug-iphonesimulator/ExpoHead

CreateBuildDirectory /Users/mac/Library/Developer/Xcode/DerivedData/Ogabassey-blqylevdfkkrazffwgxycstpmcto/Build/Products/Debug-iphonesimulator/ExpoFont
    cd /Users/mac/Baci-app/apps/mobile-storefront/ios
    builtin-create-build-directory /Users/mac/Library/Developer/Xcode/DerivedData/Ogabassey-blqylevdfkkrazffwgxycstpmcto/Build/Products/Debug-iphonesimulator/ExpoFont

CreateBuildDirectory /Users/mac/Library/Developer/Xcode/DerivedData/Ogabassey-blqylevdfkkrazffwgxycstpmcto/Build/Products/Debug-iphonesimulator/ExpoFileSystem
    cd /Users/mac/Baci-app/apps/mobile-storefront/ios
    builtin-create-build-directory /Users/mac/Library/Developer/Xcode/DerivedData/Ogabassey-blqylevdfkkrazffwgxycstpmcto/Build/Products/Debug-iphonesimulator/ExpoFileSystem

CreateBuildDirectory /Users/mac/Library/Developer/Xcode/DerivedData/Ogabassey-blqylevdfkkrazffwgxycstpmcto/Build/Products/Debug-iphonesimulator/ExpoDevice
    cd /Users/mac/Baci-app/apps/mobile-storefront/ios
    builtin-create-build-directory /Users/mac/Library/Developer/Xcode/DerivedData/Ogabassey-blqylevdfkkrazffwgxycstpmcto/Build/Products/Debug-iphonesimulator/ExpoDevice

PhaseScriptExecution [CP-User]\ [Hermes]\ Replace\ Hermes\ for\ the\ right\ configuration,\ if\ needed /Users/mac/Library/Developer/Xcode/DerivedData/Ogabassey-blqylevdfkkrazffwgxycstpmcto/Build/Intermediates.noindex/Pods.build/Debug-iphonesimulator/hermes-engine.build/Script-46EB2E000361A0.sh (in target 'hermes-engine' from project 'Pods')
    cd /Users/mac/Baci-app/apps/mobile-storefront/ios/Pods
    export ACTION\=build
    export AD_HOC_CODE_SIGNING_ALLOWED\=YES
    export ALLOW_BUILD_REQUEST_OVERRIDES\=NO
    export ALLOW_TARGET_PLATFORM_SPECIALIZATION\=NO
    export ALTERNATE_GROUP\=staff
    export ALTERNATE_MODE\=u+w,go-w,a+rX
    export ALTERNATE_OWNER\=mac
    export ALTERNATIVE_DISTRIBUTION_WEB\=NO
    export ALWAYS_EMBED_SWIFT_STANDARD_LIBRARIES\=NO
    export ALWAYS_SEARCH_USER_PATHS\=NO
    export ALWAYS_USE_SEPARATE_HEADERMAPS\=NO
    export ANDROID_DEPLOYMENT_TARGET\=21.0
    export APPLICATION_EXTENSION_API_ONLY\=NO
    export APPLY_RULES_IN_COPY_FILES\=NO
    export APPLY_RULES_IN_COPY_HEADERS\=NO
    export APP_SHORTCUTS_ENABLE_FLEXIBLE_MATCHING\=YES
    export ARCHS\=arm64\ x86_64
    export ARCHS_STANDARD\=arm64\ x86_64
    export ARCHS_STANDARD_32_64_BIT\=arm64\ x86_64
    export ARCHS_STANDARD_64_BIT\=arm64\ x86_64
    export ARCHS_STANDARD_INCLUDING_64_BIT\=arm64\ x86_64
    export ARCHS_UNIVERSAL_IPHONE_OS\=arm64\ x86_64
    export ASSETCATALOG_COMPILER_APPICON_NAME\=AppIcon
    export ASSETCATALOG_COMPILER_GLOBAL_ACCENT_COLOR_NAME\=AccentColor
    export AUTOMATICALLY_MERGE_DEPENDENCIES\=NO
    export AUTOMATION_APPLE_EVENTS\=NO
    export AVAILABLE_PLATFORMS\=android\ appletvos\ appletvsimulator\ driverkit\ iphoneos\ iphonesimulator\ macosx\ qnx\ watchos\ watchsimulator\ webassembly\ xros\ xrsimulator
    export BUILD_ACTIVE_RESOURCES_ONLY\=NO
    export BUILD_COMPONENTS\=headers\ build
    export BUILD_DIR\=/Users/mac/Library/Developer/Xcode/DerivedData/Ogabassey-blqylevdfkkrazffwgxycstpmcto/Build/Products
    export BUILD_LIBRARY_FOR_DISTRIBUTION\=NO
    export BUILD_ROOT\=/Users/mac/Library/Developer/Xcode/DerivedData/Ogabassey-blqylevdfkkrazffwgxycstpmcto/Build/Products
    export BUILD_STYLE\=
    export BUILD_VARIANTS\=normal
    export BUILT_PRODUCTS_DIR\=/Users/mac/Library/Developer/Xcode/DerivedData/Ogabassey-blqylevdfkkrazffwgxycstpmcto/Build/Products/Debug-iphonesimulator/hermes-engine
    export BUNDLE_CONTENTS_FOLDER_PATH_deep\=Contents/
    export BUNDLE_EXECUTABLE_FOLDER_NAME_deep\=MacOS
    export BUNDLE_EXTENSIONS_FOLDER_PATH\=Extensions
    export BUNDLE_FORMAT\=shallow
    export BUNDLE_FRAMEWORKS_FOLDER_PATH\=Frameworks
    export BUNDLE_PLUGINS_FOLDER_PATH\=PlugIns
    export BUNDLE_PRIVATE_HEADERS_FOLDER_PATH\=PrivateHeaders
    export BUNDLE_PUBLIC_HEADERS_FOLDER_PATH\=Headers
    export CACHE_ROOT\=/var/folders/x9/fmms5prn601gk_rh2mhpnpwh0000gn/C/com.apple.DeveloperTools/26.2-17C52/Xcode
    export CCHROOT\=/var/folders/x9/fmms5prn601gk_rh2mhpnpwh0000gn/C/com.apple.DeveloperTools/26.2-17C52/Xcode
    export CHMOD\=/bin/chmod
    export CHOWN\=/usr/sbin/chown
    export CLANG_ANALYZER_LOCALIZABILITY_NONLOCALIZED\=YES
    export CLANG_ANALYZER_NONNULL\=YES
    export CLANG_ANALYZER_NUMBER_OBJECT_CONVERSION\=YES_AGGRESSIVE
    export CLANG_CACHE_FINE_GRAINED_OUTPUTS\=YES
    export CLANG_CXX_LANGUAGE_STANDARD\=c++20
    export CLANG_CXX_LIBRARY\=compiler-default
    export CLANG_ENABLE_EXPLICIT_MODULES\=YES
    export CLANG_ENABLE_MODULES\=YES
    export CLANG_ENABLE_OBJC_ARC\=YES
    export CLANG_ENABLE_OBJC_WEAK\=NO
    export CLANG_MODULES_BUILD_SESSION_FILE\=/Users/mac/Library/Developer/Xcode/DerivedData/ModuleCache.noindex/Session.modulevalidation
    export CLANG_WARN_BLOCK_CAPTURE_AUTORELEASING\=YES
    export CLANG_WARN_BOOL_CONVERSION\=YES
    export CLANG_WARN_COMMA\=YES
    export CLANG_WARN_CONSTANT_CONVERSION\=YES
    export CLANG_WARN_DEPRECATED_OBJC_IMPLEMENTATIONS\=YES
    export CLANG_WARN_DIRECT_OBJC_ISA_USAGE\=YES_ERROR
    export CLANG_WARN_DOCUMENTATION_COMMENTS\=YES
    export CLANG_WARN_EMPTY_BODY\=YES
    export CLANG_WARN_ENUM_CONVERSION\=YES
    export CLANG_WARN_INFINITE_RECURSION\=YES
    export CLANG_WARN_INT_CONVERSION\=YES
    export CLANG_WARN_NON_LITERAL_NULL_CONVERSION\=YES
    export CLANG_WARN_OBJC_IMPLICIT_RETAIN_SELF\=YES
    export CLANG_WARN_OBJC_LITERAL_CONVERSION\=YES
    export CLANG_WARN_OBJC_ROOT_CLASS\=YES_ERROR
    export CLANG_WARN_QUOTED_INCLUDE_IN_FRAMEWORK_HEADER\=NO
    export CLANG_WARN_RANGE_LOOP_ANALYSIS\=YES
    export CLANG_WARN_STRICT_PROTOTYPES\=YES
    export CLANG_WARN_SUSPICIOUS_MOVE\=YES
    export CLANG_WARN_UNGUARDED_AVAILABILITY\=YES_AGGRESSIVE
    export CLANG_WARN_UNREACHABLE_CODE\=YES
    export CLANG_WARN__DUPLICATE_METHOD_MATCH\=YES
    export CLASS_FILE_DIR\=/Users/mac/Library/Developer/Xcode/DerivedData/Ogabassey-blqylevdfkkrazffwgxycstpmcto/Build/Intermediates.noindex/Pods.build/Debug-iphonesimulator/hermes-engine.build/JavaClasses
    export CLEAN_PRECOMPS\=YES
    export CLONE_HEADERS\=NO
    export CODESIGNING_FOLDER_PATH\=/Users/mac/Library/Developer/Xcode/DerivedData/Ogabassey-blqylevdfkkrazffwgxycstpmcto/Build/Products/Debug-iphonesimulator/hermes-engine/
    export CODE_SIGNING_ALLOWED\=NO
    export CODE_SIGNING_REQUIRED\=YES
    export CODE_SIGN_CONTEXT_CLASS\=XCiPhoneSimulatorCodeSignContext
    export CODE_SIGN_IDENTITY\=-
    export CODE_SIGN_INJECT_BASE_ENTITLEMENTS\=YES
    export COLOR_DIAGNOSTICS\=NO
    export COMBINE_HIDPI_IMAGES\=NO
    export COMPILATION_CACHE_CAS_PATH\=/Users/mac/Library/Developer/Xcode/DerivedData/CompilationCache.noindex
    export COMPILATION_CACHE_KEEP_CAS_DIRECTORY\=YES
    export COMPILER_INDEX_STORE_ENABLE\=Default
    export COMPOSITE_SDK_DIRS\=/Users/mac/Library/Developer/Xcode/DerivedData/Ogabassey-blqylevdfkkrazffwgxycstpmcto/Build/Intermediates.noindex/CompositeSDKs
    export COMPRESS_PNG_FILES\=YES
    export CONFIGURATION\=Debug
    export CONFIGURATION_BUILD_DIR\=/Users/mac/Library/Developer/Xcode/DerivedData/Ogabassey-blqylevdfkkrazffwgxycstpmcto/Build/Products/Debug-iphonesimulator/hermes-engine
    export CONFIGURATION_TEMP_DIR\=/Users/mac/Library/Developer/Xcode/DerivedData/Ogabassey-blqylevdfkkrazffwgxycstpmcto/Build/Intermediates.noindex/Pods.build/Debug-iphonesimulator
    export COPYING_PRESERVES_HFS_DATA\=NO
    export COPY_HEADERS_RUN_UNIFDEF\=NO
    export COPY_PHASE_STRIP\=NO
    export CORRESPONDING_DEVICE_PLATFORM_DIR\=/Applications/Xcode.app/Contents/Developer/Platforms/iPhoneOS.platform
    export CORRESPONDING_DEVICE_PLATFORM_NAME\=iphoneos
    export CORRESPONDING_DEVICE_SDK_DIR\=/Applications/Xcode.app/Contents/Developer/Platforms/iPhoneOS.platform/Developer/SDKs/iPhoneOS26.2.sdk
    export CORRESPONDING_DEVICE_SDK_NAME\=iphoneos26.2
    export CP\=/bin/cp
    export CREATE_INFOPLIST_SECTION_IN_BINARY\=NO
    export CURRENT_ARCH\=undefined_arch
    export CURRENT_VARIANT\=normal
    export DEAD_CODE_STRIPPING\=YES
    export DEBUGGING_SYMBOLS\=YES
    export DEBUG_INFORMATION_FORMAT\=dwarf
    export DEBUG_INFORMATION_VERSION\=compiler-default
    export DEFAULT_COMPILER\=com.apple.compilers.llvm.clang.1_0
    export DEFAULT_DEXT_INSTALL_PATH\=/System/Library/DriverExtensions
    export DEFAULT_KEXT_INSTALL_PATH\=/System/Library/Extensions
    export DEFINES_MODULE\=NO
    export DEPLOYMENT_LOCATION\=NO
    export DEPLOYMENT_POSTPROCESSING\=NO
    export DEPLOYMENT_TARGET_SETTING_NAME\=IPHONEOS_DEPLOYMENT_TARGET
    export DEPLOYMENT_TARGET_SUGGESTED_VALUES\=12.0\ 12.1\ 12.2\ 12.3\ 12.4\ 13.0\ 13.1\ 13.2\ 13.3\ 13.4\ 13.5\ 13.6\ 14.0\ 14.1\ 14.2\ 14.3\ 14.4\ 14.5\ 14.6\ 14.7\ 15.0\ 15.1\ 15.2\ 15.3\ 15.4\ 15.5\ 15.6\ 16.0\ 16.1\ 16.2\ 16.3\ 16.4\ 16.5\ 16.6\ 17.0\ 17.1\ 17.2\ 17.3\ 17.4\ 17.5\ 17.6\ 18.0\ 18.1\ 18.2\ 18.3\ 18.4\ 18.5\ 18.6\ 26.0\ 26.1\ 26.2
    export DERIVED_FILES_DIR\=/Users/mac/Library/Developer/Xcode/DerivedData/Ogabassey-blqylevdfkkrazffwgxycstpmcto/Build/Intermediates.noindex/Pods.build/Debug-iphonesimulator/hermes-engine.build/DerivedSources
    export DERIVED_FILE_DIR\=/Users/mac/Library/Developer/Xcode/DerivedData/Ogabassey-blqylevdfkkrazffwgxycstpmcto/Build/Intermediates.noindex/Pods.build/Debug-iphonesimulator/hermes-engine.build/DerivedSources
    export DERIVED_SOURCES_DIR\=/Users/mac/Library/Developer/Xcode/DerivedData/Ogabassey-blqylevdfkkrazffwgxycstpmcto/Build/Intermediates.noindex/Pods.build/Debug-iphonesimulator/hermes-engine.build/DerivedSources
    export DEVELOPER_APPLICATIONS_DIR\=/Applications/Xcode.app/Contents/Developer/Applications
    export DEVELOPER_BIN_DIR\=/Applications/Xcode.app/Contents/Developer/usr/bin
    export DEVELOPER_DIR\=/Applications/Xcode.app/Contents/Developer
    export DEVELOPER_FRAMEWORKS_DIR\=/Applications/Xcode.app/Contents/Developer/Library/Frameworks
    export DEVELOPER_FRAMEWORKS_DIR_QUOTED\=/Applications/Xcode.app/Contents/Developer/Library/Frameworks
    export DEVELOPER_LIBRARY_DIR\=/Applications/Xcode.app/Contents/Developer/Library
    export DEVELOPER_SDK_DIR\=/Applications/Xcode.app/Contents/Developer/Platforms/MacOSX.platform/Developer/SDKs
    export DEVELOPER_TOOLS_DIR\=/Applications/Xcode.app/Contents/Developer/Tools
    export DEVELOPER_USR_DIR\=/Applications/Xcode.app/Contents/Developer/usr
    export DEVELOPMENT_LANGUAGE\=en
    export DIAGNOSE_MISSING_TARGET_DEPENDENCIES\=YES
    export DIFF\=/usr/bin/diff
    export DONT_GENERATE_INFOPLIST_FILE\=NO
    export DSTROOT\=/tmp/Pods.dst
    export DT_TOOLCHAIN_DIR\=/Applications/Xcode.app/Contents/Developer/Toolchains/XcodeDefault.xctoolchain
    export DWARF_DSYM_FILE_NAME\=.dSYM
    export DWARF_DSYM_FILE_SHOULD_ACCOMPANY_PRODUCT\=NO
    export DWARF_DSYM_FOLDER_PATH\=/Users/mac/Library/Developer/Xcode/DerivedData/Ogabassey-blqylevdfkkrazffwgxycstpmcto/Build/Products/Debug-iphonesimulator/hermes-engine
    export DYNAMIC_LIBRARY_EXTENSION\=dylib
    export EAGER_COMPILATION_ALLOW_SCRIPTS\=NO
    export EAGER_LINKING\=NO
    export EFFECTIVE_PLATFORM_NAME\=-iphonesimulator
    export EMBEDDED_CONTENT_CONTAINS_SWIFT\=NO
    export EMBED_ASSET_PACKS_IN_PRODUCT_BUNDLE\=NO
    export ENABLE_APP_SANDBOX\=NO
    export ENABLE_CODE_COVERAGE\=YES
    export ENABLE_CPLUSPLUS_BOUNDS_SAFE_BUFFERS\=NO
    export ENABLE_C_BOUNDS_SAFETY\=NO
    export ENABLE_DEFAULT_HEADER_SEARCH_PATHS\=YES
    export ENABLE_DEFAULT_SEARCH_PATHS\=YES
    export ENABLE_ENHANCED_SECURITY\=NO
    export ENABLE_HARDENED_RUNTIME\=NO
    export ENABLE_HEADER_DEPENDENCIES\=YES
    export ENABLE_INCOMING_NETWORK_CONNECTIONS\=NO
    export ENABLE_ON_DEMAND_RESOURCES\=NO
    export ENABLE_OUTGOING_NETWORK_CONNECTIONS\=NO
    export ENABLE_POINTER_AUTHENTICATION\=NO
    export ENABLE_PREVIEWS\=NO
    export ENABLE_RESOURCE_ACCESS_AUDIO_INPUT\=NO
    export ENABLE_RESOURCE_ACCESS_BLUETOOTH\=NO
    export ENABLE_RESOURCE_ACCESS_CALENDARS\=NO
    export ENABLE_RESOURCE_ACCESS_CAMERA\=NO
    export ENABLE_RESOURCE_ACCESS_CONTACTS\=NO
    export ENABLE_RESOURCE_ACCESS_LOCATION\=NO
    export ENABLE_RESOURCE_ACCESS_PHOTO_LIBRARY\=NO
    export ENABLE_RESOURCE_ACCESS_PRINTING\=NO
    export ENABLE_RESOURCE_ACCESS_USB\=NO
    export ENABLE_SDK_IMPORTS\=NO
    export ENABLE_SECURITY_COMPILER_WARNINGS\=NO
    export ENABLE_STRICT_OBJC_MSGSEND\=YES
    export ENABLE_TESTABILITY\=YES
    export ENABLE_TESTING_SEARCH_PATHS\=NO
    export ENABLE_USER_SCRIPT_SANDBOXING\=NO
    export ENABLE_XOJIT_PREVIEWS\=YES
    export ENFORCE_VALID_ARCHS\=YES
    export ENTITLEMENTS_DESTINATION\=__entitlements
    export ENTITLEMENTS_REQUIRED\=YES
    export EXCLUDED_INSTALLSRC_SUBDIRECTORY_PATTERNS\=.DS_Store\ .svn\ .git\ .hg\ CVS
    export EXCLUDED_RECURSIVE_SEARCH_PATH_SUBDIRECTORIES\=\*.nib\ \*.lproj\ \*.framework\ \*.gch\ \*.xcode\*\ \*.xcassets\ \*.icon\ \(\*\)\ .DS_Store\ CVS\ .svn\ .git\ .hg\ \*.pbproj\ \*.pbxproj
    export FILE_LIST\=/Users/mac/Library/Developer/Xcode/DerivedData/Ogabassey-blqylevdfkkrazffwgxycstpmcto/Build/Intermediates.noindex/Pods.build/Debug-iphonesimulator/hermes-engine.build/Objects/LinkFileList
    export FIXED_FILES_DIR\=/Users/mac/Library/Developer/Xcode/DerivedData/Ogabassey-blqylevdfkkrazffwgxycstpmcto/Build/Intermediates.noindex/Pods.build/Debug-iphonesimulator/hermes-engine.build/FixedFiles
    export FRAMEWORK_SEARCH_PATHS\=\ \"/Users/mac/Baci-app/apps/mobile-storefront/ios/Pods/hermes-engine/destroot/Library/Frameworks/universal\"\ \"/Users/mac/Library/Developer/Xcode/DerivedData/Ogabassey-blqylevdfkkrazffwgxycstpmcto/Build/Products/Debug-iphonesimulator/XCFrameworkIntermediates/hermes-engine/Pre-built\"
    export FRAMEWORK_VERSION\=A
    export FUSE_BUILD_PHASES\=YES
    export FUSE_BUILD_SCRIPT_PHASES\=NO
    export GCC3_VERSION\=3.3
    export GCC_C_LANGUAGE_STANDARD\=gnu11
    export GCC_DYNAMIC_NO_PIC\=NO
    export GCC_NO_COMMON_BLOCKS\=YES
    export GCC_OBJC_LEGACY_DISPATCH\=YES
    export GCC_OPTIMIZATION_LEVEL\=0
    export GCC_PFE_FILE_C_DIALECTS\=c\ objective-c\ c++\ objective-c++
    export GCC_PREPROCESSOR_DEFINITIONS\=POD_CONFIGURATION_DEBUG\=1\ DEBUG\=1\ \ COCOAPODS\=1\ HERMES_ENABLE_DEBUGGER\=1
    export GCC_TREAT_WARNINGS_AS_ERRORS\=NO
    export GCC_VERSION\=com.apple.compilers.llvm.clang.1_0
    export GCC_VERSION_IDENTIFIER\=com_apple_compilers_llvm_clang_1_0
    export GCC_WARN_64_TO_32_BIT_CONVERSION\=YES
    export GCC_WARN_ABOUT_RETURN_TYPE\=YES_ERROR
    export GCC_WARN_INHIBIT_ALL_WARNINGS\=YES
    export GCC_WARN_UNDECLARED_SELECTOR\=YES
    export GCC_WARN_UNINITIALIZED_AUTOS\=YES_AGGRESSIVE
    export GCC_WARN_UNUSED_FUNCTION\=YES
    export GCC_WARN_UNUSED_VARIABLE\=YES
    export GENERATED_MODULEMAP_DIR\=/Users/mac/Library/Developer/Xcode/DerivedData/Ogabassey-blqylevdfkkrazffwgxycstpmcto/Build/Intermediates.noindex/GeneratedModuleMaps-iphonesimulator
    export GENERATE_INFOPLIST_FILE\=NO
    export GENERATE_INTERMEDIATE_TEXT_BASED_STUBS\=YES
    export GENERATE_PKGINFO_FILE\=NO
    export GENERATE_PRELINK_OBJECT_FILE\=NO
    export GENERATE_PROFILING_CODE\=NO
    export GENERATE_TEXT_BASED_STUBS\=NO
    export GID\=20
    export GROUP\=staff
    export HEADERMAP_INCLUDES_FLAT_ENTRIES_FOR_TARGET_BEING_BUILT\=YES
    export HEADERMAP_INCLUDES_FRAMEWORK_ENTRIES_FOR_ALL_PRODUCT_TYPES\=YES
    export HEADERMAP_INCLUDES_FRAMEWORK_ENTRIES_FOR_TARGETS_NOT_BEING_BUILT\=YES
    export HEADERMAP_INCLUDES_NONPUBLIC_NONPRIVATE_HEADERS\=YES
    export HEADERMAP_INCLUDES_PROJECT_HEADERS\=YES
    export HEADERMAP_USES_FRAMEWORK_PREFIX_ENTRIES\=YES
    export HEADERMAP_USES_VFS\=NO
    export HEADER_SEARCH_PATHS\=\ /Users/mac/Baci-app/apps/mobile-storefront/ios/Pods/ReactCommon\ /Users/mac/Baci-app/apps/mobile-storefront/ios/Pods/ReactCommon/react/nativemodule/core\ /Users/mac/Baci-app/apps/mobile-storefront/ios/Pods/React-runtimeexecutor\ /Users/mac/Baci-app/apps/mobile-storefront/ios/Pods/React-runtimeexecutor/platform/ios\ /Users/mac/Baci-app/apps/mobile-storefront/ios/Pods/ReactCommon-Samples\ /Users/mac/Baci-app/apps/mobile-storefront/ios/Pods/ReactCommon-Samples/platform/ios\ /Users/mac/Baci-app/apps/mobile-storefront/ios/Pods/React-Fabric/react/renderer/components/view/platform/cxx\ /Users/mac/Baci-app/apps/mobile-storefront/ios/Pods/React-NativeModulesApple\ /Users/mac/Baci-app/apps/mobile-storefront/ios/Pods/React-graphics\ /Users/mac/Baci-app/apps/mobile-storefront/ios/Pods/React-graphics/react/renderer/graphics/platform/ios\ \"/Users/mac/Baci-app/apps/mobile-storefront/ios/Pods/Headers/Private\"\ \"/Users/mac/Baci-app/apps/mobile-storefront/ios/Pods/Headers/Private/hermes-engine\"\ \"/Users/mac/Baci-app/apps/mobile-storefront/ios/Pods/Headers/Public\"\ \"/Users/mac/Baci-app/apps/mobile-storefront/ios/Pods/Headers/Public/hermes-engine\"
    export HOME\=/Users/mac
    export HOST_ARCH\=arm64
    export HOST_PLATFORM\=macosx
    export ICONV\=/usr/bin/iconv
    export IMPLICIT_DEPENDENCY_DOMAIN\=default
    export INFOPLIST_ENABLE_CFBUNDLEICONS_MERGE\=YES
    export INFOPLIST_EXPAND_BUILD_SETTINGS\=YES
    export INFOPLIST_OUTPUT_FORMAT\=binary
    export INFOPLIST_PREPROCESS\=NO
    export INLINE_PRIVATE_FRAMEWORKS\=NO
    export INSTALLAPI_IGNORE_SKIP_INSTALL\=YES
    export INSTALLHDRS_COPY_PHASE\=NO
    export INSTALLHDRS_SCRIPT_PHASE\=NO
    export INSTALL_DIR\=/tmp/Pods.dst
    export INSTALL_GROUP\=staff
    export INSTALL_MODE_FLAG\=u+w,go-w,a+rX
    export INSTALL_OWNER\=mac
    export INSTALL_ROOT\=/tmp/Pods.dst
    export IPHONEOS_DEPLOYMENT_TARGET\=15.1
    export IS_UNOPTIMIZED_BUILD\=YES
    export JAVAC_DEFAULT_FLAGS\=-J-Xms64m\ -J-XX:NewSize\=4M\ -J-Dfile.encoding\=UTF8
    export JAVA_APP_STUB\=/System/Library/Frameworks/JavaVM.framework/Resources/MacOS/JavaApplicationStub
    export JAVA_ARCHIVE_CLASSES\=YES
    export JAVA_ARCHIVE_TYPE\=JAR
    export JAVA_COMPILER\=/usr/bin/javac
    export JAVA_FRAMEWORK_RESOURCES_DIRS\=Resources
    export JAVA_JAR_FLAGS\=cv
    export JAVA_SOURCE_SUBDIR\=.
    export JAVA_USE_DEPENDENCIES\=YES
    export JAVA_ZIP_FLAGS\=-urg
    export JIKES_DEFAULT_FLAGS\=+E\ +OLDCSO
    export KEEP_PRIVATE_EXTERNS\=NO
    export LD_DEPENDENCY_INFO_FILE\=/Users/mac/Library/Developer/Xcode/DerivedData/Ogabassey-blqylevdfkkrazffwgxycstpmcto/Build/Intermediates.noindex/Pods.build/Debug-iphonesimulator/hermes-engine.build/Objects-normal/undefined_arch/hermes-engine_dependency_info.dat
    export LD_EXPORT_SYMBOLS\=YES
    export LD_GENERATE_MAP_FILE\=NO
    export LD_MAP_FILE_PATH\=/Users/mac/Library/Developer/Xcode/DerivedData/Ogabassey-blqylevdfkkrazffwgxycstpmcto/Build/Intermediates.noindex/Pods.build/Debug-iphonesimulator/hermes-engine.build/hermes-engine-LinkMap-normal-undefined_arch.txt
    export LD_NO_PIE\=NO
    export LD_QUOTE_LINKER_ARGUMENTS_FOR_COMPILER_DRIVER\=YES
    export LD_RUNPATH_SEARCH_PATHS\=\ @executable_path/Frameworks
    export LD_SHARED_CACHE_ELIGIBLE\=Automatic
    export LD_WARN_DUPLICATE_LIBRARIES\=NO
    export LD_WARN_UNUSED_DYLIBS\=NO
    export LEGACY_DEVELOPER_DIR\=/Applications/Xcode.app/Contents/PlugIns/Xcode3Core.ideplugin/Contents/SharedSupport/Developer
    export LEX\=lex
    export LIBRARY_DEXT_INSTALL_PATH\=/Library/DriverExtensions
    export LIBRARY_FLAG_NOSPACE\=YES
    export LIBRARY_KEXT_INSTALL_PATH\=/Library/Extensions
    export LINKER_DISPLAYS_MANGLED_NAMES\=NO
    export LINK_FILE_LIST_normal_arm64\=/Users/mac/Library/Developer/Xcode/DerivedData/Ogabassey-blqylevdfkkrazffwgxycstpmcto/Build/Intermediates.noindex/Pods.build/Debug-iphonesimulator/hermes-engine.build/Objects-normal/arm64/hermes-engine.LinkFileList
    export LINK_FILE_LIST_normal_x86_64\=/Users/mac/Library/Developer/Xcode/DerivedData/Ogabassey-blqylevdfkkrazffwgxycstpmcto/Build/Intermediates.noindex/Pods.build/Debug-iphonesimulator/hermes-engine.build/Objects-normal/x86_64/hermes-engine.LinkFileList
    export LINK_OBJC_RUNTIME\=YES
    export LINK_WITH_STANDARD_LIBRARIES\=YES
    export LLVM_TARGET_TRIPLE_OS_VERSION\=ios15.1
    export LLVM_TARGET_TRIPLE_SUFFIX\=-simulator
    export LLVM_TARGET_TRIPLE_VENDOR\=apple
    export LM_AUX_CONST_METADATA_LIST_PATH_normal_arm64\=/Users/mac/Library/Developer/Xcode/DerivedData/Ogabassey-blqylevdfkkrazffwgxycstpmcto/Build/Intermediates.noindex/Pods.build/Debug-iphonesimulator/hermes-engine.build/Objects-normal/arm64/hermes-engine.SwiftConstValuesFileList
    export LM_AUX_CONST_METADATA_LIST_PATH_normal_x86_64\=/Users/mac/Library/Developer/Xcode/DerivedData/Ogabassey-blqylevdfkkrazffwgxycstpmcto/Build/Intermediates.noindex/Pods.build/Debug-iphonesimulator/hermes-engine.build/Objects-normal/x86_64/hermes-engine.SwiftConstValuesFileList
    export LOCALIZATION_EXPORT_SUPPORTED\=YES
    export LOCALIZATION_PREFERS_STRING_CATALOGS\=NO
    export LOCALIZED_STRING_MACRO_NAMES\=NSLocalizedString\ CFCopyLocalizedString
    export LOCALIZED_STRING_SWIFTUI_SUPPORT\=YES
    export LOCAL_ADMIN_APPS_DIR\=/Applications/Utilities
    export LOCAL_APPS_DIR\=/Applications
    export LOCAL_DEVELOPER_DIR\=/Library/Developer
    export LOCAL_LIBRARY_DIR\=/Library
    export LOCROOT\=/Users/mac/Baci-app/apps/mobile-storefront/ios/Pods
    export LOCSYMROOT\=/Users/mac/Baci-app/apps/mobile-storefront/ios/Pods
    export MAC_OS_X_PRODUCT_BUILD_VERSION\=25C56
    export MAC_OS_X_VERSION_ACTUAL\=260200
    export MAC_OS_X_VERSION_MAJOR\=260000
    export MAC_OS_X_VERSION_MINOR\=260200
    export MAKE_MERGEABLE\=NO
    export MERGEABLE_LIBRARY\=NO
    export MERGED_BINARY_TYPE\=none
    export MERGE_LINKED_LIBRARIES\=NO
    export METAL_LIBRARY_FILE_BASE\=default
    export METAL_LIBRARY_OUTPUT_DIR\=/Users/mac/Library/Developer/Xcode/DerivedData/Ogabassey-blqylevdfkkrazffwgxycstpmcto/Build/Products/Debug-iphonesimulator/hermes-engine/
    export MODULE_CACHE_DIR\=/Users/mac/Library/Developer/Xcode/DerivedData/ModuleCache.noindex
    export MTL_ENABLE_DEBUG_INFO\=INCLUDE_SOURCE
    export MTL_FAST_MATH\=YES
    export NATIVE_ARCH\=arm64
    export NATIVE_ARCH_32_BIT\=arm
    export NATIVE_ARCH_64_BIT\=arm64
    export NATIVE_ARCH_ACTUAL\=arm64
    export NO_COMMON\=YES
    export OBJC_ABI_VERSION\=2
    export OBJECT_FILE_DIR\=/Users/mac/Library/Developer/Xcode/DerivedData/Ogabassey-blqylevdfkkrazffwgxycstpmcto/Build/Intermediates.noindex/Pods.build/Debug-iphonesimulator/hermes-engine.build/Objects
    export OBJECT_FILE_DIR_normal\=/Users/mac/Library/Developer/Xcode/DerivedData/Ogabassey-blqylevdfkkrazffwgxycstpmcto/Build/Intermediates.noindex/Pods.build/Debug-iphonesimulator/hermes-engine.build/Objects-normal
    export OBJROOT\=/Users/mac/Library/Developer/Xcode/DerivedData/Ogabassey-blqylevdfkkrazffwgxycstpmcto/Build/Intermediates.noindex
    export ONLY_ACTIVE_ARCH\=NO
    export OS\=MACOS
    export OSAC\=/usr/bin/osacompile
    export PASCAL_STRINGS\=YES
    export PATH\=/Applications/Xcode.app/Contents/SharedFrameworks/SwiftBuild.framework/Versions/A/PlugIns/SWBBuildService.bundle/Contents/PlugIns/SWBUniversalPlatformPlugin.bundle/Contents/Frameworks/SWBUniversalPlatform.framework/Resources:/Applications/Xcode.app/Contents/Developer/Toolchains/XcodeDefault.xctoolchain/usr/bin:/Applications/Xcode.app/Contents/Developer/Toolchains/XcodeDefault.xctoolchain/usr/local/bin:/Applications/Xcode.app/Contents/Developer/Toolchains/XcodeDefault.xctoolchain/usr/libexec:/Applications/Xcode.app/Contents/Developer/Platforms/iPhoneSimulator.platform/usr/bin:/Applications/Xcode.app/Contents/Developer/Platforms/iPhoneSimulator.platform/usr/local/bin:/Applications/Xcode.app/Contents/Developer/Platforms/iPhoneSimulator.platform/Developer/usr/bin:/Applications/Xcode.app/Contents/Developer/Platforms/iPhoneSimulator.platform/Developer/usr/local/bin:/Applications/Xcode.app/Contents/Developer/usr/bin:/Applications/Xcode.app/Contents/Developer/usr/local/bin:/Users/mac/.local/bin:/Users/mac/.npm-global/bin:/usr/local/bin:/System/Cryptexes/App/usr/bin:/usr/bin:/bin:/usr/sbin:/sbin:/var/run/com.apple.security.cryptexd/codex.system/bootstrap/usr/local/bin:/var/run/com.apple.security.cryptexd/codex.system/bootstrap/usr/bin:/var/run/com.apple.security.cryptexd/codex.system/bootstrap/usr/appleinternal/bin:/opt/pmk/env/global/bin:/Library/Apple/usr/bin:/opt/homebrew/bin:/Users/mac/Library/pnpm:/Users/mac/.antigravity/extensions/vscjava.vscode-java-debug-0.58.5-universal/bundled/scripts/noConfigScripts:/Users/mac/.antigravity/extensions/ms-python.debugpy-2025.18.0-darwin-arm64/bundled/scripts/noConfigScripts
    export PATH_PREFIXES_EXCLUDED_FROM_HEADER_DEPENDENCIES\=/usr/include\ /usr/local/include\ /System/Library/Frameworks\ /System/Library/PrivateFrameworks\ /Applications/Xcode.app/Contents/Developer/Headers\ /Applications/Xcode.app/Contents/Developer/SDKs\ /Applications/Xcode.app/Contents/Developer/Platforms
    export PER_ARCH_MODULE_FILE_DIR\=/Users/mac/Library/Developer/Xcode/DerivedData/Ogabassey-blqylevdfkkrazffwgxycstpmcto/Build/Intermediates.noindex/Pods.build/Debug-iphonesimulator/hermes-engine.build/Objects-normal/undefined_arch
    export PER_ARCH_OBJECT_FILE_DIR\=/Users/mac/Library/Developer/Xcode/DerivedData/Ogabassey-blqylevdfkkrazffwgxycstpmcto/Build/Intermediates.noindex/Pods.build/Debug-iphonesimulator/hermes-engine.build/Objects-normal/undefined_arch
    export PER_VARIANT_OBJECT_FILE_DIR\=/Users/mac/Library/Developer/Xcode/DerivedData/Ogabassey-blqylevdfkkrazffwgxycstpmcto/Build/Intermediates.noindex/Pods.build/Debug-iphonesimulator/hermes-engine.build/Objects-normal
    export PKGINFO_FILE_PATH\=/Users/mac/Library/Developer/Xcode/DerivedData/Ogabassey-blqylevdfkkrazffwgxycstpmcto/Build/Intermediates.noindex/Pods.build/Debug-iphonesimulator/hermes-engine.build/PkgInfo
    export PLATFORM_DEVELOPER_APPLICATIONS_DIR\=/Applications/Xcode.app/Contents/Developer/Platforms/iPhoneSimulator.platform/Developer/Applications
    export PLATFORM_DEVELOPER_BIN_DIR\=/Applications/Xcode.app/Contents/Developer/Platforms/iPhoneSimulator.platform/Developer/usr/bin
    export PLATFORM_DEVELOPER_LIBRARY_DIR\=/Applications/Xcode.app/Contents/Developer/Platforms/iPhoneSimulator.platform/Developer/Library
    export PLATFORM_DEVELOPER_SDK_DIR\=/Applications/Xcode.app/Contents/Developer/Platforms/iPhoneSimulator.platform/Developer/SDKs
    export PLATFORM_DEVELOPER_TOOLS_DIR\=/Applications/Xcode.app/Contents/Developer/Platforms/iPhoneSimulator.platform/Developer/Tools
    export PLATFORM_DEVELOPER_USR_DIR\=/Applications/Xcode.app/Contents/Developer/Platforms/iPhoneSimulator.platform/Developer/usr
    export PLATFORM_DIR\=/Applications/Xcode.app/Contents/Developer/Platforms/iPhoneSimulator.platform
    export PLATFORM_DISPLAY_NAME\=iOS\ Simulator
    export PLATFORM_FAMILY_NAME\=iOS
    export PLATFORM_NAME\=iphonesimulator
    export PLATFORM_PREFERRED_ARCH\=x86_64
    export PLATFORM_PRODUCT_BUILD_VERSION\=23C53
    export PLATFORM_REQUIRES_SWIFT_AUTOLINK_EXTRACT\=NO
    export PLATFORM_REQUIRES_SWIFT_MODULEWRAP\=NO
    export PLIST_FILE_OUTPUT_FORMAT\=binary
    export PODS_BUILD_DIR\=/Users/mac/Library/Developer/Xcode/DerivedData/Ogabassey-blqylevdfkkrazffwgxycstpmcto/Build/Products
    export PODS_CONFIGURATION_BUILD_DIR\=/Users/mac/Library/Developer/Xcode/DerivedData/Ogabassey-blqylevdfkkrazffwgxycstpmcto/Build/Products/Debug-iphonesimulator
    export PODS_DEVELOPMENT_LANGUAGE\=en
    export PODS_ROOT\=/Users/mac/Baci-app/apps/mobile-storefront/ios/Pods
    export PODS_TARGET_SRCROOT\=/Users/mac/Baci-app/apps/mobile-storefront/ios/Pods/hermes-engine
    export PODS_XCFRAMEWORKS_BUILD_DIR\=/Users/mac/Library/Developer/Xcode/DerivedData/Ogabassey-blqylevdfkkrazffwgxycstpmcto/Build/Products/Debug-iphonesimulator/XCFrameworkIntermediates
    export PRECOMPS_INCLUDE_HEADERS_FROM_BUILT_PRODUCTS_DIR\=YES
    export PRECOMP_DESTINATION_DIR\=/Users/mac/Library/Developer/Xcode/DerivedData/Ogabassey-blqylevdfkkrazffwgxycstpmcto/Build/Intermediates.noindex/Pods.build/Debug-iphonesimulator/hermes-engine.build/PrefixHeaders
    export PROCESSED_INFOPLIST_PATH\=/Users/mac/Library/Developer/Xcode/DerivedData/Ogabassey-blqylevdfkkrazffwgxycstpmcto/Build/Intermediates.noindex/Pods.build/Debug-iphonesimulator/hermes-engine.build/Objects-normal/undefined_arch/Processed-Info.plist
    export PRODUCT_BUNDLE_IDENTIFIER\=org.cocoapods.hermes-engine
    export PRODUCT_MODULE_NAME\=hermes_engine
    export PRODUCT_NAME\=hermes-engine
    export PRODUCT_SETTINGS_PATH\=
    export PROFILING_CODE\=NO
    export PROJECT\=Pods
    export PROJECT_DERIVED_FILE_DIR\=/Users/mac/Library/Developer/Xcode/DerivedData/Ogabassey-blqylevdfkkrazffwgxycstpmcto/Build/Intermediates.noindex/Pods.build/DerivedSources
    export PROJECT_DIR\=/Users/mac/Baci-app/apps/mobile-storefront/ios/Pods
    export PROJECT_FILE_PATH\=/Users/mac/Baci-app/apps/mobile-storefront/ios/Pods/Pods.xcodeproj
    export PROJECT_GUID\=8699adb1dd336b26511df848a716bd42
    export PROJECT_NAME\=Pods
    export PROJECT_TEMP_DIR\=/Users/mac/Library/Developer/Xcode/DerivedData/Ogabassey-blqylevdfkkrazffwgxycstpmcto/Build/Intermediates.noindex/Pods.build
    export PROJECT_TEMP_ROOT\=/Users/mac/Library/Developer/Xcode/DerivedData/Ogabassey-blqylevdfkkrazffwgxycstpmcto/Build/Intermediates.noindex
    export REACT_NATIVE_PATH\=/Users/mac/Baci-app/apps/mobile-storefront/ios/Pods/../../node_modules/react-native
    export RECOMMENDED_IPHONEOS_DEPLOYMENT_TARGET\=15.0
    export RECURSIVE_SEARCH_PATHS_FOLLOW_SYMLINKS\=YES
    export REMOVE_CVS_FROM_RESOURCES\=YES
    export REMOVE_GIT_FROM_RESOURCES\=YES
    export REMOVE_HEADERS_FROM_EMBEDDED_BUNDLES\=YES
    export REMOVE_HG_FROM_RESOURCES\=YES
    export REMOVE_STATIC_EXECUTABLES_FROM_EMBEDDED_BUNDLES\=YES
    export REMOVE_SVN_FROM_RESOURCES\=YES
    export RESCHEDULE_INDEPENDENT_HEADERS_PHASES\=YES
    export REZ_COLLECTOR_DIR\=/Users/mac/Library/Developer/Xcode/DerivedData/Ogabassey-blqylevdfkkrazffwgxycstpmcto/Build/Intermediates.noindex/Pods.build/Debug-iphonesimulator/hermes-engine.build/ResourceManagerResources
    export REZ_OBJECTS_DIR\=/Users/mac/Library/Developer/Xcode/DerivedData/Ogabassey-blqylevdfkkrazffwgxycstpmcto/Build/Intermediates.noindex/Pods.build/Debug-iphonesimulator/hermes-engine.build/ResourceManagerResources/Objects
    export RUNTIME_EXCEPTION_ALLOW_DYLD_ENVIRONMENT_VARIABLES\=NO
    export RUNTIME_EXCEPTION_ALLOW_JIT\=NO
    export RUNTIME_EXCEPTION_ALLOW_UNSIGNED_EXECUTABLE_MEMORY\=NO
    export RUNTIME_EXCEPTION_DEBUGGING_TOOL\=NO
    export RUNTIME_EXCEPTION_DISABLE_EXECUTABLE_PAGE_PROTECTION\=NO
    export RUNTIME_EXCEPTION_DISABLE_LIBRARY_VALIDATION\=NO
    export SCAN_ALL_SOURCE_FILES_FOR_INCLUDES\=NO
    export SCRIPT_INPUT_FILE_COUNT\=0
    export SCRIPT_INPUT_FILE_LIST_COUNT\=0
    export SCRIPT_OUTPUT_FILE_COUNT\=0
    export SCRIPT_OUTPUT_FILE_LIST_COUNT\=0
    export SDKROOT\=/Applications/Xcode.app/Contents/Developer/Platforms/iPhoneSimulator.platform/Developer/SDKs/iPhoneSimulator26.2.sdk
    export SDK_DIR\=/Applications/Xcode.app/Contents/Developer/Platforms/iPhoneSimulator.platform/Developer/SDKs/iPhoneSimulator26.2.sdk
    export SDK_DIR_iphonesimulator\=/Applications/Xcode.app/Contents/Developer/Platforms/iPhoneSimulator.platform/Developer/SDKs/iPhoneSimulator26.2.sdk
    export SDK_DIR_iphonesimulator26_2\=/Applications/Xcode.app/Contents/Developer/Platforms/iPhoneSimulator.platform/Developer/SDKs/iPhoneSimulator26.2.sdk
    export SDK_NAME\=iphonesimulator26.2
    export SDK_NAMES\=iphonesimulator26.2
    export SDK_PRODUCT_BUILD_VERSION\=23C53
    export SDK_STAT_CACHE_DIR\=/Users/mac/Library/Developer/Xcode/DerivedData
    export SDK_STAT_CACHE_ENABLE\=YES
    export SDK_STAT_CACHE_PATH\=/Users/mac/Library/Developer/Xcode/DerivedData/SDKStatCaches.noindex/iphonesimulator26.2-23C53-7d00a8b37fbd7999ea79df8ebc024bf0.sdkstatcache
    export SDK_VERSION\=26.2
    export SDK_VERSION_ACTUAL\=260200
    export SDK_VERSION_MAJOR\=260000
    export SDK_VERSION_MINOR\=260200
    export SED\=/usr/bin/sed
    export SEPARATE_STRIP\=NO
    export SEPARATE_SYMBOL_EDIT\=NO
    export SET_DIR_MODE_OWNER_GROUP\=YES
    export SET_FILE_MODE_OWNER_GROUP\=NO
    export SHALLOW_BUNDLE\=NO
    export SHARED_DERIVED_FILE_DIR\=/Users/mac/Library/Developer/Xcode/DerivedData/Ogabassey-blqylevdfkkrazffwgxycstpmcto/Build/Products/Debug-iphonesimulator/hermes-engine/DerivedSources
    export SHARED_PRECOMPS_DIR\=/Users/mac/Library/Developer/Xcode/DerivedData/Ogabassey-blqylevdfkkrazffwgxycstpmcto/Build/Intermediates.noindex/PrecompiledHeaders
    export SKIP_INSTALL\=YES
    export SOURCE_ROOT\=/Users/mac/Baci-app/apps/mobile-storefront/ios/Pods
    export SRCROOT\=/Users/mac/Baci-app/apps/mobile-storefront/ios/Pods
    export STRINGSDATA_DIR\=/Users/mac/Library/Developer/Xcode/DerivedData/Ogabassey-blqylevdfkkrazffwgxycstpmcto/Build/Intermediates.noindex/Pods.build/Debug-iphonesimulator/hermes-engine.build/Objects-normal/undefined_arch
    export STRINGSDATA_ROOT\=/Users/mac/Library/Developer/Xcode/DerivedData/Ogabassey-blqylevdfkkrazffwgxycstpmcto/Build/Intermediates.noindex/Pods.build/Debug-iphonesimulator/hermes-engine.build
    export STRINGS_FILE_INFOPLIST_RENAME\=YES
    export STRINGS_FILE_OUTPUT_ENCODING\=binary
    export STRING_CATALOG_GENERATE_SYMBOLS\=NO
    export STRIP_BITCODE_FROM_COPIED_FILES\=NO
    export STRIP_INSTALLED_PRODUCT\=NO
    export STRIP_STYLE\=all
    export STRIP_SWIFT_SYMBOLS\=YES
    export SUPPORTED_DEVICE_FAMILIES\=1,2
    export SUPPORTED_PLATFORMS\=iphoneos\ iphonesimulator
    export SUPPORTS_TEXT_BASED_API\=NO
    export SUPPRESS_WARNINGS\=NO
    export SWIFT_ACTIVE_COMPILATION_CONDITIONS\=\ DEBUG
    export SWIFT_EMIT_CONST_VALUE_PROTOCOLS\=AppIntent\ EntityQuery\ AppEntity\ TransientEntity\ AppEnum\ AppShortcutProviding\ AppShortcutsProvider\ AnyResolverProviding\ AppIntentsPackage\ DynamicOptionsProvider\ _IntentValueRepresentable\ _AssistantIntentsProvider\ _GenerativeFunctionExtractable\ IntentValueQuery\ Resolver\ AppExtension\ ExtensionPointDefining
    export SWIFT_EMIT_LOC_STRINGS\=NO
    export SWIFT_ENABLE_EXPLICIT_MODULES\=NO
    export SWIFT_OPTIMIZATION_LEVEL\=-Onone
    export SWIFT_PLATFORM_TARGET_PREFIX\=ios
    export SWIFT_RESPONSE_FILE_PATH_normal_arm64\=/Users/mac/Library/Developer/Xcode/DerivedData/Ogabassey-blqylevdfkkrazffwgxycstpmcto/Build/Intermediates.noindex/Pods.build/Debug-iphonesimulator/hermes-engine.build/Objects-normal/arm64/hermes-engine.SwiftFileList
    export SWIFT_RESPONSE_FILE_PATH_normal_x86_64\=/Users/mac/Library/Developer/Xcode/DerivedData/Ogabassey-blqylevdfkkrazffwgxycstpmcto/Build/Intermediates.noindex/Pods.build/Debug-iphonesimulator/hermes-engine.build/Objects-normal/x86_64/hermes-engine.SwiftFileList
    export SWIFT_VERSION\=5.0
    export SYMROOT\=/Users/mac/Library/Developer/Xcode/DerivedData/Ogabassey-blqylevdfkkrazffwgxycstpmcto/Build/Products
    export SYSTEM_ADMIN_APPS_DIR\=/Applications/Utilities
    export SYSTEM_APPS_DIR\=/Applications
    export SYSTEM_CORE_SERVICES_DIR\=/System/Library/CoreServices
    export SYSTEM_DEMOS_DIR\=/Applications/Extras
    export SYSTEM_DEVELOPER_APPS_DIR\=/Applications/Xcode.app/Contents/Developer/Applications
    export SYSTEM_DEVELOPER_BIN_DIR\=/Applications/Xcode.app/Contents/Developer/usr/bin
    export SYSTEM_DEVELOPER_DEMOS_DIR\=/Applications/Xcode.app/Contents/Developer/Applications/Utilities/Built\ Examples
    export SYSTEM_DEVELOPER_DIR\=/Applications/Xcode.app/Contents/Developer
    export SYSTEM_DEVELOPER_DOC_DIR\=/Applications/Xcode.app/Contents/Developer/ADC\ Reference\ Library
    export SYSTEM_DEVELOPER_GRAPHICS_TOOLS_DIR\=/Applications/Xcode.app/Contents/Developer/Applications/Graphics\ Tools
    export SYSTEM_DEVELOPER_JAVA_TOOLS_DIR\=/Applications/Xcode.app/Contents/Developer/Applications/Java\ Tools
    export SYSTEM_DEVELOPER_PERFORMANCE_TOOLS_DIR\=/Applications/Xcode.app/Contents/Developer/Applications/Performance\ Tools
    export SYSTEM_DEVELOPER_RELEASENOTES_DIR\=/Applications/Xcode.app/Contents/Developer/ADC\ Reference\ Library/releasenotes
    export SYSTEM_DEVELOPER_TOOLS\=/Applications/Xcode.app/Contents/Developer/Tools
    export SYSTEM_DEVELOPER_TOOLS_DOC_DIR\=/Applications/Xcode.app/Contents/Developer/ADC\ Reference\ Library/documentation/DeveloperTools
    export SYSTEM_DEVELOPER_TOOLS_RELEASENOTES_DIR\=/Applications/Xcode.app/Contents/Developer/ADC\ Reference\ Library/releasenotes/DeveloperTools
    export SYSTEM_DEVELOPER_USR_DIR\=/Applications/Xcode.app/Contents/Developer/usr
    export SYSTEM_DEVELOPER_UTILITIES_DIR\=/Applications/Xcode.app/Contents/Developer/Applications/Utilities
    export SYSTEM_DEXT_INSTALL_PATH\=/System/Library/DriverExtensions
    export SYSTEM_DOCUMENTATION_DIR\=/Library/Documentation
    export SYSTEM_KEXT_INSTALL_PATH\=/System/Library/Extensions
    export SYSTEM_LIBRARY_DIR\=/System/Library
    export TAPI_DEMANGLE\=YES
    export TAPI_ENABLE_PROJECT_HEADERS\=NO
    export TAPI_LANGUAGE\=objective-c
    export TAPI_LANGUAGE_STANDARD\=compiler-default
    export TAPI_USE_SRCROOT\=YES
    export TAPI_VERIFY_MODE\=Pedantic
    export TARGETED_DEVICE_FAMILY\=1,2
    export TARGETNAME\=hermes-engine
    export TARGET_BUILD_DIR\=/Users/mac/Library/Developer/Xcode/DerivedData/Ogabassey-blqylevdfkkrazffwgxycstpmcto/Build/Products/Debug-iphonesimulator/hermes-engine
    export TARGET_NAME\=hermes-engine
    export TARGET_TEMP_DIR\=/Users/mac/Library/Developer/Xcode/DerivedData/Ogabassey-blqylevdfkkrazffwgxycstpmcto/Build/Intermediates.noindex/Pods.build/Debug-iphonesimulator/hermes-engine.build
    export TEMP_DIR\=/Users/mac/Library/Developer/Xcode/DerivedData/Ogabassey-blqylevdfkkrazffwgxycstpmcto/Build/Intermediates.noindex/Pods.build/Debug-iphonesimulator/hermes-engine.build
    export TEMP_FILES_DIR\=/Users/mac/Library/Developer/Xcode/DerivedData/Ogabassey-blqylevdfkkrazffwgxycstpmcto/Build/Intermediates.noindex/Pods.build/Debug-iphonesimulator/hermes-engine.build
    export TEMP_FILE_DIR\=/Users/mac/Library/Developer/Xcode/DerivedData/Ogabassey-blqylevdfkkrazffwgxycstpmcto/Build/Intermediates.noindex/Pods.build/Debug-iphonesimulator/hermes-engine.build
    export TEMP_ROOT\=/Users/mac/Library/Developer/Xcode/DerivedData/Ogabassey-blqylevdfkkrazffwgxycstpmcto/Build/Intermediates.noindex
    export TEMP_SANDBOX_DIR\=/Users/mac/Library/Developer/Xcode/DerivedData/Ogabassey-blqylevdfkkrazffwgxycstpmcto/Build/Intermediates.noindex/TemporaryTaskSandboxes
    export TEST_FRAMEWORK_SEARCH_PATHS\=\ /Applications/Xcode.app/Contents/Developer/Platforms/iPhoneSimulator.platform/Developer/Library/Frameworks\ /Applications/Xcode.app/Contents/Developer/Platforms/iPhoneSimulator.platform/Developer/SDKs/iPhoneSimulator26.2.sdk/Developer/Library/Frameworks
    export TEST_LIBRARY_SEARCH_PATHS\=\ /Applications/Xcode.app/Contents/Developer/Platforms/iPhoneSimulator.platform/Developer/usr/lib
    export TOOLCHAINS\=com.apple.dt.toolchain.XcodeDefault
    export TOOLCHAIN_DIR\=/Applications/Xcode.app/Contents/Developer/Toolchains/XcodeDefault.xctoolchain
    export TREAT_MISSING_BASELINES_AS_TEST_FAILURES\=NO
    export TREAT_MISSING_SCRIPT_PHASE_OUTPUTS_AS_ERRORS\=NO
    export UID\=501
    export UNINSTALLED_PRODUCTS_DIR\=/Users/mac/Library/Developer/Xcode/DerivedData/Ogabassey-blqylevdfkkrazffwgxycstpmcto/Build/Intermediates.noindex/UninstalledProducts
    export UNSTRIPPED_PRODUCT\=NO
    export USER\=mac
    export USER_APPS_DIR\=/Users/mac/Applications
    export USER_LIBRARY_DIR\=/Users/mac/Library
    export USE_DYNAMIC_NO_PIC\=YES
    export USE_HEADERMAP\=YES
    export USE_HEADER_SYMLINKS\=NO
    export USE_HERMES\=true
    export USE_RECURSIVE_SCRIPT_INPUTS_IN_SCRIPT_PHASES\=YES
    export VALIDATE_DEVELOPMENT_ASSET_PATHS\=YES_ERROR
    export VALIDATE_PRODUCT\=NO
    export VALID_ARCHS\=arm64\ x86_64
    export VERBOSE_PBXCP\=NO
    export VERSION_INFO_BUILDER\=mac
    export VERSION_INFO_FILE\=hermes-engine_vers.c
    export VERSION_INFO_STRING\=\"@\(\#\)PROGRAM:hermes-engine\ \ PROJECT:Pods-\"
    export WORKSPACE_DIR\=/Users/mac/Baci-app/apps/mobile-storefront/ios
    export WRAP_ASSET_PACKS_IN_SEPARATE_DIRECTORIES\=NO
    export XCODE_APP_SUPPORT_DIR\=/Applications/Xcode.app/Contents/Developer/Library/Xcode
    export XCODE_PRODUCT_BUILD_VERSION\=17C52
    export XCODE_VERSION_ACTUAL\=2620
    export XCODE_VERSION_MAJOR\=2600
    export XCODE_VERSION_MINOR\=2620
    export XPCSERVICES_FOLDER_PATH\=/XPCServices
    export YACC\=yacc
    export _DISCOVER_COMMAND_LINE_LINKER_INPUTS\=YES
    export _DISCOVER_COMMAND_LINE_LINKER_INPUTS_INCLUDE_WL\=YES
    export _LD_MULTIARCH\=YES
    export __DIAGNOSE_DEPRECATED_ARCHS\=YES
    export arch\=undefined_arch
    export variant\=normal
    /bin/sh -c /Users/mac/Library/Developer/Xcode/DerivedData/Ogabassey-blqylevdfkkrazffwgxycstpmcto/Build/Intermediates.noindex/Pods.build/Debug-iphonesimulator/hermes-engine.build/Script-46EB2E000361A0.sh
